url,name,price,check_in_date,scraped_at,search_url,property_id,borough,city,score,rating,reviews
https://www.booking.com/hotel/gb/brit-hotels-earls-court.html?aid=304142&label=gen173nr-10CAQoggJCDXNlYXJjaF9sb25kb25IM1gEaPQBiAEBmAEzuAEXyAEM2AED6AEB-AEBiAIBqAIBuAK-zuvVBsACAdICJGFhMjY4NjU1LWI5MTQtNDIzOC1iY2MxLThkMTc2ZGY1MTZiM9gCAeACAQ&ucfs=1&arphpl=1&checkin=2026-10-13&checkout=2026-10-14&group_adults=2&req_adults=2&no_rooms=1&group_children=0&req_children=0&hpos=1&hapos=1&sr_order=popularity&srpvid=21039c9fdc8c0948&srepoch=1790634136&all_sr_blocks=1371588403_409357801_0_0_0&highlighted_blocks=1371588403_409357801_0_0_0&matching_block_id=1371588403_409357801_0_0_0&sr_pri_blocks=1371588403_409357801_0_0_0__20300&from=searchresults,Brit Hotels Earls Court,269,2026-10-13,2026-09-29T05:22:56.017755,https://www.booking.com/searchresults.html?ss=London&group_adults=2&no_rooms=1&group_children=0&checkin=2026-10-13&checkout=2026-10-14&selected_currency=USD&chal_t=1790633780949&force_referer=,brit-hotels-earls-court,Kensington and Chelsea,London,8.3,Very Good,734
https://www.booking.com/hotel/gb/lancaster-gate.html?aid=304142&label=gen173nr-10CAQoggJCDXNlYXJjaF9sb25kb25IM1gEaPQBiAEBmAEzuAEXyAEM2AED6AEB-AEBiAIBqAIBuAK-zuvVBsACAdICJGFhMjY4NjU1LWI5MTQtNDIzOC1iY2MxLThkMTc2ZGY1MTZiM9gCAeACAQ&ucfs=1&arphpl=1&checkin=2026-10-13&checkout=2026-10-14&group_adults=2&req_adults=2&no_rooms=1&group_children=0&req_children=0&hpos=2&hapos=2&sr_order=popularity&srpvid=21039c9fdc8c0948&srepoch=1790634136&all_sr_blocks=25896401_112721190_2_2_0&highlighted_blocks=25896401_112721190_2_2_0&matching_block_id=25896401_112721190_2_2_0&sr_pri_blocks=25896401_112721190_2_2_0__22900&from_sustainable_property_sr=1&from=searchresults,Lancaster Gate Hotel,303,2026-10-13,2026-09-29T05:22:56.200365,https://www.booking.com/searchresults.html?ss=London&group_adults=2&no_rooms=1&group_children=0&checkin=2026-10-13&checkout=2026-10-14&selected_currency=USD&chal_t=1790633780949&force_referer=,lancaster-gate,Westminster Borough,London,7.2,Good,9222
https://www.booking.com/hotel/gb/riu-plaza-london-victoria.html?aid=304142&label=gen173nr-10CAQoggJCDXNlYXJjaF9sb25kb25IM1gEaPQBiAEBmAEzuAEXyAEM2AED6AEB-AEBiAIBqAIBuAK-zuvVBsACAdICJGFhMjY4NjU1LWI5MTQtNDIzOC1iY2MxLThkMTc2ZGY1MTZiM9gCAeACAQ&ucfs=1&arphpl=1&checkin=2026-10-13&checkout=2026-10-14&group_adults=2&req_adults=2&no_rooms=1&group_children=0&req_children=0&hpos=3&hapos=3&sr_order=popularity&srpvid=21039c9fdc8c0948&srepoch=1790634136&all_sr_blocks=863457319_354383327_2_1_0_125159&highlighted_blocks=863457319_354383327_2_1_0_125159&matching_block_id=863457319_354383327_2_1_0_125159&sr_pri_blocks=863457319_354383327_2_1_0_125159_41706&from_sustainable_property_sr=1&from=searchresults,Riu Plaza London Victoria,553,2026-10-13,2026-09-29T05:22:56.302497,https://www.booking.com/searchresults.html?ss=London&group_adults=2&no_rooms=1&group_children=0&checkin=2026-10-13&checkout=2026-10-14&selected_currency=USD&chal_t=1790633780949&force_referer=,riu-plaza-london-victoria,Westminster Borough,London,8.6,Excellent,15378
https://www.booking.com/hotel/gb/ibis-london-city.html?aid=304142&label=gen173nr-10CAQoggJCDXNlYXJjaF9sb25kb25IM1gEaPQBiAEBmAEzuAEXyAEM2AED6AEB-AEBiAIBqAIBuAK-zuvVBsACAdICJGFhMjY4NjU1LWI5MTQtNDIzOC1iY2MxLThkMTc2ZGY1MTZiM9gCAeACAQ&ucfs=1&arphpl=1&checkin=2026-10-13&checkout=2026-10-14&group_adults=2&req_adults=2&no_rooms=1&group_children=0&req_children=0&hpos=4&hapos=4&sr_order=popularity&srpvid=21039c9fdc8c0948&srepoch=1790634136&all_sr_blocks=4618312_94268304_2_2_0&highlighted_blocks=4618312_94268304_2_2_0&matching_block_id=4618312_94268304_2_2_0&sr_pri_blocks=4618312_94268304_2_2_0__45100&from_sustainable_property_sr=1&from=searchresults,ibis London City - Shoreditch,598,2026-10-13,2026-09-29T05:22:56.393239,https://www.booking.com/searchresults.html?ss=London&group_adults=2&no_rooms=1&group_children=0&checkin=2026-10-13&checkout=2026-10-14&selected_currency=USD&chal_t=1790633780949&force_referer=,ibis-london-city,Tower Hamlets,London,8.1,Very Good,6553
https://www.booking.com/hotel/gb/sunborn-london.html?aid=304142&label=gen173nr-10CAQoggJCDXNlYXJjaF9sb25kb25IM1gEaPQBiAEBmAEzuAEXyAEM2AED6AEB-AEBiAIBqAIBuAK-zuvVBsACAdICJGFhMjY4NjU1LWI5MTQtNDIzOC1iY2MxLThkMTc2ZGY1MTZiM9gCAeACAQ&ucfs=1&arphpl=1&checkin=2026-10-13&checkout=2026-10-14&group_adults=2&req_adults=2&no_rooms=1&group_children=0&req_children=0&hpos=5&hapos=5&sr_order=popularity&srpvid=21039c9fdc8c0948&srepoch=1790634136&all_sr_blocks=105525910_92494585_2_2_0&highlighted_blocks=105525910_92494585_2_2_0&matching_block_id=105525910_92494585_2_2_0&sr_pri_blocks=105525910_92494585_2_2_0__30150&from_sustainable_property_sr=1&from=searchresults,Sunborn London Yacht Hotel,399,2026-10-13,2026-09-29T05:22:56.493018,https://www.booking.com/searchresults.html?ss=London&group_adults=2&no_rooms=1&group_children=0&checkin=2026-10-13&checkout=2026-10-14&selected_currency=USD&chal_t=1790633780949&force_referer=,sunborn-london,Newham,London,8.8,Excellent,6053
https://www.booking.com/hotel/gb/aparthotel-adagio-london-city-east.html?aid=304142&label=gen173nr-10CAQoggJCDXNlYXJjaF9sb25kb25IM1gEaPQBiAEBmAEzuAEXyAEM2AED6AEB-AEBiAIBqAIBuAK-zuvVBsACAdICJGFhMjY4NjU1LWI5MTQtNDIzOC1iY2MxLThkMTc2ZGY1MTZiM9gCAeACAQ&ucfs=1&arphpl=1&checkin=2026-10-13&checkout=2026-10-14&group_adults=2&req_adults=2&no_rooms=1&group_children=0&req_children=0&hpos=6&hapos=6&sr_order=popularity&srpvid=21039c9fdc8c0948&srepoch=1790634136&all_sr_blocks=1316139204_404379459_2_2_0&highlighted_blocks=1316139204_404379459_2_2_0&matching_block_id=1316139204_404379459_2_2_0&sr_pri_blocks=1316139204_404379459_2_2_0__29260&from_sustainable_property_sr=1&from=searchresults,Aparthotel Adagio London City East,388,2026-10-13,2026-09-29T05:22:56.618526,https://www.booking.com/searchresults.html?ss=London&group_adults=2&no_rooms=1&group_children=0&checkin=2026-10-13&checkout=2026-10-14&selected_currency=USD&chal_t=1790633780949&force_referer=,aparthotel-adagio-london-city-east,Tower Hamlets,London,8.8,Excellent,674
https://www.booking.com/hotel/gb/guestready-crescent.html?aid=304142&label=gen173nr-10CAQoggJCDXNlYXJjaF9sb25kb25IM1gEaPQBiAEBmAEzuAEXyAEM2AED6AEB-AEBiAIBqAIBuAK-zuvVBsACAdICJGFhMjY4NjU1LWI5MTQtNDIzOC1iY2MxLThkMTc2ZGY1MTZiM9gCAeACAQ&ucfs=1&arphpl=1&checkin=2026-10-13&checkout=2026-10-14&group_adults=2&req_adults=2&no_rooms=1&group_children=0&req_children=0&hpos=7&hapos=7&sr_order=popularity&srpvid=21039c9fdc8c0948&srepoch=1790634136&all_sr_blocks=1656385505_437571162_2_0_0&highlighted_blocks=1656385505_437571162_2_0_0&matching_block_id=1656385505_437571162_2_0_0&sr_pri_blocks=1656385505_437571162_2_0_0__24056&from=searchresults,GuestReady - The Crescent,319,2026-10-13,2026-09-29T05:22:56.737165,https://www.booking.com/searchresults.html?ss=London&group_adults=2&no_rooms=1&group_children=0&checkin=2026-10-13&checkout=2026-10-14&selected_currency=USD&chal_t=1790633780949&force_referer=,guestready-crescent,Camden,London,7.9,Good,83
https://www.booking.com/hotel/gb/thistlemarblearch.html?aid=304142&label=gen173nr-10CAQoggJCDXNlYXJjaF9sb25kb25IM1gEaPQBiAEBmAEzuAEXyAEM2AED6AEB-AEBiAIBqAIBuAK-zuvVBsACAdICJGFhMjY4NjU1LWI5MTQtNDIzOC1iY2MxLThkMTc2ZGY1MTZiM9gCAeACAQ&ucfs=1&arphpl=1&checkin=2026-10-13&checkout=2026-10-14&group_adults=2&req_adults=2&no_rooms=1&group_children=0&req_children=0&hpos=8&hapos=8&sr_order=popularity&srpvid=21039c9fdc8c0948&srepoch=1790634136&all_sr_blocks=22058807_99043385_0_2_0&highlighted_blocks=22058807_99043385_0_2_0&matching_block_id=22058807_99043385_0_2_0&sr_pri_blocks=22058807_99043385_0_2_0__34020&from_sustainable_property_sr=1&from=searchresults,"The Marble Arch Hotel, by Thistle",451,2026-10-13,2026-09-29T05:22:57.108873,https://www.booking.com/searchresults.html?ss=London&group_adults=2&no_rooms=1&group_children=0&checkin=2026-10-13&checkout=2026-10-14&selected_currency=USD&chal_t=1790633780949&force_referer=,thistlemarblearch,Westminster Borough,London,7.7,Good,9006
https://www.booking.com/hotel/gb/copthornetara.html?aid=304142&label=gen173nr-10CAQoggJCDXNlYXJjaF9sb25kb25IM1gEaPQBiAEBmAEzuAEXyAEM2AED6AEB-AEBiAIBqAIBuAK-zuvVBsACAdICJGFhMjY4NjU1LWI5MTQtNDIzOC1iY2MxLThkMTc2ZGY1MTZiM9gCAeACAQ&ucfs=1&arphpl=1&checkin=2026-10-13&checkout=2026-10-14&group_adults=2&req_adults=2&no_rooms=1&group_children=0&req_children=0&hpos=9&hapos=9&sr_order=popularity&srpvid=21039c9fdc8c0948&srepoch=1790634136&all_sr_blocks=12342818_99043282_2_2_0&highlighted_blocks=12342818_99043282_2_2_0&matching_block_id=12342818_99043282_2_2_0&sr_pri_blocks=12342818_99043282_2_2_0__19380&from_sustainable_property_sr=1&from=searchresults,Copthorne Tara Hotel London Kensington,257,2026-10-13,2026-09-29T05:22:57.258004,https://www.booking.com/searchresults.html?ss=London&group_adults=2&no_rooms=1&group_children=0&checkin=2026-10-13&checkout=2026-10-14&selected_currency=USD&chal_t=1790633780949&force_referer=,copthornetara,Kensington and Chelsea,London,7.3,Good,8212
https://www.booking.com/hotel/gb/royal-national.html?aid=304142&label=gen173nr-10CAQoggJCDXNlYXJjaF9sb25kb25IM1gEaPQBiAEBmAEzuAEXyAEM2AED6AEB-AEBiAIBqAIBuAK-zuvVBsACAdICJGFhMjY4NjU1LWI5MTQtNDIzOC1iY2MxLThkMTc2ZGY1MTZiM9gCAeACAQ&ucfs=1&arphpl=1&checkin=2026-10-13&checkout=2026-10-14&group_adults=2&req_adults=2&no_rooms=1&group_children=0&req_children=0&hpos=10&hapos=10&sr_order=popularity&srpvid=21039c9fdc8c0948&srepoch=1790634136&all_sr_blocks=924737005_0_2_0_0&highlighted_blocks=924737005_0_2_0_0&matching_block_id=924737005_0_2_0_0&sr_pri_blocks=924737005_0_2_0_0__20726&from_sustainable_property_sr=1&from=searchresults,Royal National Hotel,275,2026-10-13,2026-09-29T05:22:57.336068,https://www.booking.com/searchresults.html?ss=London&group_adults=2&no_rooms=1&group_children=0&checkin=2026-10-13&checkout=2026-10-14&selected_currency=USD&chal_t=1790633780949&force_referer=,royal-national,Camden,London,7.8,Good,19411
https://www.booking.com/hotel/gb/novotellondonctiysouth.html?aid=304142&label=gen173nr-10CAQoggJCDXNlYXJjaF9sb25kb25IM1gEaPQBiAEBmAEzuAEXyAEM2AED6AEB-AEBiAIBqAIBuAK-zuvVBsACAdICJGFhMjY4NjU1LWI5MTQtNDIzOC1iY2MxLThkMTc2ZGY1MTZiM9gCAeACAQ&ucfs=1&arphpl=1&checkin=2026-10-13&checkout=2026-10-14&group_adults=2&req_adults=2&no_rooms=1&group_children=0&req_children=0&hpos=11&hapos=11&sr_order=popularity&srpvid=21039c9fdc8c0948&srepoch=1790634136&all_sr_blocks=22148304_94352427_2_2_0&highlighted_blocks=22148304_94352427_2_2_0&matching_block_id=22148304_94352427_2_2_0&sr_pri_blocks=22148304_94352427_2_2_0__45100&from_sustainable_property_sr=1&from=searchresults,Novotel London Bridge,598,2026-10-13,2026-09-29T05:22:57.414532,https://www.booking.com/searchresults.html?ss=London&group_adults=2&no_rooms=1&group_children=0&checkin=2026-10-13&checkout=2026-10-14&selected_currency=USD&chal_t=1790633780949&force_referer=,novotellondonctiysouth,Southwark,London,8.6,Excellent,3505
https://www.booking.com/hotel/gb/cityinnwestminster.html?aid=304142&label=gen173nr-10CAQoggJCDXNlYXJjaF9sb25kb25IM1gEaPQBiAEBmAEzuAEXyAEM2AED6AEB-AEBiAIBqAIBuAK-zuvVBsACAdICJGFhMjY4NjU1LWI5MTQtNDIzOC1iY2MxLThkMTc2ZGY1MTZiM9gCAeACAQ&ucfs=1&arphpl=1&checkin=2026-10-13&checkout=2026-10-14&group_adults=2&req_adults=2&no_rooms=1&group_children=0&req_children=0&hpos=12&hapos=12&sr_order=popularity&srpvid=21039c9fdc8c0948&srepoch=1790634136&all_sr_blocks=21789835_91298124_2_1_0&highlighted_blocks=21789835_91298124_2_1_0&matching_block_id=21789835_91298124_2_1_0&sr_pri_blocks=21789835_91298124_2_1_0__34971&from=searchresults,Riu Plaza London The Westminster,463,2026-10-13,2026-09-29T05:22:57.489285,https://www.booking.com/searchresults.html?ss=London&group_adults=2&no_rooms=1&group_children=0&checkin=2026-10-13&checkout=2026-10-14&selected_currency=USD&chal_t=1790633780949&force_referer=,cityinnwestminster,Westminster Borough,London,8.4,Very Good,8552
https://www.booking.com/hotel/gb/expressbyholidayinnsouthwark.html?aid=304142&label=gen173nr-10CAQoggJCDXNlYXJjaF9sb25kb25IM1gEaPQBiAEBmAEzuAEXyAEM2AED6AEB-AEBiAIBqAIBuAK-zuvVBsACAdICJGFhMjY4NjU1LWI5MTQtNDIzOC1iY2MxLThkMTc2ZGY1MTZiM9gCAeACAQ&ucfs=1&arphpl=1&checkin=2026-10-13&checkout=2026-10-14&group_adults=2&req_adults=2&no_rooms=1&group_children=0&req_children=0&hpos=13&hapos=13&sr_order=popularity&srpvid=21039c9fdc8c0948&srepoch=1790634136&all_sr_blocks=13612_91466874_2_1_0&highlighted_blocks=13612_91466874_2_1_0&matching_block_id=13612_91466874_2_1_0&sr_pri_blocks=13612_91466874_2_1_0__37000&from_sustainable_property_sr=1&from=searchresults,Holiday Inn Express Southwark by IHG,490,2026-10-13,2026-09-29T05:22:57.576688,https://www.booking.com/searchresults.html?ss=London&group_adults=2&no_rooms=1&group_children=0&checkin=2026-10-13&checkout=2026-10-14&selected_currency=USD&chal_t=1790633780949&force_referer=,expressbyholidayinnsouthwark,Southwark,London,8.3,Very Good,4796
https://www.booking.com/hotel/gb/park-avenue-baker-street.html?aid=304142&label=gen173nr-10CAQoggJCDXNlYXJjaF9sb25kb25IM1gEaPQBiAEBmAEzuAEXyAEM2AED6AEB-AEBiAIBqAIBuAK-zuvVBsACAdICJGFhMjY4NjU1LWI5MTQtNDIzOC1iY2MxLThkMTc2ZGY1MTZiM9gCAeACAQ&ucfs=1&arphpl=1&checkin=2026-10-13&checkout=2026-10-14&group_adults=2&req_adults=2&no_rooms=1&group_children=0&req_children=0&hpos=14&hapos=14&sr_order=popularity&srpvid=21039c9fdc8c0948&srepoch=1790634136&all_sr_blocks=4911102_93698907_0_2_0_597566&highlighted_blocks=4911102_93698907_0_2_0_597566&matching_block_id=4911102_93698907_0_2_0_597566&sr_pri_blocks=4911102_93698907_0_2_0_597566_24428&from=searchresults,Park Avenue Baker Street,324,2026-10-13,2026-09-29T05:22:57.672146,https://www.booking.com/searchresults.html?ss=London&group_adults=2&no_rooms=1&group_children=0&checkin=2026-10-13&checkout=2026-10-14&selected_currency=USD&chal_t=1790633780949&force_referer=,park-avenue-baker-street,Westminster Borough,London,7.9,Good,3631
https://www.booking.com/hotel/gb/leman-locke.html?aid=304142&label=gen173nr-10CAQoggJCDXNlYXJjaF9sb25kb25IM1gEaPQBiAEBmAEzuAEXyAEM2AED6AEB-AEBiAIBqAIBuAK-zuvVBsACAdICJGFhMjY4NjU1LWI5MTQtNDIzOC1iY2MxLThkMTc2ZGY1MTZiM9gCAeACAQ&ucfs=1&arphpl=1&checkin=2026-10-13&checkout=2026-10-14&group_adults=2&req_adults=2&no_rooms=1&group_children=0&req_children=0&hpos=15&hapos=15&sr_order=popularity&srpvid=21039c9fdc8c0948&srepoch=1790634136&all_sr_blocks=192059206_93084447_2_2_0_1177138&highlighted_blocks=192059206_93084447_2_2_0_1177138&matching_block_id=192059206_93084447_2_2_0_1177138&sr_pri_blocks=192059206_93084447_2_2_0_1177138_40800&from=searchresults,Leman Locke,541,2026-10-13,2026-09-29T05:22:57.757237,https://www.booking.com/searchresults.html?ss=London&group_adults=2&no_rooms=1&group_children=0&checkin=2026-10-13&checkout=2026-10-14&selected_currency=USD&chal_t=1790633780949&force_referer=,leman-locke,Tower Hamlets,London,8.2,Very Good,984
https://www.booking.com/hotel/gb/motel-one-london-tower-hill.html?aid=304142&label=gen173nr-10CAQoggJCDXNlYXJjaF9sb25kb25IM1gEaPQBiAEBmAEzuAEXyAEM2AED6AEB-AEBiAIBqAIBuAK-zuvVBsACAdICJGFhMjY4NjU1LWI5MTQtNDIzOC1iY2MxLThkMTc2ZGY1MTZiM9gCAeACAQ&ucfs=1&arphpl=1&checkin=2026-10-13&checkout=2026-10-14&group_adults=2&req_adults=2&no_rooms=1&group_children=0&req_children=0&hpos=16&hapos=16&sr_order=popularity&srpvid=21039c9fdc8c0948&srepoch=1790634136&all_sr_blocks=113831001_421472603_2_2_0&highlighted_blocks=113831001_421472603_2_2_0&matching_block_id=113831001_421472603_2_2_0&sr_pri_blocks=113831001_421472603_2_2_0__34467&from=searchresults,Motel One London-Tower Hill,457,2026-10-13,2026-09-29T05:22:57.872005,https://www.booking.com/searchresults.html?ss=London&group_adults=2&no_rooms=1&group_children=0&checkin=2026-10-13&checkout=2026-10-14&selected_currency=USD&chal_t=1790633780949&force_referer=,motel-one-london-tower-hill,City of London,London,8.6,Excellent,6821
https://www.booking.com/hotel/gb/kings-wardrobe.html?aid=304142&label=gen173nr-10CAQoggJCDXNlYXJjaF9sb25kb25IM1gEaPQBiAEBmAEzuAEXyAEM2AED6AEB-AEBiAIBqAIBuAK-zuvVBsACAdICJGFhMjY4NjU1LWI5MTQtNDIzOC1iY2MxLThkMTc2ZGY1MTZiM9gCAeACAQ&ucfs=1&arphpl=1&checkin=2026-10-13&checkout=2026-10-14&group_adults=2&req_adults=2&no_rooms=1&group_children=0&req_children=0&hpos=17&hapos=17&sr_order=popularity&srpvid=21039c9fdc8c0948&srepoch=1790634136&all_sr_blocks=27708637_0_2_0_0&highlighted_blocks=27708637_0_2_0_0&matching_block_id=27708637_0_2_0_0&sr_pri_blocks=27708637_0_2_0_0__43550&from=searchresults,"Native Kings Wardrobe, St Pauls",577,2026-10-13,2026-09-29T05:22:57.971745,https://www.booking.com/searchresults.html?ss=London&group_adults=2&no_rooms=1&group_children=0&checkin=2026-10-13&checkout=2026-10-14&selected_currency=USD&chal_t=1790633780949&force_referer=,kings-wardrobe,City of London,London,9.0,Wonderful,1296
https://www.booking.com/hotel/gb/wilde-aparthotels-london-aldgate-tower-bridge.html?aid=304142&label=gen173nr-10CAQoggJCDXNlYXJjaF9sb25kb25IM1gEaPQBiAEBmAEzuAEXyAEM2AED6AEB-AEBiAIBqAIBuAK-zuvVBsACAdICJGFhMjY4NjU1LWI5MTQtNDIzOC1iY2MxLThkMTc2ZGY1MTZiM9gCAeACAQ&ucfs=1&arphpl=1&checkin=2026-10-13&checkout=2026-10-14&group_adults=2&req_adults=2&no_rooms=1&group_children=0&req_children=0&hpos=18&hapos=18&sr_order=popularity&srpvid=21039c9fdc8c0948&srepoch=1790634136&all_sr_blocks=766171211_334121027_2_2_0_384334&highlighted_blocks=766171211_334121027_2_2_0_384334&matching_block_id=766171211_334121027_2_2_0_384334&sr_pri_blocks=766171211_334121027_2_2_0_384334_34833&from=searchresults,Wilde Aparthotels London Aldgate Tower Bridge,462,2026-10-13,2026-09-29T05:22:58.077604,https://www.booking.com/searchresults.html?ss=London&group_adults=2&no_rooms=1&group_children=0&checkin=2026-10-13&checkout=2026-10-14&selected_currency=USD&chal_t=1790633780949&force_referer=,wilde-aparthotels-london-aldgate-tower-bridge,Tower Hamlets,London,8.6,Excellent,3105
https://www.booking.com/hotel/gb/nox-hyde-park.html?aid=304142&label=gen173nr-10CAQoggJCDXNlYXJjaF9sb25kb25IM1gEaPQBiAEBmAEzuAEXyAEM2AED6AEB-AEBiAIBqAIBuAK-zuvVBsACAdICJGFhMjY4NjU1LWI5MTQtNDIzOC1iY2MxLThkMTc2ZGY1MTZiM9gCAeACAQ&ucfs=1&arphpl=1&checkin=2026-10-13&checkout=2026-10-14&group_adults=2&req_adults=2&no_rooms=1&group_children=0&req_children=0&hpos=19&hapos=19&sr_order=popularity&srpvid=21039c9fdc8c0948&srepoch=1790634136&all_sr_blocks=3527012_95156421_2_0_0&highlighted_blocks=3527012_95156421_2_0_0&matching_block_id=3527012_95156421_2_0_0&sr_pri_blocks=3527012_95156421_2_0_0__13658&from=searchresults,NOX Hyde Park,181,2026-10-13,2026-09-29T05:22:58.259187,https://www.booking.com/searchresults.html?ss=London&group_adults=2&no_rooms=1&group_children=0&checkin=2026-10-13&checkout=2026-10-14&selected_currency=USD&chal_t=1790633780949&force_referer=,nox-hyde-park,Westminster Borough,London,7.9,Good,802
https://www.booking.com/hotel/gb/amano-covent-garden-greater-london1.html?aid=304142&label=gen173nr-10CAQoggJCDXNlYXJjaF9sb25kb25IM1gEaPQBiAEBmAEzuAEXyAEM2AED6AEB-AEBiAIBqAIBuAK-zuvVBsACAdICJGFhMjY4NjU1LWI5MTQtNDIzOC1iY2MxLThkMTc2ZGY1MTZiM9gCAeACAQ&ucfs=1&arphpl=1&checkin=2026-10-13&checkout=2026-10-14&group_adults=2&req_adults=2&no_rooms=1&group_children=0&req_children=0&hpos=20&hapos=20&sr_order=popularity&srpvid=21039c9fdc8c0948&srepoch=1790634136&all_sr_blocks=820394401_443885609_2_2_0_244951&highlighted_blocks=820394401_443885609_2_2_0_244951&matching_block_id=820394401_443885609_2_2_0_244951&sr_pri_blocks=820394401_443885609_2_2_0_244951_42000&from_sustainable_property_sr=1&from=searchresults,Hotel AMANO Covent Garden,556,2026-10-13,2026-09-29T05:22:58.376958,https://www.booking.com/searchresults.html?ss=London&group_adults=2&no_rooms=1&group_children=0&checkin=2026-10-13&checkout=2026-10-14&selected_currency=USD&chal_t=1790633780949&force_referer=,amano-covent-garden-greater-london1,Westminster Borough,London,8.5,Very Good,8850
https://www.booking.com/hotel/gb/cromwell-international-hotel.html?aid=304142&label=gen173nr-10CAQoggJCDXNlYXJjaF9sb25kb25IM1gEaPQBiAEBmAEzuAEXyAEM2AED6AEB-AEBiAIBqAIBuAK-zuvVBsACAdICJGFhMjY4NjU1LWI5MTQtNDIzOC1iY2MxLThkMTc2ZGY1MTZiM9gCAeACAQ&ucfs=1&arphpl=1&checkin=2026-10-13&checkout=2026-10-14&group_adults=2&req_adults=2&no_rooms=1&group_children=0&req_children=0&hpos=1&hapos=21&sr_order=popularity&srpvid=21039c9fdc8c0948&srepoch=1790633808&all_sr_blocks=23074806_88652210_0_0_0&highlighted_blocks=23074806_88652210_0_0_0&matching_block_id=23074806_88652210_0_0_0&sr_pri_blocks=23074806_88652210_0_0_0__10800&from=searchresults,Cromwell Hotel,143,2026-10-13,2026-09-29T05:22:58.508680,https://www.booking.com/searchresults.html?ss=London&group_adults=2&no_rooms=1&group_children=0&checkin=2026-10-13&checkout=2026-10-14&selected_currency=USD&chal_t=1790633780949&force_referer=,cromwell-international-hotel,Kensington and Chelsea,London,7.1,Good,3147
https://www.booking.com/hotel/gb/the-derby-london-city-curio-collection-by-hilton.html?aid=304142&label=gen173nr-10CAQoggJCDXNlYXJjaF9sb25kb25IM1gEaPQBiAEBmAEzuAEXyAEM2AED6AEB-AEBiAIBqAIBuAK-zuvVBsACAdICJGFhMjY4NjU1LWI5MTQtNDIzOC1iY2MxLThkMTc2ZGY1MTZiM9gCAeACAQ&ucfs=1&arphpl=1&checkin=2026-10-13&checkout=2026-10-14&group_adults=2&req_adults=2&no_rooms=1&group_children=0&req_children=0&hpos=2&hapos=22&sr_order=popularity&srpvid=21039c9fdc8c0948&srepoch=1790633808&all_sr_blocks=1487713609_420295976_2_0_0&highlighted_blocks=1487713609_420295976_2_0_0&matching_block_id=1487713609_420295976_2_0_0&sr_pri_blocks=1487713609_420295976_2_0_0__67733&from_sustainable_property_sr=1&from=searchresults,"The Derby London City, Curio Collection By Hilton",897,2026-10-13,2026-09-29T05:22:58.593360,https://www.booking.com/searchresults.html?ss=London&group_adults=2&no_rooms=1&group_children=0&checkin=2026-10-13&checkout=2026-10-14&selected_currency=USD&chal_t=1790633780949&force_referer=,the-derby-london-city-curio-collection-by-hilton,City of London,London,8.9,Excellent,194
https://www.booking.com/hotel/gb/safestay.html?aid=304142&label=gen173nr-10CAQoggJCDXNlYXJjaF9sb25kb25IM1gEaPQBiAEBmAEzuAEXyAEM2AED6AEB-AEBiAIBqAIBuAK-zuvVBsACAdICJGFhMjY4NjU1LWI5MTQtNDIzOC1iY2MxLThkMTc2ZGY1MTZiM9gCAeACAQ&ucfs=1&arphpl=1&checkin=2026-10-13&checkout=2026-10-14&group_adults=2&req_adults=2&no_rooms=1&group_children=0&req_children=0&hpos=3&hapos=23&sr_order=popularity&srpvid=21039c9fdc8c0948&srepoch=1790633808&all_sr_blocks=53542935_91932252_4_2_0&highlighted_blocks=53542935_91932252_4_2_0&matching_block_id=53542935_91932252_4_2_0&sr_pri_blocks=53542935_91932252_4_2_0__10614&from=searchresults,Safestay London Elephant & Castle,141,2026-10-13,2026-09-29T05:22:58.707193,https://www.booking.com/searchresults.html?ss=London&group_adults=2&no_rooms=1&group_children=0&checkin=2026-10-13&checkout=2026-10-14&selected_currency=USD&chal_t=1790633780949&force_referer=,safestay,Southwark,London,7.2,Good,6171
https://www.booking.com/hotel/gb/indigo-clerkenwell-by-ihg.html?aid=304142&label=gen173nr-10CAQoggJCDXNlYXJjaF9sb25kb25IM1gEaPQBiAEBmAEzuAEXyAEM2AED6AEB-AEBiAIBqAIBuAK-zuvVBsACAdICJGFhMjY4NjU1LWI5MTQtNDIzOC1iY2MxLThkMTc2ZGY1MTZiM9gCAeACAQ&ucfs=1&arphpl=1&checkin=2026-10-13&checkout=2026-10-14&group_adults=2&req_adults=2&no_rooms=1&group_children=0&req_children=0&hpos=4&hapos=24&sr_order=popularity&srpvid=21039c9fdc8c0948&srepoch=1790633808&all_sr_blocks=1405246405_412362516_2_2_0&highlighted_blocks=1405246405_412362516_2_2_0&matching_block_id=1405246405_412362516_2_2_0&sr_pri_blocks=1405246405_412362516_2_2_0__46700&from_sustainable_property_sr=1&from=searchresults,Hotel Indigo London Clerkenwell by IHG,619,2026-10-13,2026-09-29T05:22:58.789309,https://www.booking.com/searchresults.html?ss=London&group_adults=2&no_rooms=1&group_children=0&checkin=2026-10-13&checkout=2026-10-14&selected_currency=USD&chal_t=1790633780949&force_referer=,indigo-clerkenwell-by-ihg,Islington,London,8.9,Excellent,415
https://www.booking.com/hotel/gb/studio-64.html?aid=304142&label=gen173nr-10CAQoggJCDXNlYXJjaF9sb25kb25IM1gEaPQBiAEBmAEzuAEXyAEM2AED6AEB-AEBiAIBqAIBuAK-zuvVBsACAdICJGFhMjY4NjU1LWI5MTQtNDIzOC1iY2MxLThkMTc2ZGY1MTZiM9gCAeACAQ&ucfs=1&arphpl=1&checkin=2026-10-13&checkout=2026-10-14&group_adults=2&req_adults=2&no_rooms=1&group_children=0&req_children=0&hpos=5&hapos=25&sr_order=popularity&srpvid=21039c9fdc8c0948&srepoch=1790633808&all_sr_blocks=1138058902_386549185_3_0_0&highlighted_blocks=1138058902_386549185_3_0_0&matching_block_id=1138058902_386549185_3_0_0&sr_pri_blocks=1138058902_386549185_3_0_0__19000&from=searchresults,Studio 64 Hotel - London Shoreditch & Liverpool Street,252,2026-10-13,2026-09-29T05:22:58.879102,https://www.booking.com/searchresults.html?ss=London&group_adults=2&no_rooms=1&group_children=0&checkin=2026-10-13&checkout=2026-10-14&selected_currency=USD&chal_t=1790633780949&force_referer=,studio-64,Hackney,London,7.2,Good,3042
https://www.booking.com/hotel/gb/corus-the-plaza-on-hyde-park-hotel.html?aid=304142&label=gen173nr-10CAQoggJCDXNlYXJjaF9sb25kb25IM1gEaPQBiAEBmAEzuAEXyAEM2AED6AEB-AEBiAIBqAIBuAK-zuvVBsACAdICJGFhMjY4NjU1LWI5MTQtNDIzOC1iY2MxLThkMTc2ZGY1MTZiM9gCAeACAQ&ucfs=1&arphpl=1&checkin=2026-10-13&checkout=2026-10-14&group_adults=2&req_adults=2&no_rooms=1&group_children=0&req_children=0&hpos=6&hapos=26&sr_order=popularity&srpvid=21039c9fdc8c0948&srepoch=1790633808&all_sr_blocks=21863882_430109137_0_10_0&highlighted_blocks=21863882_430109137_0_10_0&matching_block_id=21863882_430109137_0_10_0&sr_pri_blocks=21863882_430109137_0_10_0__34320&from=searchresults,"Hyde & Seek, London Hyde Park, a Tribute Portfolio Hotel",455,2026-10-13,2026-09-29T05:22:59.022093,https://www.booking.com/searchresults.html?ss=London&group_adults=2&no_rooms=1&group_children=0&checkin=2026-10-13&checkout=2026-10-14&selected_currency=USD&chal_t=1790633780949&force_referer=,corus-the-plaza-on-hyde-park-hotel,Westminster Borough,London,8.3,Very Good,12
https://www.booking.com/hotel/gb/the-welbeck-hotel.html?aid=304142&label=gen173nr-10CAQoggJCDXNlYXJjaF9sb25kb25IM1gEaPQBiAEBmAEzuAEXyAEM2AED6AEB-AEBiAIBqAIBuAK-zuvVBsACAdICJGFhMjY4NjU1LWI5MTQtNDIzOC1iY2MxLThkMTc2ZGY1MTZiM9gCAeACAQ&ucfs=1&arphpl=1&checkin=2026-10-13&checkout=2026-10-14&group_adults=2&req_adults=2&no_rooms=1&group_children=0&req_children=0&hpos=7&hapos=27&sr_order=popularity&srpvid=21039c9fdc8c0948&srepoch=1790633808&all_sr_blocks=4963219_95443469_2_34_0&highlighted_blocks=4963219_95443469_2_34_0&matching_block_id=4963219_95443469_2_34_0&sr_pri_blocks=4963219_95443469_2_34_0__47700&from=searchresults,The Welbeck Hotel,632,2026-10-13,2026-09-29T05:22:59.091754,https://www.booking.com/searchresults.html?ss=London&group_adults=2&no_rooms=1&group_children=0&checkin=2026-10-13&checkout=2026-10-14&selected_currency=USD&chal_t=1790633780949&force_referer=,the-welbeck-hotel,Westminster Borough,London,8.7,Excellent,1769
https://www.booking.com/hotel/gb/park-plaza-county-hall.html?aid=304142&label=gen173nr-10CAQoggJCDXNlYXJjaF9sb25kb25IM1gEaPQBiAEBmAEzuAEXyAEM2AED6AEB-AEBiAIBqAIBuAK-zuvVBsACAdICJGFhMjY4NjU1LWI5MTQtNDIzOC1iY2MxLThkMTc2ZGY1MTZiM9gCAeACAQ&ucfs=1&arphpl=1&checkin=2026-10-13&checkout=2026-10-14&group_adults=2&req_adults=2&no_rooms=1&group_children=0&req_children=0&hpos=8&hapos=28&sr_order=popularity&srpvid=21039c9fdc8c0948&srepoch=1790633808&all_sr_blocks=3527701_95156429_2_2_0&highlighted_blocks=3527701_95156429_2_2_0&matching_block_id=3527701_95156429_2_2_0&sr_pri_blocks=3527701_95156429_2_2_0__36450&from_sustainable_property_sr=1&from=searchresults,Park Plaza County Hall London,483,2026-10-13,2026-09-29T05:22:59.165445,https://www.booking.com/searchresults.html?ss=London&group_adults=2&no_rooms=1&group_children=0&checkin=2026-10-13&checkout=2026-10-14&selected_currency=USD&chal_t=1790633780949&force_referer=,park-plaza-county-hall,Lambeth,London,8.6,Excellent,12463
https://www.booking.com/hotel/gb/lxr-biltmore-mayfair.html?aid=304142&label=gen173nr-10CAQoggJCDXNlYXJjaF9sb25kb25IM1gEaPQBiAEBmAEzuAEXyAEM2AED6AEB-AEBiAIBqAIBuAK-zuvVBsACAdICJGFhMjY4NjU1LWI5MTQtNDIzOC1iY2MxLThkMTc2ZGY1MTZiM9gCAeACAQ&ucfs=1&arphpl=1&checkin=2026-10-13&checkout=2026-10-14&group_adults=2&req_adults=2&no_rooms=1&group_children=0&req_children=0&hpos=9&hapos=29&sr_order=popularity&srpvid=21039c9fdc8c0948&srepoch=1790633808&all_sr_blocks=20070024_91466823_2_2_0&highlighted_blocks=20070024_91466823_2_2_0&matching_block_id=20070024_91466823_2_2_0&sr_pri_blocks=20070024_91466823_2_2_0__58392&from_sustainable_property_sr=1&from=searchresults,The Biltmore Mayfair,774,2026-10-13,2026-09-29T05:22:59.239045,https://www.booking.com/searchresults.html?ss=London&group_adults=2&no_rooms=1&group_children=0&checkin=2026-10-13&checkout=2026-10-14&selected_currency=USD&chal_t=1790633780949&force_referer=,lxr-biltmore-mayfair,Westminster Borough,London,8.6,Excellent,1140
https://www.booking.com/hotel/gb/castleton.html?aid=304142&label=gen173nr-10CAQoggJCDXNlYXJjaF9sb25kb25IM1gEaPQBiAEBmAEzuAEXyAEM2AED6AEB-AEBiAIBqAIBuAK-zuvVBsACAdICJGFhMjY4NjU1LWI5MTQtNDIzOC1iY2MxLThkMTc2ZGY1MTZiM9gCAeACAQ&ucfs=1&arphpl=1&checkin=2026-10-13&checkout=2026-10-14&group_adults=2&req_adults=2&no_rooms=1&group_children=0&req_children=0&hpos=10&hapos=30&sr_order=popularity&srpvid=21039c9fdc8c0948&srepoch=1790633808&all_sr_blocks=3556254_132037077_2_2_0&highlighted_blocks=3556254_132037077_2_2_0&matching_block_id=3556254_132037077_2_2_0&sr_pri_blocks=3556254_132037077_2_2_0__27054&from=searchresults,Grand Concerto Hotel,358,2026-10-13,2026-09-29T05:22:59.458829,https://www.booking.com/searchresults.html?ss=London&group_adults=2&no_rooms=1&group_children=0&checkin=2026-10-13&checkout=2026-10-14&selected_currency=USD&chal_t=1790633780949&force_referer=,castleton,Westminster Borough,London,8.0,Very Good,972
https://www.booking.com/hotel/gb/strandpalace.html?aid=304142&label=gen173nr-10CAQoggJCDXNlYXJjaF9sb25kb25IM1gEaPQBiAEBmAEzuAEXyAEM2AED6AEB-AEBiAIBqAIBuAK-zuvVBsACAdICJGFhMjY4NjU1LWI5MTQtNDIzOC1iY2MxLThkMTc2ZGY1MTZiM9gCAeACAQ&ucfs=1&arphpl=1&checkin=2026-10-13&checkout=2026-10-14&group_adults=2&req_adults=2&no_rooms=1&group_children=0&req_children=0&hpos=11&hapos=31&sr_order=popularity&srpvid=21039c9fdc8c0948&srepoch=1790633808&all_sr_blocks=23080243_91912860_0_42_0&highlighted_blocks=23080243_91912860_0_42_0&matching_block_id=23080243_91912860_0_42_0&sr_pri_blocks=23080243_91912860_0_42_0__51242&from_sustainable_property_sr=1&from=searchresults,Strand Palace,679,2026-10-13,2026-09-29T05:22:59.535381,https://www.booking.com/searchresults.html?ss=London&group_adults=2&no_rooms=1&group_children=0&checkin=2026-10-13&checkout=2026-10-14&selected_currency=USD&chal_t=1790633780949&force_referer=,strandpalace,Westminster Borough,London,8.5,Very Good,17948
https://www.booking.com/hotel/gb/clayton-city-of-london.html?aid=304142&label=gen173nr-10CAQoggJCDXNlYXJjaF9sb25kb25IM1gEaPQBiAEBmAEzuAEXyAEM2AED6AEB-AEBiAIBqAIBuAK-zuvVBsACAdICJGFhMjY4NjU1LWI5MTQtNDIzOC1iY2MxLThkMTc2ZGY1MTZiM9gCAeACAQ&ucfs=1&arphpl=1&checkin=2026-10-13&checkout=2026-10-14&group_adults=2&req_adults=2&no_rooms=1&group_children=0&req_children=0&hpos=12&hapos=32&sr_order=popularity&srpvid=21039c9fdc8c0948&srepoch=1790633808&all_sr_blocks=410983807_125287003_2_2_0_447882&highlighted_blocks=410983807_125287003_2_2_0_447882&matching_block_id=410983807_125287003_2_2_0_447882&sr_pri_blocks=410983807_125287003_2_2_0_447882_44460&from_sustainable_property_sr=1&from=searchresults,"Clayton Hotel City of London, Tower Bridge",589,2026-10-13,2026-09-29T05:22:59.614803,https://www.booking.com/searchresults.html?ss=London&group_adults=2&no_rooms=1&group_children=0&checkin=2026-10-13&checkout=2026-10-14&selected_currency=USD&chal_t=1790633780949&force_referer=,clayton-city-of-london,Tower Hamlets,London,8.6,Excellent,5817
https://www.booking.com/hotel/gb/malmaison-london.html?aid=304142&label=gen173nr-10CAQoggJCDXNlYXJjaF9sb25kb25IM1gEaPQBiAEBmAEzuAEXyAEM2AED6AEB-AEBiAIBqAIBuAK-zuvVBsACAdICJGFhMjY4NjU1LWI5MTQtNDIzOC1iY2MxLThkMTc2ZGY1MTZiM9gCAeACAQ&ucfs=1&arphpl=1&checkin=2026-10-13&checkout=2026-10-14&group_adults=2&req_adults=2&no_rooms=1&group_children=0&req_children=0&hpos=13&hapos=33&sr_order=popularity&srpvid=21039c9fdc8c0948&srepoch=1790633808&all_sr_blocks=17769104_246073914_0_2_0&highlighted_blocks=17769104_246073914_0_2_0&matching_block_id=17769104_246073914_0_2_0&sr_pri_blocks=17769104_246073914_0_2_0__51398&from_sustainable_property_sr=1&from=searchresults,Malmaison London,681,2026-10-13,2026-09-29T05:22:59.734235,https://www.booking.com/searchresults.html?ss=London&group_adults=2&no_rooms=1&group_children=0&checkin=2026-10-13&checkout=2026-10-14&selected_currency=USD&chal_t=1790633780949&force_referer=,malmaison-london,Islington,London,8.5,Very Good,1271
https://www.booking.com/hotel/gb/z-hotels-city.html?aid=304142&label=gen173nr-10CAQoggJCDXNlYXJjaF9sb25kb25IM1gEaPQBiAEBmAEzuAEXyAEM2AED6AEB-AEBiAIBqAIBuAK-zuvVBsACAdICJGFhMjY4NjU1LWI5MTQtNDIzOC1iY2MxLThkMTc2ZGY1MTZiM9gCAeACAQ&ucfs=1&arphpl=1&checkin=2026-10-13&checkout=2026-10-14&group_adults=2&req_adults=2&no_rooms=1&group_children=0&req_children=0&hpos=14&hapos=34&sr_order=popularity&srpvid=21039c9fdc8c0948&srepoch=1790633808&all_sr_blocks=152771304_88027904_2_2_0&highlighted_blocks=152771304_88027904_2_2_0&matching_block_id=152771304_88027904_2_2_0&sr_pri_blocks=152771304_88027904_2_2_0__29058&from=searchresults,The Z Hotel City,385,2026-10-13,2026-09-29T05:22:59.807686,https://www.booking.com/searchresults.html?ss=London&group_adults=2&no_rooms=1&group_children=0&checkin=2026-10-13&checkout=2026-10-14&selected_currency=USD&chal_t=1790633780949&force_referer=,z-hotels-city,City of London,London,7.8,Good,5880
https://www.booking.com/hotel/gb/the-z-victoria.html?aid=304142&label=gen173nr-10CAQoggJCDXNlYXJjaF9sb25kb25IM1gEaPQBiAEBmAEzuAEXyAEM2AED6AEB-AEBiAIBqAIBuAK-zuvVBsACAdICJGFhMjY4NjU1LWI5MTQtNDIzOC1iY2MxLThkMTc2ZGY1MTZiM9gCAeACAQ&ucfs=1&arphpl=1&checkin=2026-10-13&checkout=2026-10-14&group_adults=2&req_adults=2&no_rooms=1&group_children=0&req_children=0&hpos=15&hapos=35&sr_order=popularity&srpvid=21039c9fdc8c0948&srepoch=1790633808&all_sr_blocks=39027801_91925917_2_2_0&highlighted_blocks=39027801_91925917_2_2_0&matching_block_id=39027801_91925917_2_2_0&sr_pri_blocks=39027801_91925917_2_2_0__22525&from=searchresults,The Z Hotel Victoria,298,2026-10-13,2026-09-29T05:22:59.883119,https://www.booking.com/searchresults.html?ss=London&group_adults=2&no_rooms=1&group_children=0&checkin=2026-10-13&checkout=2026-10-14&selected_currency=USD&chal_t=1790633780949&force_referer=,the-z-victoria,Westminster Borough,London,7.8,Good,6434
https://www.booking.com/hotel/gb/milleniumgloucester.html?aid=304142&label=gen173nr-10CAQoggJCDXNlYXJjaF9sb25kb25IM1gEaPQBiAEBmAEzuAEXyAEM2AED6AEB-AEBiAIBqAIBuAK-zuvVBsACAdICJGFhMjY4NjU1LWI5MTQtNDIzOC1iY2MxLThkMTc2ZGY1MTZiM9gCAeACAQ&ucfs=1&arphpl=1&checkin=2026-10-13&checkout=2026-10-14&group_adults=2&req_adults=2&no_rooms=1&group_children=0&req_children=0&hpos=16&hapos=36&sr_order=popularity&srpvid=21039c9fdc8c0948&srepoch=1790633808&all_sr_blocks=11069958_91463830_2_2_0&highlighted_blocks=11069958_91463830_2_2_0&matching_block_id=11069958_91463830_2_2_0&sr_pri_blocks=11069958_91463830_2_2_0__19980&from_sustainable_property_sr=1&from=searchresults,Millennium Hotel and Conference Centre Gloucester London,265,2026-10-13,2026-09-29T05:22:59.949848,https://www.booking.com/searchresults.html?ss=London&group_adults=2&no_rooms=1&group_children=0&checkin=2026-10-13&checkout=2026-10-14&selected_currency=USD&chal_t=1790633780949&force_referer=,milleniumgloucester,Kensington and Chelsea,London,7.8,Good,9947
https://www.booking.com/hotel/gb/fraserplacecanarywharf.html?aid=304142&label=gen173nr-10CAQoggJCDXNlYXJjaF9sb25kb25IM1gEaPQBiAEBmAEzuAEXyAEM2AED6AEB-AEBiAIBqAIBuAK-zuvVBsACAdICJGFhMjY4NjU1LWI5MTQtNDIzOC1iY2MxLThkMTc2ZGY1MTZiM9gCAeACAQ&ucfs=1&arphpl=1&checkin=2026-10-13&checkout=2026-10-14&group_adults=2&req_adults=2&no_rooms=1&group_children=0&req_children=0&hpos=17&hapos=37&sr_order=popularity&srpvid=21039c9fdc8c0948&srepoch=1790633808&all_sr_blocks=22619108_94353461_2_2_0&highlighted_blocks=22619108_94353461_2_2_0&matching_block_id=22619108_94353461_2_2_0&sr_pri_blocks=22619108_94353461_2_2_0__36025&from_sustainable_property_sr=1&from=searchresults,Fraser Place Canary Wharf,477,2026-10-13,2026-09-29T05:23:00.070460,https://www.booking.com/searchresults.html?ss=London&group_adults=2&no_rooms=1&group_children=0&checkin=2026-10-13&checkout=2026-10-14&selected_currency=USD&chal_t=1790633780949&force_referer=,fraserplacecanarywharf,Tower Hamlets,London,8.3,Very Good,2649
https://www.booking.com/hotel/gb/cumberlandhotellondon.html?aid=304142&label=gen173nr-10CAQoggJCDXNlYXJjaF9sb25kb25IM1gEaPQBiAEBmAEzuAEXyAEM2AED6AEB-AEBiAIBqAIBuAK-zuvVBsACAdICJGFhMjY4NjU1LWI5MTQtNDIzOC1iY2MxLThkMTc2ZGY1MTZiM9gCAeACAQ&ucfs=1&arphpl=1&checkin=2026-10-13&checkout=2026-10-14&group_adults=2&req_adults=2&no_rooms=1&group_children=0&req_children=0&hpos=18&hapos=38&sr_order=popularity&srpvid=21039c9fdc8c0948&srepoch=1790633808&all_sr_blocks=22531951_91912710_0_2_0&highlighted_blocks=22531951_91912710_0_2_0&matching_block_id=22531951_91912710_0_2_0&sr_pri_blocks=22531951_91912710_0_2_0__37800&from_sustainable_property_sr=1&from=searchresults,"The Cumberland, London",501,2026-10-13,2026-09-29T05:23:00.137898,https://www.booking.com/searchresults.html?ss=London&group_adults=2&no_rooms=1&group_children=0&checkin=2026-10-13&checkout=2026-10-14&selected_currency=USD&chal_t=1790633780949&force_referer=,cumberlandhotellondon,Westminster Borough,London,8.2,Very Good,16693
https://www.booking.com/hotel/gb/londoncamdenlock.html?aid=304142&label=gen173nr-10CAQoggJCDXNlYXJjaF9sb25kb25IM1gEaPQBiAEBmAEzuAEXyAEM2AED6AEB-AEBiAIBqAIBuAK-zuvVBsACAdICJGFhMjY4NjU1LWI5MTQtNDIzOC1iY2MxLThkMTc2ZGY1MTZiM9gCAeACAQ&ucfs=1&arphpl=1&checkin=2026-10-13&checkout=2026-10-14&group_adults=2&req_adults=2&no_rooms=1&group_children=0&req_children=0&hpos=19&hapos=39&sr_order=popularity&srpvid=21039c9fdc8c0948&srepoch=1790633808&all_sr_blocks=21793928_102713684_3_34_0&highlighted_blocks=21793928_102713684_3_34_0&matching_block_id=21793928_102713684_3_34_0&sr_pri_blocks=21793928_102713684_3_34_0__28200&from_sustainable_property_sr=1&from=searchresults,Holiday Inn London Camden Lock by IHG,374,2026-10-13,2026-09-29T05:23:00.251102,https://www.booking.com/searchresults.html?ss=London&group_adults=2&no_rooms=1&group_children=0&checkin=2026-10-13&checkout=2026-10-14&selected_currency=USD&chal_t=1790633780949&force_referer=,londoncamdenlock,Camden,London,8.6,Excellent,2957
https://www.booking.com/hotel/gb/victoriaparkplazahotel.html?aid=304142&label=gen173nr-10CAQoggJCDXNlYXJjaF9sb25kb25IM1gEaPQBiAEBmAEzuAEXyAEM2AED6AEB-AEBiAIBqAIBuAK-zuvVBsACAdICJGFhMjY4NjU1LWI5MTQtNDIzOC1iY2MxLThkMTc2ZGY1MTZiM9gCAeACAQ&ucfs=1&arphpl=1&checkin=2026-10-13&checkout=2026-10-14&group_adults=2&req_adults=2&no_rooms=1&group_children=0&req_children=0&hpos=20&hapos=40&sr_order=popularity&srpvid=21039c9fdc8c0948&srepoch=1790633808&all_sr_blocks=21730703_91467030_2_2_0&highlighted_blocks=21730703_91467030_2_2_0&matching_block_id=21730703_91467030_2_2_0&sr_pri_blocks=21730703_91467030_2_2_0__37800&from_sustainable_property_sr=1&from=searchresults,Park Plaza London Victoria,501,2026-10-13,2026-09-29T05:23:00.326405,https://www.booking.com/searchresults.html?ss=London&group_adults=2&no_rooms=1&group_children=0&checkin=2026-10-13&checkout=2026-10-14&selected_currency=USD&chal_t=1790633780949&force_referer=,victoriaparkplazahotel,Westminster Borough,London,8.7,Excellent,8268
https://www.booking.com/hotel/gb/kensington-luxury-suites-greater-london.html?aid=304142&label=gen173nr-10CAQoggJCDXNlYXJjaF9sb25kb25IM1gEaPQBiAEBmAEzuAEXyAEM2AED6AEB-AEBiAIBqAIBuAK-zuvVBsACAdICJGFhMjY4NjU1LWI5MTQtNDIzOC1iY2MxLThkMTc2ZGY1MTZiM9gCAeACAQ&ucfs=1&arphpl=1&checkin=2026-10-13&checkout=2026-10-14&group_adults=2&req_adults=2&no_rooms=1&group_children=0&req_children=0&hpos=1&hapos=41&sr_order=popularity&srpvid=21039c9fdc8c0948&srepoch=1790633816&all_sr_blocks=1453675603_416896780_2_0_0&highlighted_blocks=1453675603_416896780_2_0_0&matching_block_id=1453675603_416896780_2_0_0&sr_pri_blocks=1453675603_416896780_2_0_0__13500&from=searchresults,Kensington High Street Suites,179,2026-10-13,2026-09-29T05:23:00.384956,https://www.booking.com/searchresults.html?ss=London&group_adults=2&no_rooms=1&group_children=0&checkin=2026-10-13&checkout=2026-10-14&selected_currency=USD&chal_t=1790633780949&force_referer=,kensington-luxury-suites-greater-london,Kensington and Chelsea,London,7.0,Good,796
https://www.booking.com/hotel/gb/the-imperial-greater-london1.html?aid=304142&label=gen173nr-10CAQoggJCDXNlYXJjaF9sb25kb25IM1gEaPQBiAEBmAEzuAEXyAEM2AED6AEB-AEBiAIBqAIBuAK-zuvVBsACAdICJGFhMjY4NjU1LWI5MTQtNDIzOC1iY2MxLThkMTc2ZGY1MTZiM9gCAeACAQ&ucfs=1&arphpl=1&checkin=2026-10-13&checkout=2026-10-14&group_adults=2&req_adults=2&no_rooms=1&group_children=0&req_children=0&hpos=2&hapos=42&sr_order=popularity&srpvid=21039c9fdc8c0948&srepoch=1790633816&all_sr_blocks=1585701201_429690323_2_2_0&highlighted_blocks=1585701201_429690323_2_2_0&matching_block_id=1585701201_429690323_2_2_0&sr_pri_blocks=1585701201_429690323_2_2_0__34823&from=searchresults,The Imperial,461,2026-10-13,2026-09-29T05:23:00.436336,https://www.booking.com/searchresults.html?ss=London&group_adults=2&no_rooms=1&group_children=0&checkin=2026-10-13&checkout=2026-10-14&selected_currency=USD&chal_t=1790633780949&force_referer=,the-imperial-greater-london1,Camden,London,9.1,Wonderful,101
https://www.booking.com/hotel/gb/andrews-house.html?aid=304142&label=gen173nr-10CAQoggJCDXNlYXJjaF9sb25kb25IM1gEaPQBiAEBmAEzuAEXyAEM2AED6AEB-AEBiAIBqAIBuAK-zuvVBsACAdICJGFhMjY4NjU1LWI5MTQtNDIzOC1iY2MxLThkMTc2ZGY1MTZiM9gCAeACAQ&ucfs=1&arphpl=1&checkin=2026-10-13&checkout=2026-10-14&group_adults=2&req_adults=2&no_rooms=1&group_children=0&req_children=0&hpos=3&hapos=43&sr_order=popularity&srpvid=21039c9fdc8c0948&srepoch=1790633816&all_sr_blocks=63902612_416960142_0_0_0&highlighted_blocks=63902612_416960142_0_0_0&matching_block_id=63902612_416960142_0_0_0&sr_pri_blocks=63902612_416960142_0_0_0__13500&from=searchresults,Central London Budget Rooms,179,2026-10-13,2026-09-29T05:23:00.484835,https://www.booking.com/searchresults.html?ss=London&group_adults=2&no_rooms=1&group_children=0&checkin=2026-10-13&checkout=2026-10-14&selected_currency=USD&chal_t=1790633780949&force_referer=,andrews-house,Westminster Borough,London,6.9,Average,600
https://www.booking.com/hotel/gb/tower-studio.html?aid=304142&label=gen173nr-10CAQoggJCDXNlYXJjaF9sb25kb25IM1gEaPQBiAEBmAEzuAEXyAEM2AED6AEB-AEBiAIBqAIBuAK-zuvVBsACAdICJGFhMjY4NjU1LWI5MTQtNDIzOC1iY2MxLThkMTc2ZGY1MTZiM9gCAeACAQ&ucfs=1&arphpl=1&checkin=2026-10-13&checkout=2026-10-14&group_adults=2&req_adults=2&no_rooms=1&group_children=0&req_children=0&hpos=4&hapos=44&sr_order=popularity&srpvid=21039c9fdc8c0948&srepoch=1790633816&all_sr_blocks=1634040101_433852738_2_0_0&highlighted_blocks=1634040101_433852738_2_0_0&matching_block_id=1634040101_433852738_2_0_0&sr_pri_blocks=1634040101_433852738_2_0_0__14850&from=searchresults,Montrose Apartments -Tower Bridge,197,2026-10-13,2026-09-29T05:23:00.536026,https://www.booking.com/searchresults.html?ss=London&group_adults=2&no_rooms=1&group_children=0&checkin=2026-10-13&checkout=2026-10-14&selected_currency=USD&chal_t=1790633780949&force_referer=,tower-studio,Tower Hamlets,London,6.4,Average,19
https://www.booking.com/hotel/gb/apollo-london1.html?aid=304142&label=gen173nr-10CAQoggJCDXNlYXJjaF9sb25kb25IM1gEaPQBiAEBmAEzuAEXyAEM2AED6AEB-AEBiAIBqAIBuAK-zuvVBsACAdICJGFhMjY4NjU1LWI5MTQtNDIzOC1iY2MxLThkMTc2ZGY1MTZiM9gCAeACAQ&ucfs=1&arphpl=1&checkin=2026-10-13&checkout=2026-10-14&group_adults=2&req_adults=2&no_rooms=1&group_children=0&req_children=0&hpos=5&hapos=45&sr_order=popularity&srpvid=21039c9fdc8c0948&srepoch=1790633816&all_sr_blocks=47040613_439951143_2_0_0_1385768&highlighted_blocks=47040613_439951143_2_0_0_1385768&matching_block_id=47040613_439951143_2_0_0_1385768&sr_pri_blocks=47040613_439951143_2_0_0_1385768_14449&from=searchresults,Apollo Hotel London Near Hyde Park and Paddington Station,191,2026-10-13,2026-09-29T05:23:00.584613,https://www.booking.com/searchresults.html?ss=London&group_adults=2&no_rooms=1&group_children=0&checkin=2026-10-13&checkout=2026-10-14&selected_currency=USD&chal_t=1790633780949&force_referer=,apollo-london1,Westminster Borough,London,6.3,Average,536
https://www.booking.com/hotel/gb/royalhorseguards.html?aid=304142&label=gen173nr-10CAQoggJCDXNlYXJjaF9sb25kb25IM1gEaPQBiAEBmAEzuAEXyAEM2AED6AEB-AEBiAIBqAIBuAK-zuvVBsACAdICJGFhMjY4NjU1LWI5MTQtNDIzOC1iY2MxLThkMTc2ZGY1MTZiM9gCAeACAQ&ucfs=1&arphpl=1&checkin=2026-10-13&checkout=2026-10-14&group_adults=2&req_adults=2&no_rooms=1&group_children=0&req_children=0&hpos=6&hapos=46&sr_order=popularity&srpvid=21039c9fdc8c0948&srepoch=1790633816&all_sr_blocks=22059049_99043386_0_2_0&highlighted_blocks=22059049_99043386_0_2_0&matching_block_id=22059049_99043386_0_2_0&sr_pri_blocks=22059049_99043386_0_2_0__46350&from_sustainable_property_sr=1&from=searchresults,"The Royal Horseguards Hotel, London",614,2026-10-13,2026-09-29T05:23:00.634882,https://www.booking.com/searchresults.html?ss=London&group_adults=2&no_rooms=1&group_children=0&checkin=2026-10-13&checkout=2026-10-14&selected_currency=USD&chal_t=1790633780949&force_referer=,royalhorseguards,Westminster Borough,London,8.6,Excellent,4495
https://www.booking.com/hotel/gb/zedwell-trocadero.html?aid=304142&label=gen173nr-10CAQoggJCDXNlYXJjaF9sb25kb25IM1gEaPQBiAEBmAEzuAEXyAEM2AED6AEB-AEBiAIBqAIBuAK-zuvVBsACAdICJGFhMjY4NjU1LWI5MTQtNDIzOC1iY2MxLThkMTc2ZGY1MTZiM9gCAeACAQ&ucfs=1&arphpl=1&checkin=2026-10-13&checkout=2026-10-14&group_adults=2&req_adults=2&no_rooms=1&group_children=0&req_children=0&hpos=7&hapos=47&sr_order=popularity&srpvid=21039c9fdc8c0948&srepoch=1790633816&all_sr_blocks=569724102_217452649_0_0_0&highlighted_blocks=569724102_217452649_0_0_0&matching_block_id=569724102_217452649_0_0_0&sr_pri_blocks=569724102_217452649_0_0_0__25380&from_sustainable_property_sr=1&from=searchresults,Zedwell Hotel Piccadilly Circus,336,2026-10-13,2026-09-29T05:23:00.731088,https://www.booking.com/searchresults.html?ss=London&group_adults=2&no_rooms=1&group_children=0&checkin=2026-10-13&checkout=2026-10-14&selected_currency=USD&chal_t=1790633780949&force_referer=,zedwell-trocadero,Westminster Borough,London,7.8,Good,37427
https://www.booking.com/hotel/gb/wombats-hostel-london.html?aid=304142&label=gen173nr-10CAQoggJCDXNlYXJjaF9sb25kb25IM1gEaPQBiAEBmAEzuAEXyAEM2AED6AEB-AEBiAIBqAIBuAK-zuvVBsACAdICJGFhMjY4NjU1LWI5MTQtNDIzOC1iY2MxLThkMTc2ZGY1MTZiM9gCAeACAQ&ucfs=1&arphpl=1&checkin=2026-10-13&checkout=2026-10-14&group_adults=2&req_adults=2&no_rooms=1&group_children=0&req_children=0&hpos=8&hapos=48&sr_order=popularity&srpvid=21039c9fdc8c0948&srepoch=1790633816&all_sr_blocks=116318903_94590643_0_2_0&highlighted_blocks=116318903_94590643_0_2_0&matching_block_id=116318903_94590643_0_2_0&sr_pri_blocks=116318903_94590643_0_2_0__22922&from=searchresults,Wombat's City Hostel London,304,2026-10-13,2026-09-29T05:23:00.785126,https://www.booking.com/searchresults.html?ss=London&group_adults=2&no_rooms=1&group_children=0&checkin=2026-10-13&checkout=2026-10-14&selected_currency=USD&chal_t=1790633780949&force_referer=,wombats-hostel-london,Tower Hamlets,London,8.7,Excellent,5977
https://www.booking.com/hotel/gb/the-zetter-townhouse.html?aid=304142&label=gen173nr-10CAQoggJCDXNlYXJjaF9sb25kb25IM1gEaPQBiAEBmAEzuAEXyAEM2AED6AEB-AEBiAIBqAIBuAK-zuvVBsACAdICJGFhMjY4NjU1LWI5MTQtNDIzOC1iY2MxLThkMTc2ZGY1MTZiM9gCAeACAQ&ucfs=1&arphpl=1&checkin=2026-10-13&checkout=2026-10-14&group_adults=2&req_adults=2&no_rooms=1&group_children=0&req_children=0&hpos=9&hapos=49&sr_order=popularity&srpvid=21039c9fdc8c0948&srepoch=1790633816&all_sr_blocks=119721702_91949410_2_2_0&highlighted_blocks=119721702_91949410_2_2_0&matching_block_id=119721702_91949410_2_2_0&sr_pri_blocks=119721702_91949410_2_2_0__53386&from=searchresults,The Zetter Clerkenwell,707,2026-10-13,2026-09-29T05:23:00.830744,https://www.booking.com/searchresults.html?ss=London&group_adults=2&no_rooms=1&group_children=0&checkin=2026-10-13&checkout=2026-10-14&selected_currency=USD&chal_t=1790633780949&force_referer=,the-zetter-townhouse,Islington,London,8.7,Excellent,146
https://www.booking.com/hotel/gb/linden-house-london.html?aid=304142&label=gen173nr-10CAQoggJCDXNlYXJjaF9sb25kb25IM1gEaPQBiAEBmAEzuAEXyAEM2AED6AEB-AEBiAIBqAIBuAK-zuvVBsACAdICJGFhMjY4NjU1LWI5MTQtNDIzOC1iY2MxLThkMTc2ZGY1MTZiM9gCAeACAQ&ucfs=1&arphpl=1&checkin=2026-10-13&checkout=2026-10-14&group_adults=2&req_adults=2&no_rooms=1&group_children=0&req_children=0&hpos=10&hapos=50&sr_order=popularity&srpvid=21039c9fdc8c0948&srepoch=1790633816&all_sr_blocks=17979102_0_2_0_0&highlighted_blocks=17979102_0_2_0_0&matching_block_id=17979102_0_2_0_0&sr_pri_blocks=17979102_0_2_0_0__9433&from=searchresults,Linden House Hotel,125,2026-10-13,2026-09-29T05:23:00.879349,https://www.booking.com/searchresults.html?ss=London&group_adults=2&no_rooms=1&group_children=0&checkin=2026-10-13&checkout=2026-10-14&selected_currency=USD&chal_t=1790633780949&force_referer=,linden-house-london,Westminster Borough,London,7.3,Good,3176
https://www.booking.com/hotel/gb/otherwander-soho.html?aid=304142&label=gen173nr-10CAQoggJCDXNlYXJjaF9sb25kb25IM1gEaPQBiAEBmAEzuAEXyAEM2AED6AEB-AEBiAIBqAIBuAK-zuvVBsACAdICJGFhMjY4NjU1LWI5MTQtNDIzOC1iY2MxLThkMTc2ZGY1MTZiM9gCAeACAQ&ucfs=1&arphpl=1&checkin=2026-10-13&checkout=2026-10-14&group_adults=2&req_adults=2&no_rooms=1&group_children=0&req_children=0&hpos=11&hapos=51&sr_order=popularity&srpvid=21039c9fdc8c0948&srepoch=1790633816&all_sr_blocks=1360742204_408380090_2_0_0&highlighted_blocks=1360742204_408380090_2_0_0&matching_block_id=1360742204_408380090_2_0_0&sr_pri_blocks=1360742204_408380090_2_0_0__10633&from=searchresults,Otherwander Soho Pod Hotel,141,2026-10-13,2026-09-29T05:23:00.921387,https://www.booking.com/searchresults.html?ss=London&group_adults=2&no_rooms=1&group_children=0&checkin=2026-10-13&checkout=2026-10-14&selected_currency=USD&chal_t=1790633780949&force_referer=,otherwander-soho,Westminster Borough,London,8.4,Very Good,724
https://www.booking.com/hotel/gb/the-windmill-on-the-common.html?aid=304142&label=gen173nr-10CAQoggJCDXNlYXJjaF9sb25kb25IM1gEaPQBiAEBmAEzuAEXyAEM2AED6AEB-AEBiAIBqAIBuAK-zuvVBsACAdICJGFhMjY4NjU1LWI5MTQtNDIzOC1iY2MxLThkMTc2ZGY1MTZiM9gCAeACAQ&ucfs=1&arphpl=1&checkin=2026-10-13&checkout=2026-10-14&group_adults=2&req_adults=2&no_rooms=1&group_children=0&req_children=0&hpos=12&hapos=52&sr_order=popularity&srpvid=21039c9fdc8c0948&srepoch=1790633816&all_sr_blocks=17979302_440194561_0_2_0&highlighted_blocks=17979302_440194561_0_2_0&matching_block_id=17979302_440194561_0_2_0&sr_pri_blocks=17979302_440194561_0_2_0__17160&from=searchresults,The Windmill On The Common,227,2026-10-13,2026-09-29T05:23:01.002366,https://www.booking.com/searchresults.html?ss=London&group_adults=2&no_rooms=1&group_children=0&checkin=2026-10-13&checkout=2026-10-14&selected_currency=USD&chal_t=1790633780949&force_referer=,the-windmill-on-the-common,Lambeth,London,8.5,Very Good,763
https://www.booking.com/hotel/gb/brunelhotel.html?aid=304142&label=gen173nr-10CAQoggJCDXNlYXJjaF9sb25kb25IM1gEaPQBiAEBmAEzuAEXyAEM2AED6AEB-AEBiAIBqAIBuAK-zuvVBsACAdICJGFhMjY4NjU1LWI5MTQtNDIzOC1iY2MxLThkMTc2ZGY1MTZiM9gCAeACAQ&ucfs=1&arphpl=1&checkin=2026-10-13&checkout=2026-10-14&group_adults=2&req_adults=2&no_rooms=1&group_children=0&req_children=0&hpos=13&hapos=53&sr_order=popularity&srpvid=21039c9fdc8c0948&srepoch=1790633816&all_sr_blocks=3213_99043287_0_2_0&highlighted_blocks=3213_99043287_0_2_0&matching_block_id=3213_99043287_0_2_0&sr_pri_blocks=3213_99043287_0_2_0__13613&from=searchresults,Brunel Hotel,180,2026-10-13,2026-09-29T05:23:01.059926,https://www.booking.com/searchresults.html?ss=London&group_adults=2&no_rooms=1&group_children=0&checkin=2026-10-13&checkout=2026-10-14&selected_currency=USD&chal_t=1790633780949&force_referer=,brunelhotel,Westminster Borough,London,7.4,Good,2301
https://www.booking.com/hotel/gb/kings-cross-inn.html?aid=304142&label=gen173nr-10CAQoggJCDXNlYXJjaF9sb25kb25IM1gEaPQBiAEBmAEzuAEXyAEM2AED6AEB-AEBiAIBqAIBuAK-zuvVBsACAdICJGFhMjY4NjU1LWI5MTQtNDIzOC1iY2MxLThkMTc2ZGY1MTZiM9gCAeACAQ&ucfs=1&arphpl=1&checkin=2026-10-13&checkout=2026-10-14&group_adults=2&req_adults=2&no_rooms=1&group_children=0&req_children=0&hpos=14&hapos=54&sr_order=popularity&srpvid=21039c9fdc8c0948&srepoch=1790633816&all_sr_blocks=39965324_0_2_0_0&highlighted_blocks=39965324_0_2_0_0&matching_block_id=39965324_0_2_0_0&sr_pri_blocks=39965324_0_2_0_0__15179&from=searchresults,Kings Cross Inn Hotel,201,2026-10-13,2026-09-29T05:23:01.163020,https://www.booking.com/searchresults.html?ss=London&group_adults=2&no_rooms=1&group_children=0&checkin=2026-10-13&checkout=2026-10-14&selected_currency=USD&chal_t=1790633780949&force_referer=,kings-cross-inn,Camden,London,6.7,Average,6329
https://www.booking.com/hotel/gb/novotellondonwaterloo.html?aid=304142&label=gen173nr-10CAQoggJCDXNlYXJjaF9sb25kb25IM1gEaPQBiAEBmAEzuAEXyAEM2AED6AEB-AEBiAIBqAIBuAK-zuvVBsACAdICJGFhMjY4NjU1LWI5MTQtNDIzOC1iY2MxLThkMTc2ZGY1MTZiM9gCAeACAQ&ucfs=1&arphpl=1&checkin=2026-10-13&checkout=2026-10-14&group_adults=2&req_adults=2&no_rooms=1&group_children=0&req_children=0&hpos=15&hapos=55&sr_order=popularity&srpvid=21039c9fdc8c0948&srepoch=1790633816&all_sr_blocks=12123813_95455200_2_2_0&highlighted_blocks=12123813_95455200_2_2_0&matching_block_id=12123813_95455200_2_2_0&sr_pri_blocks=12123813_95455200_2_2_0__33100&from_sustainable_property_sr=1&from=searchresults,Novotel London Waterloo,439,2026-10-13,2026-09-29T05:23:01.217157,https://www.booking.com/searchresults.html?ss=London&group_adults=2&no_rooms=1&group_children=0&checkin=2026-10-13&checkout=2026-10-14&selected_currency=USD&chal_t=1790633780949&force_referer=,novotellondonwaterloo,Lambeth,London,8.4,Very Good,2674
https://www.booking.com/hotel/gb/ibis-london-stratford.html?aid=304142&label=gen173nr-10CAQoggJCDXNlYXJjaF9sb25kb25IM1gEaPQBiAEBmAEzuAEXyAEM2AED6AEB-AEBiAIBqAIBuAK-zuvVBsACAdICJGFhMjY4NjU1LWI5MTQtNDIzOC1iY2MxLThkMTc2ZGY1MTZiM9gCAeACAQ&ucfs=1&arphpl=1&checkin=2026-10-13&checkout=2026-10-14&group_adults=2&req_adults=2&no_rooms=1&group_children=0&req_children=0&hpos=16&hapos=56&sr_order=popularity&srpvid=21039c9fdc8c0948&srepoch=1790633816&all_sr_blocks=4636002_94268419_2_42_0&highlighted_blocks=4636002_94268419_2_42_0&matching_block_id=4636002_94268419_2_42_0&sr_pri_blocks=4636002_94268419_2_42_0__19720&from_sustainable_property_sr=1&from=searchresults,ibis London Stratford,261,2026-10-13,2026-09-29T05:23:01.387087,https://www.booking.com/searchresults.html?ss=London&group_adults=2&no_rooms=1&group_children=0&checkin=2026-10-13&checkout=2026-10-14&selected_currency=USD&chal_t=1790633780949&force_referer=,ibis-london-stratford,Newham,London,7.5,Good,2968
https://www.booking.com/hotel/gb/hyatt-regency-london-olympia.html?aid=304142&label=gen173nr-10CAQoggJCDXNlYXJjaF9sb25kb25IM1gEaPQBiAEBmAEzuAEXyAEM2AED6AEB-AEBiAIBqAIBuAK-zuvVBsACAdICJGFhMjY4NjU1LWI5MTQtNDIzOC1iY2MxLThkMTc2ZGY1MTZiM9gCAeACAQ&ucfs=1&arphpl=1&checkin=2026-10-13&checkout=2026-10-14&group_adults=2&req_adults=2&no_rooms=1&group_children=0&req_children=0&hpos=17&hapos=57&sr_order=popularity&srpvid=21039c9fdc8c0948&srepoch=1790633816&all_sr_blocks=1585386706_429666719_2_2_0&highlighted_blocks=1585386706_429666719_2_2_0&matching_block_id=1585386706_429666719_2_2_0&sr_pri_blocks=1585386706_429666719_2_2_0__29750&from=searchresults,Hyatt Regency London Olympia,394,2026-10-13,2026-09-29T05:23:01.431964,https://www.booking.com/searchresults.html?ss=London&group_adults=2&no_rooms=1&group_children=0&checkin=2026-10-13&checkout=2026-10-14&selected_currency=USD&chal_t=1790633780949&force_referer=,hyatt-regency-london-olympia,Hammersmith and Fulham,London,8.5,Very Good,35
https://www.booking.com/hotel/gb/the-waldorf-hilton.html?aid=304142&label=gen173nr-10CAQoggJCDXNlYXJjaF9sb25kb25IM1gEaPQBiAEBmAEzuAEXyAEM2AED6AEB-AEBiAIBqAIBuAK-zuvVBsACAdICJGFhMjY4NjU1LWI5MTQtNDIzOC1iY2MxLThkMTc2ZGY1MTZiM9gCAeACAQ&ucfs=1&arphpl=1&checkin=2026-10-13&checkout=2026-10-14&group_adults=2&req_adults=2&no_rooms=1&group_children=0&req_children=0&hpos=18&hapos=58&sr_order=popularity&srpvid=21039c9fdc8c0948&srepoch=1790633816&all_sr_blocks=3528019_95156435_2_2_0&highlighted_blocks=3528019_95156435_2_2_0&matching_block_id=3528019_95156435_2_2_0&sr_pri_blocks=3528019_95156435_2_2_0__59550&from=searchresults,The Waldorf Hilton,789,2026-10-13,2026-09-29T05:23:01.527372,https://www.booking.com/searchresults.html?ss=London&group_adults=2&no_rooms=1&group_children=0&checkin=2026-10-13&checkout=2026-10-14&selected_currency=USD&chal_t=1790633780949&force_referer=,the-waldorf-hilton,Westminster Borough,London,8.5,Very Good,1509
https://www.booking.com/hotel/gb/hilton-london-metropole.html?aid=304142&label=gen173nr-10CAQoggJCDXNlYXJjaF9sb25kb25IM1gEaPQBiAEBmAEzuAEXyAEM2AED6AEB-AEBiAIBqAIBuAK-zuvVBsACAdICJGFhMjY4NjU1LWI5MTQtNDIzOC1iY2MxLThkMTc2ZGY1MTZiM9gCAeACAQ&ucfs=1&arphpl=1&checkin=2026-10-13&checkout=2026-10-14&group_adults=2&req_adults=2&no_rooms=1&group_children=0&req_children=0&hpos=19&hapos=59&sr_order=popularity&srpvid=21039c9fdc8c0948&srepoch=1790633816&all_sr_blocks=3386457_95154666_2_34_0&highlighted_blocks=3386457_95154666_2_34_0&matching_block_id=3386457_95154666_2_34_0&sr_pri_blocks=3386457_95154666_2_34_0__68908&from=searchresults,Hilton London Metropole,913,2026-10-13,2026-09-29T05:23:01.604482,https://www.booking.com/searchresults.html?ss=London&group_adults=2&no_rooms=1&group_children=0&checkin=2026-10-13&checkout=2026-10-14&selected_currency=USD&chal_t=1790633780949&force_referer=,hilton-london-metropole,Westminster Borough,London,7.5,Good,8564
https://www.booking.com/hotel/gb/hiexpress.html?aid=304142&label=gen173nr-10CAQoggJCDXNlYXJjaF9sb25kb25IM1gEaPQBiAEBmAEzuAEXyAEM2AED6AEB-AEBiAIBqAIBuAK-zuvVBsACAdICJGFhMjY4NjU1LWI5MTQtNDIzOC1iY2MxLThkMTc2ZGY1MTZiM9gCAeACAQ&ucfs=1&arphpl=1&checkin=2026-10-13&checkout=2026-10-14&group_adults=2&req_adults=2&no_rooms=1&group_children=0&req_children=0&hpos=20&hapos=60&sr_order=popularity&srpvid=21039c9fdc8c0948&srepoch=1790633816&all_sr_blocks=21787509_94349999_2_1_0&highlighted_blocks=21787509_94349999_2_1_0&matching_block_id=21787509_94349999_2_1_0&sr_pri_blocks=21787509_94349999_2_1_0__17200&from=searchresults,Holiday Inn Express London Stratford by IHG,228,2026-10-13,2026-09-29T05:23:01.753883,https://www.booking.com/searchresults.html?ss=London&group_adults=2&no_rooms=1&group_children=0&checkin=2026-10-13&checkout=2026-10-14&selected_currency=USD&chal_t=1790633780949&force_referer=,hiexpress,Newham,London,8.8,Excellent,6982
https://www.booking.com/hotel/gb/hampton-by-hilton-london-city.html?aid=304142&label=gen173nr-10CAQoggJCDXNlYXJjaF9sb25kb25IM1gEaPQBiAEBmAEzuAEXyAEM2AED6AEB-AEBiAIBqAIBuAK-zuvVBsACAdICJGFhMjY4NjU1LWI5MTQtNDIzOC1iY2MxLThkMTc2ZGY1MTZiM9gCAeACAQ&ucfs=1&arphpl=1&checkin=2026-10-13&checkout=2026-10-14&group_adults=2&req_adults=2&no_rooms=1&group_children=0&req_children=0&hpos=1&hapos=61&sr_order=popularity&srpvid=21039c9fdc8c0948&srepoch=1790633821&all_sr_blocks=10351037_91463600_2_1_0_927499&highlighted_blocks=10351037_91463600_2_1_0_927499&matching_block_id=10351037_91463600_2_1_0_927499&sr_pri_blocks=10351037_91463600_2_1_0_927499_40094&from_sustainable_property_sr=1&from=searchresults,Hampton By Hilton London City,531,2026-10-13,2026-09-29T05:23:01.839448,https://www.booking.com/searchresults.html?ss=London&group_adults=2&no_rooms=1&group_children=0&checkin=2026-10-13&checkout=2026-10-14&selected_currency=USD&chal_t=1790633780949&force_referer=,hampton-by-hilton-london-city,Tower Hamlets,London,8.6,Excellent,6018
https://www.booking.com/hotel/gb/bestwesternlodge.html?aid=304142&label=gen173nr-10CAQoggJCDXNlYXJjaF9sb25kb25IM1gEaPQBiAEBmAEzuAEXyAEM2AED6AEB-AEBiAIBqAIBuAK-zuvVBsACAdICJGFhMjY4NjU1LWI5MTQtNDIzOC1iY2MxLThkMTc2ZGY1MTZiM9gCAeACAQ&ucfs=1&arphpl=1&checkin=2026-10-13&checkout=2026-10-14&group_adults=2&req_adults=2&no_rooms=1&group_children=0&req_children=0&hpos=2&hapos=62&sr_order=popularity&srpvid=21039c9fdc8c0948&srepoch=1790633821&all_sr_blocks=26591_92528311_2_2_0&highlighted_blocks=26591_92528311_2_2_0&matching_block_id=26591_92528311_2_2_0&sr_pri_blocks=26591_92528311_2_2_0__16500&from=searchresults,The Lodge Hotel - Putney,219,2026-10-13,2026-09-29T05:23:01.955381,https://www.booking.com/searchresults.html?ss=London&group_adults=2&no_rooms=1&group_children=0&checkin=2026-10-13&checkout=2026-10-14&selected_currency=USD&chal_t=1790633780949&force_referer=,bestwesternlodge,Wandsworth,London,9.1,Wonderful,3329
https://www.booking.com/hotel/gb/bernardshawhotel.html?aid=304142&label=gen173nr-10CAQoggJCDXNlYXJjaF9sb25kb25IM1gEaPQBiAEBmAEzuAEXyAEM2AED6AEB-AEBiAIBqAIBuAK-zuvVBsACAdICJGFhMjY4NjU1LWI5MTQtNDIzOC1iY2MxLThkMTc2ZGY1MTZiM9gCAeACAQ&ucfs=1&arphpl=1&checkin=2026-10-13&checkout=2026-10-14&group_adults=2&req_adults=2&no_rooms=1&group_children=0&req_children=0&hpos=3&hapos=63&sr_order=popularity&srpvid=21039c9fdc8c0948&srepoch=1790633821&all_sr_blocks=21730517_94349701_2_2_0&highlighted_blocks=21730517_94349701_2_2_0&matching_block_id=21730517_94349701_2_2_0&sr_pri_blocks=21730517_94349701_2_2_0__51100&from_sustainable_property_sr=1&from=searchresults,Pullman London St Pancras,677,2026-10-13,2026-09-29T05:23:02.056512,https://www.booking.com/searchresults.html?ss=London&group_adults=2&no_rooms=1&group_children=0&checkin=2026-10-13&checkout=2026-10-14&selected_currency=USD&chal_t=1790633780949&force_referer=,bernardshawhotel,Camden,London,8.6,Excellent,3207
https://www.booking.com/hotel/gb/half-moon-london.html?aid=304142&label=gen173nr-10CAQoggJCDXNlYXJjaF9sb25kb25IM1gEaPQBiAEBmAEzuAEXyAEM2AED6AEB-AEBiAIBqAIBuAK-zuvVBsACAdICJGFhMjY4NjU1LWI5MTQtNDIzOC1iY2MxLThkMTc2ZGY1MTZiM9gCAeACAQ&ucfs=1&arphpl=1&checkin=2026-10-13&checkout=2026-10-14&group_adults=2&req_adults=2&no_rooms=1&group_children=0&req_children=0&hpos=4&hapos=64&sr_order=popularity&srpvid=21039c9fdc8c0948&srepoch=1790633821&all_sr_blocks=204499402_94918822_0_1_0&highlighted_blocks=204499402_94918822_0_1_0&matching_block_id=204499402_94918822_0_1_0&sr_pri_blocks=204499402_94918822_0_1_0__23670&from=searchresults,Half Moon,314,2026-10-13,2026-09-29T05:23:02.242123,https://www.booking.com/searchresults.html?ss=London&group_adults=2&no_rooms=1&group_children=0&checkin=2026-10-13&checkout=2026-10-14&selected_currency=USD&chal_t=1790633780949&force_referer=,half-moon-london,Southwark,London,9.0,Wonderful,528
https://www.booking.com/hotel/gb/ideal-lux-studios-near-kingscross-and-central-london.html?aid=304142&label=gen173nr-10CAQoggJCDXNlYXJjaF9sb25kb25IM1gEaPQBiAEBmAEzuAEXyAEM2AED6AEB-AEBiAIBqAIBuAK-zuvVBsACAdICJGFhMjY4NjU1LWI5MTQtNDIzOC1iY2MxLThkMTc2ZGY1MTZiM9gCAeACAQ&ucfs=1&arphpl=1&checkin=2026-10-13&checkout=2026-10-14&group_adults=2&req_adults=2&no_rooms=1&group_children=0&req_children=0&hpos=5&hapos=65&sr_order=popularity&srpvid=21039c9fdc8c0948&srepoch=1790633821&all_sr_blocks=1519915604_429675491_2_0_0&highlighted_blocks=1519915604_429675491_2_0_0&matching_block_id=1519915604_429675491_2_0_0&sr_pri_blocks=1519915604_429675491_2_0_0__8640&from=searchresults,Lovely Lux Studios near Kingscross and Central London Keyless Smart Check-In,114,2026-10-13,2026-09-29T05:23:02.327210,https://www.booking.com/searchresults.html?ss=London&group_adults=2&no_rooms=1&group_children=0&checkin=2026-10-13&checkout=2026-10-14&selected_currency=USD&chal_t=1790633780949&force_referer=,ideal-lux-studios-near-kingscross-and-central-london,Islington,London,6.9,Average,195
https://www.booking.com/hotel/gb/easy-victoria.html?aid=304142&label=gen173nr-10CAQoggJCDXNlYXJjaF9sb25kb25IM1gEaPQBiAEBmAEzuAEXyAEM2AED6AEB-AEBiAIBqAIBuAK-zuvVBsACAdICJGFhMjY4NjU1LWI5MTQtNDIzOC1iY2MxLThkMTc2ZGY1MTZiM9gCAeACAQ&ucfs=1&arphpl=1&checkin=2026-10-13&checkout=2026-10-14&group_adults=2&req_adults=2&no_rooms=1&group_children=0&req_children=0&hpos=6&hapos=66&sr_order=popularity&srpvid=21039c9fdc8c0948&srepoch=1790633821&all_sr_blocks=166601209_309255696_0_0_0&highlighted_blocks=166601209_309255696_0_0_0&matching_block_id=166601209_309255696_0_0_0&sr_pri_blocks=166601209_309255696_0_0_0__14941&from_sustainable_property_sr=1&from=searchresults,easyHotel Victoria,198,2026-10-13,2026-09-29T05:23:02.424612,https://www.booking.com/searchresults.html?ss=London&group_adults=2&no_rooms=1&group_children=0&checkin=2026-10-13&checkout=2026-10-14&selected_currency=USD&chal_t=1790633780949&force_referer=,easy-victoria,Westminster Borough,London,7.0,Good,3137
https://www.booking.com/hotel/gb/harlingford.html?aid=304142&label=gen173nr-10CAQoggJCDXNlYXJjaF9sb25kb25IM1gEaPQBiAEBmAEzuAEXyAEM2AED6AEB-AEBiAIBqAIBuAK-zuvVBsACAdICJGFhMjY4NjU1LWI5MTQtNDIzOC1iY2MxLThkMTc2ZGY1MTZiM9gCAeACAQ&ucfs=1&arphpl=1&checkin=2026-10-13&checkout=2026-10-14&group_adults=2&req_adults=2&no_rooms=1&group_children=0&req_children=0&hpos=7&hapos=67&sr_order=popularity&srpvid=21039c9fdc8c0948&srepoch=1790633821&all_sr_blocks=161193404_91959168_0_2_0&highlighted_blocks=161193404_91959168_0_2_0&matching_block_id=161193404_91959168_0_2_0&sr_pri_blocks=161193404_91959168_0_2_0__18333&from=searchresults,Harlingford Hotel,243,2026-10-13,2026-09-29T05:23:02.509658,https://www.booking.com/searchresults.html?ss=London&group_adults=2&no_rooms=1&group_children=0&checkin=2026-10-13&checkout=2026-10-14&selected_currency=USD&chal_t=1790633780949&force_referer=,harlingford,Camden,London,8.4,Very Good,1088
https://www.booking.com/hotel/gb/park-grand-paddington-court.html?aid=304142&label=gen173nr-10CAQoggJCDXNlYXJjaF9sb25kb25IM1gEaPQBiAEBmAEzuAEXyAEM2AED6AEB-AEBiAIBqAIBuAK-zuvVBsACAdICJGFhMjY4NjU1LWI5MTQtNDIzOC1iY2MxLThkMTc2ZGY1MTZiM9gCAeACAQ&ucfs=1&arphpl=1&checkin=2026-10-13&checkout=2026-10-14&group_adults=2&req_adults=2&no_rooms=1&group_children=0&req_children=0&hpos=8&hapos=68&sr_order=popularity&srpvid=21039c9fdc8c0948&srepoch=1790633821&all_sr_blocks=20065602_99043363_2_2_0&highlighted_blocks=20065602_99043363_2_2_0&matching_block_id=20065602_99043363_2_2_0&sr_pri_blocks=20065602_99043363_2_2_0__12989&from=searchresults,Sunday London Paddington Hotel,172,2026-10-13,2026-09-29T05:23:02.576897,https://www.booking.com/searchresults.html?ss=London&group_adults=2&no_rooms=1&group_children=0&checkin=2026-10-13&checkout=2026-10-14&selected_currency=USD&chal_t=1790633780949&force_referer=,park-grand-paddington-court,Westminster Borough,London,6.8,Average,7827
https://www.booking.com/hotel/gb/lords-london.html?aid=304142&label=gen173nr-10CAQoggJCDXNlYXJjaF9sb25kb25IM1gEaPQBiAEBmAEzuAEXyAEM2AED6AEB-AEBiAIBqAIBuAK-zuvVBsACAdICJGFhMjY4NjU1LWI5MTQtNDIzOC1iY2MxLThkMTc2ZGY1MTZiM9gCAeACAQ&ucfs=1&arphpl=1&checkin=2026-10-13&checkout=2026-10-14&group_adults=2&req_adults=2&no_rooms=1&group_children=0&req_children=0&hpos=9&hapos=69&sr_order=popularity&srpvid=21039c9fdc8c0948&srepoch=1790633821&all_sr_blocks=37367953_90244974_0_1_0&highlighted_blocks=37367953_90244974_0_1_0&matching_block_id=37367953_90244974_0_1_0&sr_pri_blocks=37367953_90244974_0_1_0__15659&from=searchresults,Lords Hotel,207,2026-10-13,2026-09-29T05:23:02.635747,https://www.booking.com/searchresults.html?ss=London&group_adults=2&no_rooms=1&group_children=0&checkin=2026-10-13&checkout=2026-10-14&selected_currency=USD&chal_t=1790633780949&force_referer=,lords-london,Westminster Borough,London,7.6,Good,4544
https://www.booking.com/hotel/gb/london-quality-apartments.html?aid=304142&label=gen173nr-10CAQoggJCDXNlYXJjaF9sb25kb25IM1gEaPQBiAEBmAEzuAEXyAEM2AED6AEB-AEBiAIBqAIBuAK-zuvVBsACAdICJGFhMjY4NjU1LWI5MTQtNDIzOC1iY2MxLThkMTc2ZGY1MTZiM9gCAeACAQ&ucfs=1&arphpl=1&checkin=2026-10-13&checkout=2026-10-14&group_adults=2&req_adults=2&no_rooms=1&group_children=0&req_children=0&hpos=10&hapos=70&sr_order=popularity&srpvid=21039c9fdc8c0948&srepoch=1790633821&all_sr_blocks=28474719_91471159_0_0_0&highlighted_blocks=28474719_91471159_0_0_0&matching_block_id=28474719_91471159_0_0_0&sr_pri_blocks=28474719_91471159_0_0_0__13736&from=searchresults,Hyde Park Suites,182,2026-10-13,2026-09-29T05:23:02.700960,https://www.booking.com/searchresults.html?ss=London&group_adults=2&no_rooms=1&group_children=0&checkin=2026-10-13&checkout=2026-10-14&selected_currency=USD&chal_t=1790633780949&force_referer=,london-quality-apartments,Westminster Borough,London,7.9,Good,1368
https://www.booking.com/hotel/gb/petticoat-accommodations.html?aid=304142&label=gen173nr-10CAQoggJCDXNlYXJjaF9sb25kb25IM1gEaPQBiAEBmAEzuAEXyAEM2AED6AEB-AEBiAIBqAIBuAK-zuvVBsACAdICJGFhMjY4NjU1LWI5MTQtNDIzOC1iY2MxLThkMTc2ZGY1MTZiM9gCAeACAQ&ucfs=1&arphpl=1&checkin=2026-10-13&checkout=2026-10-14&group_adults=2&req_adults=2&no_rooms=1&group_children=0&req_children=0&hpos=11&hapos=71&sr_order=popularity&srpvid=21039c9fdc8c0948&srepoch=1790633821&all_sr_blocks=781043901_336688458_2_0_0&highlighted_blocks=781043901_336688458_2_0_0&matching_block_id=781043901_336688458_2_0_0&sr_pri_blocks=781043901_336688458_2_0_0__8033&from=searchresults,Petticoat Accommodations,106,2026-10-13,2026-09-29T05:23:02.762965,https://www.booking.com/searchresults.html?ss=London&group_adults=2&no_rooms=1&group_children=0&checkin=2026-10-13&checkout=2026-10-14&selected_currency=USD&chal_t=1790633780949&force_referer=,petticoat-accommodations,Tower Hamlets,London,7.0,Good,693
https://www.booking.com/hotel/gb/the-green-haven-studio-flat-bright-amp-central-walk-to-hyde-park.html?aid=304142&label=gen173nr-10CAQoggJCDXNlYXJjaF9sb25kb25IM1gEaPQBiAEBmAEzuAEXyAEM2AED6AEB-AEBiAIBqAIBuAK-zuvVBsACAdICJGFhMjY4NjU1LWI5MTQtNDIzOC1iY2MxLThkMTc2ZGY1MTZiM9gCAeACAQ&ucfs=1&arphpl=1&checkin=2026-10-13&checkout=2026-10-14&group_adults=2&req_adults=2&no_rooms=1&group_children=0&req_children=0&hpos=12&hapos=72&sr_order=popularity&srpvid=21039c9fdc8c0948&srepoch=1790633821&all_sr_blocks=1603326904_431283309_0_0_0&highlighted_blocks=1603326904_431283309_0_0_0&matching_block_id=1603326904_431283309_0_0_0&sr_pri_blocks=1603326904_431283309_0_0_0__12700&from=searchresults,The Victorian Hyde Park Residences - Central London,168,2026-10-13,2026-09-29T05:23:02.840852,https://www.booking.com/searchresults.html?ss=London&group_adults=2&no_rooms=1&group_children=0&checkin=2026-10-13&checkout=2026-10-14&selected_currency=USD&chal_t=1790633780949&force_referer=,the-green-haven-studio-flat-bright-amp-central-walk-to-hyde-park,Westminster Borough,London,10.0,Exceptional,3
https://www.booking.com/hotel/gb/acacia-hostel.html?aid=304142&label=gen173nr-10CAQoggJCDXNlYXJjaF9sb25kb25IM1gEaPQBiAEBmAEzuAEXyAEM2AED6AEB-AEBiAIBqAIBuAK-zuvVBsACAdICJGFhMjY4NjU1LWI5MTQtNDIzOC1iY2MxLThkMTc2ZGY1MTZiM9gCAeACAQ&ucfs=1&arphpl=1&checkin=2026-10-13&checkout=2026-10-14&group_adults=2&req_adults=2&no_rooms=1&group_children=0&req_children=0&hpos=13&hapos=73&sr_order=popularity&srpvid=21039c9fdc8c0948&srepoch=1790633821&all_sr_blocks=145498007_362958744_4_2_0&highlighted_blocks=145498007_362958744_4_2_0&matching_block_id=145498007_362958744_4_2_0&sr_pri_blocks=145498007_362958744_4_2_0__21908&from=searchresults,Acacia Hotel,290,2026-10-13,2026-09-29T05:23:02.920544,https://www.booking.com/searchresults.html?ss=London&group_adults=2&no_rooms=1&group_children=0&checkin=2026-10-13&checkout=2026-10-14&selected_currency=USD&chal_t=1790633780949&force_referer=,acacia-hostel,Kensington and Chelsea,London,7.6,Good,2156
https://www.booking.com/hotel/gb/prince-william.html?aid=304142&label=gen173nr-10CAQoggJCDXNlYXJjaF9sb25kb25IM1gEaPQBiAEBmAEzuAEXyAEM2AED6AEB-AEBiAIBqAIBuAK-zuvVBsACAdICJGFhMjY4NjU1LWI5MTQtNDIzOC1iY2MxLThkMTc2ZGY1MTZiM9gCAeACAQ&ucfs=1&arphpl=1&checkin=2026-10-13&checkout=2026-10-14&group_adults=2&req_adults=2&no_rooms=1&group_children=0&req_children=0&hpos=14&hapos=74&sr_order=popularity&srpvid=21039c9fdc8c0948&srepoch=1790633821&all_sr_blocks=60446804_91935766_2_2_0&highlighted_blocks=60446804_91935766_2_2_0&matching_block_id=60446804_91935766_2_2_0&sr_pri_blocks=60446804_91935766_2_2_0__15399&from=searchresults,Prince William Hotel,204,2026-10-13,2026-09-29T05:23:03.000323,https://www.booking.com/searchresults.html?ss=London&group_adults=2&no_rooms=1&group_children=0&checkin=2026-10-13&checkout=2026-10-14&selected_currency=USD&chal_t=1790633780949&force_referer=,prince-william,Westminster Borough,London,7.1,Good,1818
https://www.booking.com/hotel/gb/treehouse-london-marylebone.html?aid=304142&label=gen173nr-10CAQoggJCDXNlYXJjaF9sb25kb25IM1gEaPQBiAEBmAEzuAEXyAEM2AED6AEB-AEBiAIBqAIBuAK-zuvVBsACAdICJGFhMjY4NjU1LWI5MTQtNDIzOC1iY2MxLThkMTc2ZGY1MTZiM9gCAeACAQ&ucfs=1&arphpl=1&checkin=2026-10-13&checkout=2026-10-14&group_adults=2&req_adults=2&no_rooms=1&group_children=0&req_children=0&hpos=15&hapos=75&sr_order=popularity&srpvid=21039c9fdc8c0948&srepoch=1790633821&all_sr_blocks=587380308_230341168_2_0_0&highlighted_blocks=587380308_230341168_2_0_0&matching_block_id=587380308_230341168_2_0_0&sr_pri_blocks=587380308_230341168_2_0_0__52560&from_sustainable_property_sr=1&from=searchresults,Treehouse Hotel London,696,2026-10-13,2026-09-29T05:23:03.068643,https://www.booking.com/searchresults.html?ss=London&group_adults=2&no_rooms=1&group_children=0&checkin=2026-10-13&checkout=2026-10-14&selected_currency=USD&chal_t=1790633780949&force_referer=,treehouse-london-marylebone,Westminster Borough,London,8.6,Excellent,1018
https://www.booking.com/hotel/gb/epsilon.html?aid=304142&label=gen173nr-10CAQoggJCDXNlYXJjaF9sb25kb25IM1gEaPQBiAEBmAEzuAEXyAEM2AED6AEB-AEBiAIBqAIBuAK-zuvVBsACAdICJGFhMjY4NjU1LWI5MTQtNDIzOC1iY2MxLThkMTc2ZGY1MTZiM9gCAeACAQ&ucfs=1&arphpl=1&checkin=2026-10-13&checkout=2026-10-14&group_adults=2&req_adults=2&no_rooms=1&group_children=0&req_children=0&hpos=16&hapos=76&sr_order=popularity&srpvid=21039c9fdc8c0948&srepoch=1790633821&all_sr_blocks=115809729_278525066_0_0_0&highlighted_blocks=115809729_278525066_0_0_0&matching_block_id=115809729_278525066_0_0_0&sr_pri_blocks=115809729_278525066_0_0_0__14000&from=searchresults,Epsilon Hotel,185,2026-10-13,2026-09-29T05:23:03.136336,https://www.booking.com/searchresults.html?ss=London&group_adults=2&no_rooms=1&group_children=0&checkin=2026-10-13&checkout=2026-10-14&selected_currency=USD&chal_t=1790633780949&force_referer=,epsilon,Newham,London,7.8,Good,3324
https://www.booking.com/hotel/gb/coachhorsehotellondon.html?aid=304142&label=gen173nr-10CAQoggJCDXNlYXJjaF9sb25kb25IM1gEaPQBiAEBmAEzuAEXyAEM2AED6AEB-AEBiAIBqAIBuAK-zuvVBsACAdICJGFhMjY4NjU1LWI5MTQtNDIzOC1iY2MxLThkMTc2ZGY1MTZiM9gCAeACAQ&ucfs=1&arphpl=1&checkin=2026-10-13&checkout=2026-10-14&group_adults=2&req_adults=2&no_rooms=1&group_children=0&req_children=0&hpos=17&hapos=77&sr_order=popularity&srpvid=21039c9fdc8c0948&srepoch=1790633821&all_sr_blocks=111032_440194333_0_2_0&highlighted_blocks=111032_440194333_0_2_0&matching_block_id=111032_440194333_0_2_0&sr_pri_blocks=111032_440194333_0_2_0__13008&from=searchresults,Coach & Horses Hotel,172,2026-10-13,2026-09-29T05:23:03.204847,https://www.booking.com/searchresults.html?ss=London&group_adults=2&no_rooms=1&group_children=0&checkin=2026-10-13&checkout=2026-10-14&selected_currency=USD&chal_t=1790633780949&force_referer=,coachhorsehotellondon,Mortlake,London,9.1,Wonderful,972
https://www.booking.com/hotel/gb/qualityhotelhampstead.html?aid=304142&label=gen173nr-10CAQoggJCDXNlYXJjaF9sb25kb25IM1gEaPQBiAEBmAEzuAEXyAEM2AED6AEB-AEBiAIBqAIBuAK-zuvVBsACAdICJGFhMjY4NjU1LWI5MTQtNDIzOC1iY2MxLThkMTc2ZGY1MTZiM9gCAeACAQ&ucfs=1&arphpl=1&checkin=2026-10-13&checkout=2026-10-14&group_adults=2&req_adults=2&no_rooms=1&group_children=0&req_children=0&hpos=18&hapos=78&sr_order=popularity&srpvid=21039c9fdc8c0948&srepoch=1790633821&all_sr_blocks=12123916_93710710_2_1_0&highlighted_blocks=12123916_93710710_2_1_0&matching_block_id=12123916_93710710_2_1_0&sr_pri_blocks=12123916_93710710_2_1_0__19710&from=searchresults,Quality Hotel Hampstead,261,2026-10-13,2026-09-29T05:23:03.286278,https://www.booking.com/searchresults.html?ss=London&group_adults=2&no_rooms=1&group_children=0&checkin=2026-10-13&checkout=2026-10-14&selected_currency=USD&chal_t=1790633780949&force_referer=,qualityhotelhampstead,Camden,London,8.3,Very Good,2755
https://www.booking.com/hotel/gb/hotelindigolondonkwestbyihg.html?aid=304142&label=gen173nr-10CAQoggJCDXNlYXJjaF9sb25kb25IM1gEaPQBiAEBmAEzuAEXyAEM2AED6AEB-AEBiAIBqAIBuAK-zuvVBsACAdICJGFhMjY4NjU1LWI5MTQtNDIzOC1iY2MxLThkMTc2ZGY1MTZiM9gCAeACAQ&ucfs=1&arphpl=1&checkin=2026-10-13&checkout=2026-10-14&group_adults=2&req_adults=2&no_rooms=1&group_children=0&req_children=0&hpos=19&hapos=79&sr_order=popularity&srpvid=21039c9fdc8c0948&srepoch=1790633821&all_sr_blocks=21730460_91912468_2_2_0&highlighted_blocks=21730460_91912468_2_2_0&matching_block_id=21730460_91912468_2_2_0&sr_pri_blocks=21730460_91912468_2_2_0__28300&from=searchresults,Hotel Indigo London K West Shepherd's Bush by IHG,375,2026-10-13,2026-09-29T05:23:03.374906,https://www.booking.com/searchresults.html?ss=London&group_adults=2&no_rooms=1&group_children=0&checkin=2026-10-13&checkout=2026-10-14&selected_currency=USD&chal_t=1790633780949&force_referer=,hotelindigolondonkwestbyihg,Hammersmith and Fulham,London,9.4,Wonderful,191
https://www.booking.com/hotel/gb/pembridge-palace.html?aid=304142&label=gen173nr-10CAQoggJCDXNlYXJjaF9sb25kb25IM1gEaPQBiAEBmAEzuAEXyAEM2AED6AEB-AEBiAIBqAIBuAK-zuvVBsACAdICJGFhMjY4NjU1LWI5MTQtNDIzOC1iY2MxLThkMTc2ZGY1MTZiM9gCAeACAQ&ucfs=1&arphpl=1&checkin=2026-10-13&checkout=2026-10-14&group_adults=2&req_adults=2&no_rooms=1&group_children=0&req_children=0&hpos=20&hapos=80&sr_order=popularity&srpvid=21039c9fdc8c0948&srepoch=1790633821&all_sr_blocks=3536409_106739633_0_2_0&highlighted_blocks=3536409_106739633_0_2_0&matching_block_id=3536409_106739633_0_2_0&sr_pri_blocks=3536409_106739633_0_2_0__18117&from=searchresults,Pembridge Palace Hotel,240,2026-10-13,2026-09-29T05:23:03.469484,https://www.booking.com/searchresults.html?ss=London&group_adults=2&no_rooms=1&group_children=0&checkin=2026-10-13&checkout=2026-10-14&selected_currency=USD&chal_t=1790633780949&force_referer=,pembridge-palace,Westminster Borough,London,8.0,Very Good,10344
https://www.booking.com/hotel/gb/hilton-wembley.html?aid=304142&label=gen173nr-10CAQoggJCDXNlYXJjaF9sb25kb25IM1gEaPQBiAEBmAEzuAEXyAEM2AED6AEB-AEBiAIBqAIBuAK-zuvVBsACAdICJGFhMjY4NjU1LWI5MTQtNDIzOC1iY2MxLThkMTc2ZGY1MTZiM9gCAeACAQ&ucfs=1&arphpl=1&checkin=2026-10-13&checkout=2026-10-14&group_adults=2&req_adults=2&no_rooms=1&group_children=0&req_children=0&hpos=1&hapos=81&sr_order=popularity&srpvid=21039c9fdc8c0948&srepoch=1790633827&all_sr_blocks=40059002_94457062_2_34_0&highlighted_blocks=40059002_94457062_2_34_0&matching_block_id=40059002_94457062_2_34_0&sr_pri_blocks=40059002_94457062_2_34_0__16897&from=searchresults,Hilton London Wembley,224,2026-10-13,2026-09-29T05:23:03.548917,https://www.booking.com/searchresults.html?ss=London&group_adults=2&no_rooms=1&group_children=0&checkin=2026-10-13&checkout=2026-10-14&selected_currency=USD&chal_t=1790633780949&force_referer=,hilton-wembley,Brent,London,8.8,Excellent,6764
https://www.booking.com/hotel/gb/leonardo-royal-london-tower-bridge-uk.html?aid=304142&label=gen173nr-10CAQoggJCDXNlYXJjaF9sb25kb25IM1gEaPQBiAEBmAEzuAEXyAEM2AED6AEB-AEBiAIBqAIBuAK-zuvVBsACAdICJGFhMjY4NjU1LWI5MTQtNDIzOC1iY2MxLThkMTc2ZGY1MTZiM9gCAeACAQ&ucfs=1&arphpl=1&checkin=2026-10-13&checkout=2026-10-14&group_adults=2&req_adults=2&no_rooms=1&group_children=0&req_children=0&hpos=2&hapos=82&sr_order=popularity&srpvid=21039c9fdc8c0948&srepoch=1790633827&all_sr_blocks=30109903_128729491_0_2_0&highlighted_blocks=30109903_128729491_0_2_0&matching_block_id=30109903_128729491_0_2_0&sr_pri_blocks=30109903_128729491_0_2_0__46413&from_sustainable_property_sr=1&from=searchresults,Leonardo Royal London Tower Bridge,615,2026-10-13,2026-09-29T05:23:03.621803,https://www.booking.com/searchresults.html?ss=London&group_adults=2&no_rooms=1&group_children=0&checkin=2026-10-13&checkout=2026-10-14&selected_currency=USD&chal_t=1790633780949&force_referer=,leonardo-royal-london-tower-bridge-uk,Tower Hamlets,London,8.7,Excellent,11598
https://www.booking.com/hotel/gb/yha-london-oxford-street.html?aid=304142&label=gen173nr-10CAQoggJCDXNlYXJjaF9sb25kb25IM1gEaPQBiAEBmAEzuAEXyAEM2AED6AEB-AEBiAIBqAIBuAK-zuvVBsACAdICJGFhMjY4NjU1LWI5MTQtNDIzOC1iY2MxLThkMTc2ZGY1MTZiM9gCAeACAQ&ucfs=1&arphpl=1&checkin=2026-10-13&checkout=2026-10-14&group_adults=2&req_adults=2&no_rooms=1&group_children=0&req_children=0&hpos=3&hapos=83&sr_order=popularity&srpvid=21039c9fdc8c0948&srepoch=1790633827&all_sr_blocks=1388534404_410852365_3_2_0&highlighted_blocks=1388534404_410852365_3_2_0&matching_block_id=1388534404_410852365_3_2_0&sr_pri_blocks=1388534404_410852365_3_2_0__9579&from=searchresults,Astor Oxford Street,127,2026-10-13,2026-09-29T05:23:03.708194,https://www.booking.com/searchresults.html?ss=London&group_adults=2&no_rooms=1&group_children=0&checkin=2026-10-13&checkout=2026-10-14&selected_currency=USD&chal_t=1790633780949&force_referer=,yha-london-oxford-street,Westminster Borough,London,8.0,Very Good,1145
https://www.booking.com/hotel/gb/rathbone-residence.html?aid=304142&label=gen173nr-10CAQoggJCDXNlYXJjaF9sb25kb25IM1gEaPQBiAEBmAEzuAEXyAEM2AED6AEB-AEBiAIBqAIBuAK-zuvVBsACAdICJGFhMjY4NjU1LWI5MTQtNDIzOC1iY2MxLThkMTc2ZGY1MTZiM9gCAeACAQ&ucfs=1&arphpl=1&checkin=2026-10-13&checkout=2026-10-14&group_adults=2&req_adults=2&no_rooms=1&group_children=0&req_children=0&hpos=4&hapos=84&sr_order=popularity&srpvid=21039c9fdc8c0948&srepoch=1790633827&all_sr_blocks=1703345402_441959903_4_0_0&highlighted_blocks=1703345402_441959903_4_0_0&matching_block_id=1703345402_441959903_4_0_0&sr_pri_blocks=1703345402_441959903_4_0_0__12240&from=searchresults,Rathbone Residence,162,2026-10-13,2026-09-29T05:23:03.790822,https://www.booking.com/searchresults.html?ss=London&group_adults=2&no_rooms=1&group_children=0&checkin=2026-10-13&checkout=2026-10-14&selected_currency=USD&chal_t=1790633780949&force_referer=,rathbone-residence,Westminster Borough,London,9.2,Wonderful,6
https://www.booking.com/hotel/gb/holiday-inn-express-london-excel.html?aid=304142&label=gen173nr-10CAQoggJCDXNlYXJjaF9sb25kb25IM1gEaPQBiAEBmAEzuAEXyAEM2AED6AEB-AEBiAIBqAIBuAK-zuvVBsACAdICJGFhMjY4NjU1LWI5MTQtNDIzOC1iY2MxLThkMTc2ZGY1MTZiM9gCAeACAQ&ucfs=1&arphpl=1&checkin=2026-10-13&checkout=2026-10-14&group_adults=2&req_adults=2&no_rooms=1&group_children=0&req_children=0&hpos=5&hapos=85&sr_order=popularity&srpvid=21039c9fdc8c0948&srepoch=1790633827&all_sr_blocks=134121401_91477058_2_33_0&highlighted_blocks=134121401_91477058_2_33_0&matching_block_id=134121401_91477058_2_33_0&sr_pri_blocks=134121401_91477058_2_33_0__26900&from=searchresults,Holiday Inn Express London - ExCel by IHG,356,2026-10-13,2026-09-29T05:23:03.878163,https://www.booking.com/searchresults.html?ss=London&group_adults=2&no_rooms=1&group_children=0&checkin=2026-10-13&checkout=2026-10-14&selected_currency=USD&chal_t=1790633780949&force_referer=,holiday-inn-express-london-excel,Newham,London,8.4,Very Good,4302
https://www.booking.com/hotel/gb/ibislondonexcel.html?aid=304142&label=gen173nr-10CAQoggJCDXNlYXJjaF9sb25kb25IM1gEaPQBiAEBmAEzuAEXyAEM2AED6AEB-AEBiAIBqAIBuAK-zuvVBsACAdICJGFhMjY4NjU1LWI5MTQtNDIzOC1iY2MxLThkMTc2ZGY1MTZiM9gCAeACAQ&ucfs=1&arphpl=1&checkin=2026-10-13&checkout=2026-10-14&group_adults=2&req_adults=2&no_rooms=1&group_children=0&req_children=0&hpos=6&hapos=86&sr_order=popularity&srpvid=21039c9fdc8c0948&srepoch=1790633827&all_sr_blocks=22088502_102715402_2_2_0&highlighted_blocks=22088502_102715402_2_2_0&matching_block_id=22088502_102715402_2_2_0&sr_pri_blocks=22088502_102715402_2_2_0__30600&from_sustainable_property_sr=1&from=searchresults,ibis London Excel-Docklands,405,2026-10-13,2026-09-29T05:23:04.003441,https://www.booking.com/searchresults.html?ss=London&group_adults=2&no_rooms=1&group_children=0&checkin=2026-10-13&checkout=2026-10-14&selected_currency=USD&chal_t=1790633780949&force_referer=,ibislondonexcel,Newham,London,8.1,Very Good,4202
https://www.booking.com/hotel/gb/the-academy.html?aid=304142&label=gen173nr-10CAQoggJCDXNlYXJjaF9sb25kb25IM1gEaPQBiAEBmAEzuAEXyAEM2AED6AEB-AEBiAIBqAIBuAK-zuvVBsACAdICJGFhMjY4NjU1LWI5MTQtNDIzOC1iY2MxLThkMTc2ZGY1MTZiM9gCAeACAQ&ucfs=1&arphpl=1&checkin=2026-10-13&checkout=2026-10-14&group_adults=2&req_adults=2&no_rooms=1&group_children=0&req_children=0&hpos=7&hapos=87&sr_order=popularity&srpvid=21039c9fdc8c0948&srepoch=1790633827&all_sr_blocks=36279309_91473377_2_1_0&highlighted_blocks=36279309_91473377_2_1_0&matching_block_id=36279309_91473377_2_1_0&sr_pri_blocks=36279309_91473377_2_1_0__41940&from=searchresults,The Academy - Small Luxury Hotels of the World,556,2026-10-13,2026-09-29T05:23:04.136400,https://www.booking.com/searchresults.html?ss=London&group_adults=2&no_rooms=1&group_children=0&checkin=2026-10-13&checkout=2026-10-14&selected_currency=USD&chal_t=1790633780949&force_referer=,the-academy,Camden,London,8.2,Very Good,2482
https://www.booking.com/hotel/gb/st-martins-lane.html?aid=304142&label=gen173nr-10CAQoggJCDXNlYXJjaF9sb25kb25IM1gEaPQBiAEBmAEzuAEXyAEM2AED6AEB-AEBiAIBqAIBuAK-zuvVBsACAdICJGFhMjY4NjU1LWI5MTQtNDIzOC1iY2MxLThkMTc2ZGY1MTZiM9gCAeACAQ&ucfs=1&arphpl=1&checkin=2026-10-13&checkout=2026-10-14&group_adults=2&req_adults=2&no_rooms=1&group_children=0&req_children=0&hpos=8&hapos=88&sr_order=popularity&srpvid=21039c9fdc8c0948&srepoch=1790633827&all_sr_blocks=3438227_95155399_2_2_0&highlighted_blocks=3438227_95155399_2_2_0&matching_block_id=3438227_95155399_2_2_0&sr_pri_blocks=3438227_95155399_2_2_0__72165&from_sustainable_property_sr=1&from=searchresults,St Martins Lane London,956,2026-10-13,2026-09-29T05:23:04.271118,https://www.booking.com/searchresults.html?ss=London&group_adults=2&no_rooms=1&group_children=0&checkin=2026-10-13&checkout=2026-10-14&selected_currency=USD&chal_t=1790633780949&force_referer=,st-martins-lane,Westminster Borough,London,8.6,Excellent,3337
https://www.booking.com/hotel/gb/z-tottenham-court-road.html?aid=304142&label=gen173nr-10CAQoggJCDXNlYXJjaF9sb25kb25IM1gEaPQBiAEBmAEzuAEXyAEM2AED6AEB-AEBiAIBqAIBuAK-zuvVBsACAdICJGFhMjY4NjU1LWI5MTQtNDIzOC1iY2MxLThkMTc2ZGY1MTZiM9gCAeACAQ&ucfs=1&arphpl=1&checkin=2026-10-13&checkout=2026-10-14&group_adults=2&req_adults=2&no_rooms=1&group_children=0&req_children=0&hpos=9&hapos=89&sr_order=popularity&srpvid=21039c9fdc8c0948&srepoch=1790633827&all_sr_blocks=303049302_111194707_2_2_0&highlighted_blocks=303049302_111194707_2_2_0&matching_block_id=303049302_111194707_2_2_0&sr_pri_blocks=303049302_111194707_2_2_0__29356&from_sustainable_property_sr=1&from=searchresults,The Z Hotel Tottenham Court Road,389,2026-10-13,2026-09-29T05:23:04.376443,https://www.booking.com/searchresults.html?ss=London&group_adults=2&no_rooms=1&group_children=0&checkin=2026-10-13&checkout=2026-10-14&selected_currency=USD&chal_t=1790633780949&force_referer=,z-tottenham-court-road,Westminster Borough,London,7.9,Good,6480
https://www.booking.com/hotel/gb/canopy-by-hilton-london-city.html?aid=304142&label=gen173nr-10CAQoggJCDXNlYXJjaF9sb25kb25IM1gEaPQBiAEBmAEzuAEXyAEM2AED6AEB-AEBiAIBqAIBuAK-zuvVBsACAdICJGFhMjY4NjU1LWI5MTQtNDIzOC1iY2MxLThkMTc2ZGY1MTZiM9gCAeACAQ&ucfs=1&arphpl=1&checkin=2026-10-13&checkout=2026-10-14&group_adults=2&req_adults=2&no_rooms=1&group_children=0&req_children=0&hpos=10&hapos=90&sr_order=popularity&srpvid=21039c9fdc8c0948&srepoch=1790633827&all_sr_blocks=713391418_298313240_2_0_0_951991&highlighted_blocks=713391418_298313240_2_0_0_951991&matching_block_id=713391418_298313240_2_0_0_951991&sr_pri_blocks=713391418_298313240_2_0_0_951991_63971&from_sustainable_property_sr=1&from=searchresults,Canopy by Hilton London City,848,2026-10-13,2026-09-29T05:23:04.476607,https://www.booking.com/searchresults.html?ss=London&group_adults=2&no_rooms=1&group_children=0&checkin=2026-10-13&checkout=2026-10-14&selected_currency=USD&chal_t=1790633780949&force_referer=,canopy-by-hilton-london-city,City of London,London,8.7,Excellent,1818
https://www.booking.com/hotel/gb/moxy-london-piccadilly-circus.html?aid=304142&label=gen173nr-10CAQoggJCDXNlYXJjaF9sb25kb25IM1gEaPQBiAEBmAEzuAEXyAEM2AED6AEB-AEBiAIBqAIBuAK-zuvVBsACAdICJGFhMjY4NjU1LWI5MTQtNDIzOC1iY2MxLThkMTc2ZGY1MTZiM9gCAeACAQ&ucfs=1&arphpl=1&checkin=2026-10-13&checkout=2026-10-14&group_adults=2&req_adults=2&no_rooms=1&group_children=0&req_children=0&hpos=11&hapos=91&sr_order=popularity&srpvid=21039c9fdc8c0948&srepoch=1790633827&all_sr_blocks=1475195501_418942435_0_2_0&highlighted_blocks=1475195501_418942435_0_2_0&matching_block_id=1475195501_418942435_0_2_0&sr_pri_blocks=1475195501_418942435_0_2_0__32400&from=searchresults,Moxy London Piccadilly Circus,429,2026-10-13,2026-09-29T05:23:04.575153,https://www.booking.com/searchresults.html?ss=London&group_adults=2&no_rooms=1&group_children=0&checkin=2026-10-13&checkout=2026-10-14&selected_currency=USD&chal_t=1790633780949&force_referer=,moxy-london-piccadilly-circus,Westminster Borough,London,8.2,Very Good,1948
https://www.booking.com/hotel/gb/londonguardshotel.html?aid=304142&label=gen173nr-10CAQoggJCDXNlYXJjaF9sb25kb25IM1gEaPQBiAEBmAEzuAEXyAEM2AED6AEB-AEBiAIBqAIBuAK-zuvVBsACAdICJGFhMjY4NjU1LWI5MTQtNDIzOC1iY2MxLThkMTc2ZGY1MTZiM9gCAeACAQ&ucfs=1&arphpl=1&checkin=2026-10-13&checkout=2026-10-14&group_adults=2&req_adults=2&no_rooms=1&group_children=0&req_children=0&hpos=12&hapos=92&sr_order=popularity&srpvid=21039c9fdc8c0948&srepoch=1790633827&all_sr_blocks=105714_91468004_2_0_0&highlighted_blocks=105714_91468004_2_0_0&matching_block_id=105714_91468004_2_0_0&sr_pri_blocks=105714_91468004_2_0_0__15583&from=searchresults,The Lancaster Hotel,206,2026-10-13,2026-09-29T05:23:04.678283,https://www.booking.com/searchresults.html?ss=London&group_adults=2&no_rooms=1&group_children=0&checkin=2026-10-13&checkout=2026-10-14&selected_currency=USD&chal_t=1790633780949&force_referer=,londonguardshotel,Westminster Borough,London,7.6,Good,775
https://www.booking.com/hotel/gb/earls-court-residence.html?aid=304142&label=gen173nr-10CAQoggJCDXNlYXJjaF9sb25kb25IM1gEaPQBiAEBmAEzuAEXyAEM2AED6AEB-AEBiAIBqAIBuAK-zuvVBsACAdICJGFhMjY4NjU1LWI5MTQtNDIzOC1iY2MxLThkMTc2ZGY1MTZiM9gCAeACAQ&ucfs=1&arphpl=1&checkin=2026-10-13&checkout=2026-10-14&group_adults=2&req_adults=2&no_rooms=1&group_children=0&req_children=0&hpos=13&hapos=93&sr_order=popularity&srpvid=21039c9fdc8c0948&srepoch=1790633827&all_sr_blocks=1706983701_442530394_2_0_0&highlighted_blocks=1706983701_442530394_2_0_0&matching_block_id=1706983701_442530394_2_0_0&sr_pri_blocks=1706983701_442530394_2_0_0__13932&from=searchresults,Earl's Court Residence,185,2026-10-13,2026-09-29T05:23:04.788245,https://www.booking.com/searchresults.html?ss=London&group_adults=2&no_rooms=1&group_children=0&checkin=2026-10-13&checkout=2026-10-14&selected_currency=USD&chal_t=1790633780949&force_referer=,earls-court-residence,Kensington and Chelsea,London,9.3,Wonderful,3
https://www.booking.com/hotel/gb/st-christoper-s-inn-village-london-bridge.html?aid=304142&label=gen173nr-10CAQoggJCDXNlYXJjaF9sb25kb25IM1gEaPQBiAEBmAEzuAEXyAEM2AED6AEB-AEBiAIBqAIBuAK-zuvVBsACAdICJGFhMjY4NjU1LWI5MTQtNDIzOC1iY2MxLThkMTc2ZGY1MTZiM9gCAeACAQ&ucfs=1&arphpl=1&checkin=2026-10-13&checkout=2026-10-14&group_adults=2&req_adults=2&no_rooms=1&group_children=0&req_children=0&hpos=14&hapos=94&sr_order=popularity&srpvid=21039c9fdc8c0948&srepoch=1790633827&all_sr_blocks=48752335_93759709_0_2_0&highlighted_blocks=48752335_93759709_0_2_0&matching_block_id=48752335_93759709_0_2_0&sr_pri_blocks=48752335_93759709_0_2_0__7143&from=searchresults,St Christopher's London Bridge - The Village,95,2026-10-13,2026-09-29T05:23:04.876308,https://www.booking.com/searchresults.html?ss=London&group_adults=2&no_rooms=1&group_children=0&checkin=2026-10-13&checkout=2026-10-14&selected_currency=USD&chal_t=1790633780949&force_referer=,st-christoper-s-inn-village-london-bridge,Southwark,London,7.5,Good,5518
https://www.booking.com/hotel/gb/centralparklondon.html?aid=304142&label=gen173nr-10CAQoggJCDXNlYXJjaF9sb25kb25IM1gEaPQBiAEBmAEzuAEXyAEM2AED6AEB-AEBiAIBqAIBuAK-zuvVBsACAdICJGFhMjY4NjU1LWI5MTQtNDIzOC1iY2MxLThkMTc2ZGY1MTZiM9gCAeACAQ&ucfs=1&arphpl=1&checkin=2026-10-13&checkout=2026-10-14&group_adults=2&req_adults=2&no_rooms=1&group_children=0&req_children=0&hpos=15&hapos=95&sr_order=popularity&srpvid=21039c9fdc8c0948&srepoch=1790633827&all_sr_blocks=14017_91909117_0_2_0_355909&highlighted_blocks=14017_91909117_0_2_0_355909&matching_block_id=14017_91909117_0_2_0_355909&sr_pri_blocks=14017_91909117_0_2_0_355909_15492&from=searchresults,Central Park Hotel,205,2026-10-13,2026-09-29T05:23:04.966515,https://www.booking.com/searchresults.html?ss=London&group_adults=2&no_rooms=1&group_children=0&checkin=2026-10-13&checkout=2026-10-14&selected_currency=USD&chal_t=1790633780949&force_referer=,centralparklondon,Westminster Borough,London,7.2,Good,10486
https://www.booking.com/hotel/gb/rosewood-hotel-london.html?aid=304142&label=gen173nr-10CAQoggJCDXNlYXJjaF9sb25kb25IM1gEaPQBiAEBmAEzuAEXyAEM2AED6AEB-AEBiAIBqAIBuAK-zuvVBsACAdICJGFhMjY4NjU1LWI5MTQtNDIzOC1iY2MxLThkMTc2ZGY1MTZiM9gCAeACAQ&ucfs=1&arphpl=1&checkin=2026-10-13&checkout=2026-10-14&group_adults=2&req_adults=2&no_rooms=1&group_children=0&req_children=0&hpos=16&hapos=96&sr_order=popularity&srpvid=21039c9fdc8c0948&srepoch=1790633827&all_sr_blocks=31162023_145076966_2_2_0_887101&highlighted_blocks=31162023_145076966_2_2_0_887101&matching_block_id=31162023_145076966_2_2_0_887101&sr_pri_blocks=31162023_145076966_2_2_0_887101_103700&from_sustainable_property_sr=1&from=searchresults,Rosewood London,1374,2026-10-13,2026-09-29T05:23:05.076453,https://www.booking.com/searchresults.html?ss=London&group_adults=2&no_rooms=1&group_children=0&checkin=2026-10-13&checkout=2026-10-14&selected_currency=USD&chal_t=1790633780949&force_referer=,rosewood-hotel-london,Camden,London,9.0,Wonderful,1623
https://www.booking.com/hotel/gb/citadinesbarbican.html?aid=304142&label=gen173nr-10CAQoggJCDXNlYXJjaF9sb25kb25IM1gEaPQBiAEBmAEzuAEXyAEM2AED6AEB-AEBiAIBqAIBuAK-zuvVBsACAdICJGFhMjY4NjU1LWI5MTQtNDIzOC1iY2MxLThkMTc2ZGY1MTZiM9gCAeACAQ&ucfs=1&arphpl=1&checkin=2026-10-13&checkout=2026-10-14&group_adults=2&req_adults=2&no_rooms=1&group_children=0&req_children=0&hpos=17&hapos=97&sr_order=popularity&srpvid=21039c9fdc8c0948&srepoch=1790633827&all_sr_blocks=16531_96389633_2_2_0&highlighted_blocks=16531_96389633_2_2_0&matching_block_id=16531_96389633_2_2_0&sr_pri_blocks=16531_96389633_2_2_0__38000&from_sustainable_property_sr=1&from=searchresults,Citadines Barbican London,503,2026-10-13,2026-09-29T05:23:05.165338,https://www.booking.com/searchresults.html?ss=London&group_adults=2&no_rooms=1&group_children=0&checkin=2026-10-13&checkout=2026-10-14&selected_currency=USD&chal_t=1790633780949&force_referer=,citadinesbarbican,Islington,London,8.6,Excellent,2106
https://www.booking.com/hotel/gb/waverleyhousehotel.html?aid=304142&label=gen173nr-10CAQoggJCDXNlYXJjaF9sb25kb25IM1gEaPQBiAEBmAEzuAEXyAEM2AED6AEB-AEBiAIBqAIBuAK-zuvVBsACAdICJGFhMjY4NjU1LWI5MTQtNDIzOC1iY2MxLThkMTc2ZGY1MTZiM9gCAeACAQ&ucfs=1&arphpl=1&checkin=2026-10-13&checkout=2026-10-14&group_adults=2&req_adults=2&no_rooms=1&group_children=0&req_children=0&hpos=18&hapos=98&sr_order=popularity&srpvid=21039c9fdc8c0948&srepoch=1790633827&all_sr_blocks=12144013_95455170_2_2_0&highlighted_blocks=12144013_95455170_2_2_0&matching_block_id=12144013_95455170_2_2_0&sr_pri_blocks=12144013_95455170_2_2_0__39500&from=searchresults,voco London - Bloomsbury by IHG,523,2026-10-13,2026-09-29T05:23:05.259309,https://www.booking.com/searchresults.html?ss=London&group_adults=2&no_rooms=1&group_children=0&checkin=2026-10-13&checkout=2026-10-14&selected_currency=USD&chal_t=1790633780949&force_referer=,waverleyhousehotel,Camden,London,8.6,Excellent,58
https://www.booking.com/hotel/gb/the-z-piccadilly.html?aid=304142&label=gen173nr-10CAQoggJCDXNlYXJjaF9sb25kb25IM1gEaPQBiAEBmAEzuAEXyAEM2AED6AEB-AEBiAIBqAIBuAK-zuvVBsACAdICJGFhMjY4NjU1LWI5MTQtNDIzOC1iY2MxLThkMTc2ZGY1MTZiM9gCAeACAQ&ucfs=1&arphpl=1&checkin=2026-10-13&checkout=2026-10-14&group_adults=2&req_adults=2&no_rooms=1&group_children=0&req_children=0&hpos=19&hapos=99&sr_order=popularity&srpvid=21039c9fdc8c0948&srepoch=1790633828&all_sr_blocks=101503201_91943319_2_2_0&highlighted_blocks=101503201_91943319_2_2_0&matching_block_id=101503201_91943319_2_2_0&sr_pri_blocks=101503201_91943319_2_2_0__33940&from=searchresults,The Z Hotel Piccadilly,450,2026-10-13,2026-09-29T05:23:05.342059,https://www.booking.com/searchresults.html?ss=London&group_adults=2&no_rooms=1&group_children=0&checkin=2026-10-13&checkout=2026-10-14&selected_currency=USD&chal_t=1790633780949&force_referer=,the-z-piccadilly,Westminster Borough,London,8.0,Very Good,7834
https://www.booking.com/hotel/gb/central-pimlico-hub.html?aid=304142&label=gen173nr-10CAQoggJCDXNlYXJjaF9sb25kb25IM1gEaPQBiAEBmAEzuAEXyAEM2AED6AEB-AEBiAIBqAIBuAK-zuvVBsACAdICJGFhMjY4NjU1LWI5MTQtNDIzOC1iY2MxLThkMTc2ZGY1MTZiM9gCAeACAQ&ucfs=1&arphpl=1&checkin=2026-10-13&checkout=2026-10-14&group_adults=2&req_adults=2&no_rooms=1&group_children=0&req_children=0&hpos=20&hapos=100&sr_order=popularity&srpvid=21039c9fdc8c0948&srepoch=1790633828&all_sr_blocks=1387865805_410788801_2_0_0&highlighted_blocks=1387865805_410788801_2_0_0&matching_block_id=1387865805_410788801_2_0_0&sr_pri_blocks=1387865805_410788801_2_0_0__7760&from=searchresults,Central Pimlico Hub,103,2026-10-13,2026-09-29T05:23:05.451297,https://www.booking.com/searchresults.html?ss=London&group_adults=2&no_rooms=1&group_children=0&checkin=2026-10-13&checkout=2026-10-14&selected_currency=USD&chal_t=1790633780949&force_referer=,central-pimlico-hub,Westminster Borough,London,6.1,Average,314
https://www.booking.com/hotel/gb/pasha.html?aid=304142&label=gen173nr-10CAQoggJCDXNlYXJjaF9sb25kb25IM1gEaPQBiAEBmAEzuAEXyAEM2AED6AEB-AEBiAIBqAIBuAK-zuvVBsACAdICJGFhMjY4NjU1LWI5MTQtNDIzOC1iY2MxLThkMTc2ZGY1MTZiM9gCAeACAQ&ucfs=1&arphpl=1&checkin=2026-10-13&checkout=2026-10-14&group_adults=2&req_adults=2&no_rooms=1&group_children=0&req_children=0&hpos=1&hapos=101&sr_order=popularity&srpvid=21039c9fdc8c0948&srepoch=1790633842&all_sr_blocks=3613005_95158504_2_1_0&highlighted_blocks=3613005_95158504_2_1_0&matching_block_id=3613005_95158504_2_1_0&sr_pri_blocks=3613005_95158504_2_1_0__9315&from=searchresults,Pasha Hotel - 3* Boutique Hotel,123,2026-10-13,2026-09-29T05:23:05.556400,https://www.booking.com/searchresults.html?ss=London&group_adults=2&no_rooms=1&group_children=0&checkin=2026-10-13&checkout=2026-10-14&selected_currency=USD&chal_t=1790633780949&force_referer=,pasha,Southwark,London,6.2,Average,524
https://www.booking.com/hotel/gb/radissonblugrafton.html?aid=304142&label=gen173nr-10CAQoggJCDXNlYXJjaF9sb25kb25IM1gEaPQBiAEBmAEzuAEXyAEM2AED6AEB-AEBiAIBqAIBuAK-zuvVBsACAdICJGFhMjY4NjU1LWI5MTQtNDIzOC1iY2MxLThkMTc2ZGY1MTZiM9gCAeACAQ&ucfs=1&arphpl=1&checkin=2026-10-13&checkout=2026-10-14&group_adults=2&req_adults=2&no_rooms=1&group_children=0&req_children=0&hpos=2&hapos=102&sr_order=popularity&srpvid=21039c9fdc8c0948&srepoch=1790633842&all_sr_blocks=21761514_94349890_2_2_0&highlighted_blocks=21761514_94349890_2_2_0&matching_block_id=21761514_94349890_2_2_0&sr_pri_blocks=21761514_94349890_2_2_0__78800&from_sustainable_property_sr=1&from=searchresults,"Radisson Blu Hotel, London Euston Square",1044,2026-10-13,2026-09-29T05:23:05.653356,https://www.booking.com/searchresults.html?ss=London&group_adults=2&no_rooms=1&group_children=0&checkin=2026-10-13&checkout=2026-10-14&selected_currency=USD&chal_t=1790633780949&force_referer=,radissonblugrafton,Camden,London,8.6,Excellent,700
https://www.booking.com/hotel/gb/park-plaza-waterloo-london.html?aid=304142&label=gen173nr-10CAQoggJCDXNlYXJjaF9sb25kb25IM1gEaPQBiAEBmAEzuAEXyAEM2AED6AEB-AEBiAIBqAIBuAK-zuvVBsACAdICJGFhMjY4NjU1LWI5MTQtNDIzOC1iY2MxLThkMTc2ZGY1MTZiM9gCAeACAQ&ucfs=1&arphpl=1&checkin=2026-10-13&checkout=2026-10-14&group_adults=2&req_adults=2&no_rooms=1&group_children=0&req_children=0&hpos=3&hapos=103&sr_order=popularity&srpvid=21039c9fdc8c0948&srepoch=1790633842&all_sr_blocks=173734202_97566138_2_2_0&highlighted_blocks=173734202_97566138_2_2_0&matching_block_id=173734202_97566138_2_2_0&sr_pri_blocks=173734202_97566138_2_2_0__31950&from_sustainable_property_sr=1&from=searchresults,Park Plaza London Waterloo,423,2026-10-13,2026-09-29T05:23:05.738772,https://www.booking.com/searchresults.html?ss=London&group_adults=2&no_rooms=1&group_children=0&checkin=2026-10-13&checkout=2026-10-14&selected_currency=USD&chal_t=1790633780949&force_referer=,park-plaza-waterloo-london,Lambeth,London,8.2,Very Good,14971
https://www.booking.com/hotel/gb/dorsett-canary-wharf.html?aid=304142&label=gen173nr-10CAQoggJCDXNlYXJjaF9sb25kb25IM1gEaPQBiAEBmAEzuAEXyAEM2AED6AEB-AEBiAIBqAIBuAK-zuvVBsACAdICJGFhMjY4NjU1LWI5MTQtNDIzOC1iY2MxLThkMTc2ZGY1MTZiM9gCAeACAQ&ucfs=1&arphpl=1&checkin=2026-10-13&checkout=2026-10-14&group_adults=2&req_adults=2&no_rooms=1&group_children=0&req_children=0&hpos=4&hapos=104&sr_order=popularity&srpvid=21039c9fdc8c0948&srepoch=1790633842&all_sr_blocks=1355786410_407887395_2_2_0&highlighted_blocks=1355786410_407887395_2_2_0&matching_block_id=1355786410_407887395_2_2_0&sr_pri_blocks=1355786410_407887395_2_2_0__30517&from=searchresults,Dorsett Hotel Canary Wharf,404,2026-10-13,2026-09-29T05:23:05.823416,https://www.booking.com/searchresults.html?ss=London&group_adults=2&no_rooms=1&group_children=0&checkin=2026-10-13&checkout=2026-10-14&selected_currency=USD&chal_t=1790633780949&force_referer=,dorsett-canary-wharf,Tower Hamlets,London,8.2,Very Good,1380
https://www.booking.com/hotel/gb/the-wellington-london.html?aid=304142&label=gen173nr-10CAQoggJCDXNlYXJjaF9sb25kb25IM1gEaPQBiAEBmAEzuAEXyAEM2AED6AEB-AEBiAIBqAIBuAK-zuvVBsACAdICJGFhMjY4NjU1LWI5MTQtNDIzOC1iY2MxLThkMTc2ZGY1MTZiM9gCAeACAQ&ucfs=1&arphpl=1&checkin=2026-10-13&checkout=2026-10-14&group_adults=2&req_adults=2&no_rooms=1&group_children=0&req_children=0&hpos=5&hapos=105&sr_order=popularity&srpvid=21039c9fdc8c0948&srepoch=1790633842&all_sr_blocks=101702301_100456889_0_1_0&highlighted_blocks=101702301_100456889_0_1_0&matching_block_id=101702301_100456889_0_1_0&sr_pri_blocks=101702301_100456889_0_1_0__32490&from=searchresults,The Wellington Hotel,430,2026-10-13,2026-09-29T05:23:05.917171,https://www.booking.com/searchresults.html?ss=London&group_adults=2&no_rooms=1&group_children=0&checkin=2026-10-13&checkout=2026-10-14&selected_currency=USD&chal_t=1790633780949&force_referer=,the-wellington-london,Lambeth,London,8.2,Very Good,410
https://www.booking.com/hotel/gb/kensington-close-and-spa.html?aid=304142&label=gen173nr-10CAQoggJCDXNlYXJjaF9sb25kb25IM1gEaPQBiAEBmAEzuAEXyAEM2AED6AEB-AEBiAIBqAIBuAK-zuvVBsACAdICJGFhMjY4NjU1LWI5MTQtNDIzOC1iY2MxLThkMTc2ZGY1MTZiM9gCAeACAQ&ucfs=1&arphpl=1&checkin=2026-10-13&checkout=2026-10-14&group_adults=2&req_adults=2&no_rooms=1&group_children=0&req_children=0&hpos=6&hapos=106&sr_order=popularity&srpvid=21039c9fdc8c0948&srepoch=1790633842&all_sr_blocks=17735713_97567589_2_34_0&highlighted_blocks=17735713_97567589_2_34_0&matching_block_id=17735713_97567589_2_34_0&sr_pri_blocks=17735713_97567589_2_34_0__26900&from_sustainable_property_sr=1&from=searchresults,Holiday Inn London Kensington High St. by IHG,356,2026-10-13,2026-09-29T05:23:06.004370,https://www.booking.com/searchresults.html?ss=London&group_adults=2&no_rooms=1&group_children=0&checkin=2026-10-13&checkout=2026-10-14&selected_currency=USD&chal_t=1790633780949&force_referer=,kensington-close-and-spa,Kensington and Chelsea,London,7.6,Good,11537
https://www.booking.com/hotel/gb/cyberlobby-com-fairway.html?aid=304142&label=gen173nr-10CAQoggJCDXNlYXJjaF9sb25kb25IM1gEaPQBiAEBmAEzuAEXyAEM2AED6AEB-AEBiAIBqAIBuAK-zuvVBsACAdICJGFhMjY4NjU1LWI5MTQtNDIzOC1iY2MxLThkMTc2ZGY1MTZiM9gCAeACAQ&ucfs=1&arphpl=1&checkin=2026-10-13&checkout=2026-10-14&group_adults=2&req_adults=2&no_rooms=1&group_children=0&req_children=0&hpos=7&hapos=107&sr_order=popularity&srpvid=21039c9fdc8c0948&srepoch=1790633842&all_sr_blocks=6603_388043582_2_0_0&highlighted_blocks=6603_388043582_2_0_0&matching_block_id=6603_388043582_2_0_0&sr_pri_blocks=6603_388043582_2_0_0__19965&from=searchresults,Fairway Hotel,265,2026-10-13,2026-09-29T05:23:06.091705,https://www.booking.com/searchresults.html?ss=London&group_adults=2&no_rooms=1&group_children=0&checkin=2026-10-13&checkout=2026-10-14&selected_currency=USD&chal_t=1790633780949&force_referer=,cyberlobby-com-fairway,Camden,London,7.7,Good,2400
https://www.booking.com/hotel/gb/doubletree-by-hilton-london-excel.html?aid=304142&label=gen173nr-10CAQoggJCDXNlYXJjaF9sb25kb25IM1gEaPQBiAEBmAEzuAEXyAEM2AED6AEB-AEBiAIBqAIBuAK-zuvVBsACAdICJGFhMjY4NjU1LWI5MTQtNDIzOC1iY2MxLThkMTc2ZGY1MTZiM9gCAeACAQ&ucfs=1&arphpl=1&checkin=2026-10-13&checkout=2026-10-14&group_adults=2&req_adults=2&no_rooms=1&group_children=0&req_children=0&hpos=8&hapos=108&sr_order=popularity&srpvid=21039c9fdc8c0948&srepoch=1790633842&all_sr_blocks=22118404_94352311_2_34_0&highlighted_blocks=22118404_94352311_2_34_0&matching_block_id=22118404_94352311_2_34_0&sr_pri_blocks=22118404_94352311_2_34_0__28428&from_sustainable_property_sr=1&from=searchresults,DoubleTree By Hilton London Excel,377,2026-10-13,2026-09-29T05:23:06.203887,https://www.booking.com/searchresults.html?ss=London&group_adults=2&no_rooms=1&group_children=0&checkin=2026-10-13&checkout=2026-10-14&selected_currency=USD&chal_t=1790633780949&force_referer=,doubletree-by-hilton-london-excel,Newham,London,8.2,Very Good,5293
https://www.booking.com/hotel/gb/holiday-inn-london-kings-cross-bloomsbury.html?aid=304142&label=gen173nr-10CAQoggJCDXNlYXJjaF9sb25kb25IM1gEaPQBiAEBmAEzuAEXyAEM2AED6AEB-AEBiAIBqAIBuAK-zuvVBsACAdICJGFhMjY4NjU1LWI5MTQtNDIzOC1iY2MxLThkMTc2ZGY1MTZiM9gCAeACAQ&ucfs=1&arphpl=1&checkin=2026-10-13&checkout=2026-10-14&group_adults=2&req_adults=2&no_rooms=1&group_children=0&req_children=0&hpos=9&hapos=109&sr_order=popularity&srpvid=21039c9fdc8c0948&srepoch=1790633842&all_sr_blocks=24834606_94364841_2_42_0&highlighted_blocks=24834606_94364841_2_42_0&matching_block_id=24834606_94364841_2_42_0&sr_pri_blocks=24834606_94364841_2_42_0__37800&from_sustainable_property_sr=1&from=searchresults,Crowne Plaza London Kings Cross by IHG,501,2026-10-13,2026-09-29T05:23:06.304276,https://www.booking.com/searchresults.html?ss=London&group_adults=2&no_rooms=1&group_children=0&checkin=2026-10-13&checkout=2026-10-14&selected_currency=USD&chal_t=1790633780949&force_referer=,holiday-inn-london-kings-cross-bloomsbury,Islington,London,8.1,Very Good,6763
https://www.booking.com/hotel/gb/double-room-east-london-near-tower-bridge-canary-wharf-dlr.html?aid=304142&label=gen173nr-10CAQoggJCDXNlYXJjaF9sb25kb25IM1gEaPQBiAEBmAEzuAEXyAEM2AED6AEB-AEBiAIBqAIBuAK-zuvVBsACAdICJGFhMjY4NjU1LWI5MTQtNDIzOC1iY2MxLThkMTc2ZGY1MTZiM9gCAeACAQ&ucfs=1&arphpl=1&checkin=2026-10-13&checkout=2026-10-14&group_adults=2&req_adults=2&no_rooms=1&group_children=0&req_children=0&hpos=10&hapos=110&sr_order=popularity&srpvid=21039c9fdc8c0948&srepoch=1790633842&all_sr_blocks=1631502401_433675129_2_0_0&highlighted_blocks=1631502401_433675129_2_0_0&matching_block_id=1631502401_433675129_2_0_0&sr_pri_blocks=1631502401_433675129_2_0_0__8250&from=searchresults,"Double Room, East London, Near Tower Bridge, Canary Wharf, DLR",109,2026-10-13,2026-09-29T05:23:06.420231,https://www.booking.com/searchresults.html?ss=London&group_adults=2&no_rooms=1&group_children=0&checkin=2026-10-13&checkout=2026-10-14&selected_currency=USD&chal_t=1790633780949&force_referer=,double-room-east-london-near-tower-bridge-canary-wharf-dlr,Tower Hamlets,London,0.0,No Reviews,0
https://www.booking.com/hotel/gb/the-brookmill-greater-london.html?aid=304142&label=gen173nr-10CAQoggJCDXNlYXJjaF9sb25kb25IM1gEaPQBiAEBmAEzuAEXyAEM2AED6AEB-AEBiAIBqAIBuAK-zuvVBsACAdICJGFhMjY4NjU1LWI5MTQtNDIzOC1iY2MxLThkMTc2ZGY1MTZiM9gCAeACAQ&ucfs=1&arphpl=1&checkin=2026-10-13&checkout=2026-10-14&group_adults=2&req_adults=2&no_rooms=1&group_children=0&req_children=0&hpos=11&hapos=111&sr_order=popularity&srpvid=21039c9fdc8c0948&srepoch=1790633842&all_sr_blocks=834383902_348795333_0_40_0&highlighted_blocks=834383902_348795333_0_40_0&matching_block_id=834383902_348795333_0_40_0&sr_pri_blocks=834383902_348795333_0_40_0__10024&from=searchresults,The Brookmill,133,2026-10-13,2026-09-29T05:23:06.521054,https://www.booking.com/searchresults.html?ss=London&group_adults=2&no_rooms=1&group_children=0&checkin=2026-10-13&checkout=2026-10-14&selected_currency=USD&chal_t=1790633780949&force_referer=,the-brookmill-greater-london,Lewisham,London,8.6,Excellent,363
https://www.booking.com/hotel/gb/the-westbridge-limited.html?aid=304142&label=gen173nr-10CAQoggJCDXNlYXJjaF9sb25kb25IM1gEaPQBiAEBmAEzuAEXyAEM2AED6AEB-AEBiAIBqAIBuAK-zuvVBsACAdICJGFhMjY4NjU1LWI5MTQtNDIzOC1iY2MxLThkMTc2ZGY1MTZiM9gCAeACAQ&ucfs=1&arphpl=1&checkin=2026-10-13&checkout=2026-10-14&group_adults=2&req_adults=2&no_rooms=1&group_children=0&req_children=0&hpos=12&hapos=112&sr_order=popularity&srpvid=21039c9fdc8c0948&srepoch=1790633842&all_sr_blocks=42593402_0_2_0_0&highlighted_blocks=42593402_0_2_0_0&matching_block_id=42593402_0_2_0_0&sr_pri_blocks=42593402_0_2_0_0__21511&from=searchresults,The Westbridge Hotel Stratford,285,2026-10-13,2026-09-29T05:23:06.641501,https://www.booking.com/searchresults.html?ss=London&group_adults=2&no_rooms=1&group_children=0&checkin=2026-10-13&checkout=2026-10-14&selected_currency=USD&chal_t=1790633780949&force_referer=,the-westbridge-limited,Newham,London,8.6,Excellent,6438
https://www.booking.com/hotel/gb/londonhousehotel.html?aid=304142&label=gen173nr-10CAQoggJCDXNlYXJjaF9sb25kb25IM1gEaPQBiAEBmAEzuAEXyAEM2AED6AEB-AEBiAIBqAIBuAK-zuvVBsACAdICJGFhMjY4NjU1LWI5MTQtNDIzOC1iY2MxLThkMTc2ZGY1MTZiM9gCAeACAQ&ucfs=1&arphpl=1&checkin=2026-10-13&checkout=2026-10-14&group_adults=2&req_adults=2&no_rooms=1&group_children=0&req_children=0&hpos=13&hapos=113&sr_order=popularity&srpvid=21039c9fdc8c0948&srepoch=1790633842&all_sr_blocks=20029713_0_2_0_0&highlighted_blocks=20029713_0_2_0_0&matching_block_id=20029713_0_2_0_0&sr_pri_blocks=20029713_0_2_0_0__20291&from=searchresults,London House Hotel,269,2026-10-13,2026-09-29T05:23:06.755884,https://www.booking.com/searchresults.html?ss=London&group_adults=2&no_rooms=1&group_children=0&checkin=2026-10-13&checkout=2026-10-14&selected_currency=USD&chal_t=1790633780949&force_referer=,londonhousehotel,Westminster Borough,London,8.2,Very Good,3139
https://www.booking.com/hotel/gb/enricohotel.html?aid=304142&label=gen173nr-10CAQoggJCDXNlYXJjaF9sb25kb25IM1gEaPQBiAEBmAEzuAEXyAEM2AED6AEB-AEBiAIBqAIBuAK-zuvVBsACAdICJGFhMjY4NjU1LWI5MTQtNDIzOC1iY2MxLThkMTc2ZGY1MTZiM9gCAeACAQ&ucfs=1&arphpl=1&checkin=2026-10-13&checkout=2026-10-14&group_adults=2&req_adults=2&no_rooms=1&group_children=0&req_children=0&hpos=14&hapos=114&sr_order=popularity&srpvid=21039c9fdc8c0948&srepoch=1790633842&all_sr_blocks=12151104_0_2_0_0&highlighted_blocks=12151104_0_2_0_0&matching_block_id=12151104_0_2_0_0&sr_pri_blocks=12151104_0_2_0_0__18404&from=searchresults,Enrico Hotel,244,2026-10-13,2026-09-29T05:23:06.853630,https://www.booking.com/searchresults.html?ss=London&group_adults=2&no_rooms=1&group_children=0&checkin=2026-10-13&checkout=2026-10-14&selected_currency=USD&chal_t=1790633780949&force_referer=,enricohotel,Westminster Borough,London,5.6,Average,740
https://www.booking.com/hotel/gb/london-marriott-marble-arch.html?aid=304142&label=gen173nr-10CAQoggJCDXNlYXJjaF9sb25kb25IM1gEaPQBiAEBmAEzuAEXyAEM2AED6AEB-AEBiAIBqAIBuAK-zuvVBsACAdICJGFhMjY4NjU1LWI5MTQtNDIzOC1iY2MxLThkMTc2ZGY1MTZiM9gCAeACAQ&ucfs=1&arphpl=1&checkin=2026-10-13&checkout=2026-10-14&group_adults=2&req_adults=2&no_rooms=1&group_children=0&req_children=0&hpos=15&hapos=115&sr_order=popularity&srpvid=21039c9fdc8c0948&srepoch=1790633842&all_sr_blocks=3697406_93498134_0_2_0&highlighted_blocks=3697406_93498134_0_2_0&matching_block_id=3697406_93498134_0_2_0&sr_pri_blocks=3697406_93498134_0_2_0__40425&from_sustainable_property_sr=1&from=searchresults,London Marriott Hotel Marble Arch,536,2026-10-13,2026-09-29T05:23:06.934186,https://www.booking.com/searchresults.html?ss=London&group_adults=2&no_rooms=1&group_children=0&checkin=2026-10-13&checkout=2026-10-14&selected_currency=USD&chal_t=1790633780949&force_referer=,london-marriott-marble-arch,Westminster Borough,London,7.7,Good,645
https://www.booking.com/hotel/gb/aragon-house-london.html?aid=304142&label=gen173nr-10CAQoggJCDXNlYXJjaF9sb25kb25IM1gEaPQBiAEBmAEzuAEXyAEM2AED6AEB-AEBiAIBqAIBuAK-zuvVBsACAdICJGFhMjY4NjU1LWI5MTQtNDIzOC1iY2MxLThkMTc2ZGY1MTZiM9gCAeACAQ&ucfs=1&arphpl=1&checkin=2026-10-13&checkout=2026-10-14&group_adults=2&req_adults=2&no_rooms=1&group_children=0&req_children=0&hpos=16&hapos=116&sr_order=popularity&srpvid=21039c9fdc8c0948&srepoch=1790633842&all_sr_blocks=0_0_2_0_0&highlighted_blocks=0_0_2_0_0&matching_block_id=0_0_2_0_0&sr_pri_blocks=0_0_2_0_0__21719&from=searchresults,Aragon House,288,2026-10-13,2026-09-29T05:23:07.009465,https://www.booking.com/searchresults.html?ss=London&group_adults=2&no_rooms=1&group_children=0&checkin=2026-10-13&checkout=2026-10-14&selected_currency=USD&chal_t=1790633780949&force_referer=,aragon-house-london,Hammersmith and Fulham,London,8.8,Excellent,230
https://www.booking.com/hotel/gb/ibis-styles-london-ealing.html?aid=304142&label=gen173nr-10CAQoggJCDXNlYXJjaF9sb25kb25IM1gEaPQBiAEBmAEzuAEXyAEM2AED6AEB-AEBiAIBqAIBuAK-zuvVBsACAdICJGFhMjY4NjU1LWI5MTQtNDIzOC1iY2MxLThkMTc2ZGY1MTZiM9gCAeACAQ&ucfs=1&arphpl=1&checkin=2026-10-13&checkout=2026-10-14&group_adults=2&req_adults=2&no_rooms=1&group_children=0&req_children=0&hpos=17&hapos=117&sr_order=popularity&srpvid=21039c9fdc8c0948&srepoch=1790633842&all_sr_blocks=175631101_102714360_2_42_0&highlighted_blocks=175631101_102714360_2_42_0&matching_block_id=175631101_102714360_2_42_0&sr_pri_blocks=175631101_102714360_2_42_0__18018&from_sustainable_property_sr=1&from=searchresults,ibis Styles London Ealing,239,2026-10-13,2026-09-29T05:23:07.104999,https://www.booking.com/searchresults.html?ss=London&group_adults=2&no_rooms=1&group_children=0&checkin=2026-10-13&checkout=2026-10-14&selected_currency=USD&chal_t=1790633780949&force_referer=,ibis-styles-london-ealing,Ealing,London,8.4,Very Good,2065
https://www.booking.com/hotel/gb/shaftesbury-hyde-park-international.html?aid=304142&label=gen173nr-10CAQoggJCDXNlYXJjaF9sb25kb25IM1gEaPQBiAEBmAEzuAEXyAEM2AED6AEB-AEBiAIBqAIBuAK-zuvVBsACAdICJGFhMjY4NjU1LWI5MTQtNDIzOC1iY2MxLThkMTc2ZGY1MTZiM9gCAeACAQ&ucfs=1&arphpl=1&checkin=2026-10-13&checkout=2026-10-14&group_adults=2&req_adults=2&no_rooms=1&group_children=0&req_children=0&hpos=18&hapos=118&sr_order=popularity&srpvid=21039c9fdc8c0948&srepoch=1790633842&all_sr_blocks=3772204_95161193_2_2_0&highlighted_blocks=3772204_95161193_2_2_0&matching_block_id=3772204_95161193_2_2_0&sr_pri_blocks=3772204_95161193_2_2_0__24280&from=searchresults,Hyde Park International,322,2026-10-13,2026-09-29T05:23:07.215853,https://www.booking.com/searchresults.html?ss=London&group_adults=2&no_rooms=1&group_children=0&checkin=2026-10-13&checkout=2026-10-14&selected_currency=USD&chal_t=1790633780949&force_referer=,shaftesbury-hyde-park-international,Westminster Borough,London,8.0,Very Good,5568
https://www.booking.com/hotel/gb/putney-greater-london.html?aid=304142&label=gen173nr-10CAQoggJCDXNlYXJjaF9sb25kb25IM1gEaPQBiAEBmAEzuAEXyAEM2AED6AEB-AEBiAIBqAIBuAK-zuvVBsACAdICJGFhMjY4NjU1LWI5MTQtNDIzOC1iY2MxLThkMTc2ZGY1MTZiM9gCAeACAQ&ucfs=1&arphpl=1&checkin=2026-10-13&checkout=2026-10-14&group_adults=2&req_adults=2&no_rooms=1&group_children=0&req_children=0&hpos=19&hapos=119&sr_order=popularity&srpvid=21039c9fdc8c0948&srepoch=1790633842&all_sr_blocks=422013705_0_2_0_0&highlighted_blocks=422013705_0_2_0_0&matching_block_id=422013705_0_2_0_0&sr_pri_blocks=422013705_0_2_0_0__13511&from=searchresults,Putney Hotel,179,2026-10-13,2026-09-29T05:23:07.308385,https://www.booking.com/searchresults.html?ss=London&group_adults=2&no_rooms=1&group_children=0&checkin=2026-10-13&checkout=2026-10-14&selected_currency=USD&chal_t=1790633780949&force_referer=,putney-greater-london,Wandsworth,London,6.7,Average,877
https://www.booking.com/hotel/gb/london-marriott-regents-park.html?aid=304142&label=gen173nr-10CAQoggJCDXNlYXJjaF9sb25kb25IM1gEaPQBiAEBmAEzuAEXyAEM2AED6AEB-AEBiAIBqAIBuAK-zuvVBsACAdICJGFhMjY4NjU1LWI5MTQtNDIzOC1iY2MxLThkMTc2ZGY1MTZiM9gCAeACAQ&ucfs=1&arphpl=1&checkin=2026-10-13&checkout=2026-10-14&group_adults=2&req_adults=2&no_rooms=1&group_children=0&req_children=0&hpos=20&hapos=120&sr_order=popularity&srpvid=21039c9fdc8c0948&srepoch=1790633842&all_sr_blocks=3697507_95159768_0_2_0&highlighted_blocks=3697507_95159768_0_2_0&matching_block_id=3697507_95159768_0_2_0&sr_pri_blocks=3697507_95159768_0_2_0__39421&from_sustainable_property_sr=1&from=searchresults,London Marriott Hotel Regents Park,522,2026-10-13,2026-09-29T05:23:07.399894,https://www.booking.com/searchresults.html?ss=London&group_adults=2&no_rooms=1&group_children=0&checkin=2026-10-13&checkout=2026-10-14&selected_currency=USD&chal_t=1790633780949&force_referer=,london-marriott-regents-park,Camden,London,8.3,Very Good,2568
https://www.booking.com/hotel/gb/page-8.html?aid=304142&label=gen173nr-10CAQoggJCDXNlYXJjaF9sb25kb25IM1gEaPQBiAEBmAEzuAEXyAEM2AED6AEB-AEBiAIBqAIBuAK-zuvVBsACAdICJGFhMjY4NjU1LWI5MTQtNDIzOC1iY2MxLThkMTc2ZGY1MTZiM9gCAeACAQ&ucfs=1&arphpl=1&checkin=2026-10-13&checkout=2026-10-14&group_adults=2&req_adults=2&no_rooms=1&group_children=0&req_children=0&hpos=1&hapos=121&sr_order=popularity&srpvid=21039c9fdc8c0948&srepoch=1790633848&all_sr_blocks=525044303_0_2_0_0&highlighted_blocks=525044303_0_2_0_0&matching_block_id=525044303_0_2_0_0&sr_pri_blocks=525044303_0_2_0_0__46002&from=searchresults,"Page8, Page Hotels",610,2026-10-13,2026-09-29T05:23:07.502024,https://www.booking.com/searchresults.html?ss=London&group_adults=2&no_rooms=1&group_children=0&checkin=2026-10-13&checkout=2026-10-14&selected_currency=USD&chal_t=1790633780949&force_referer=,page-8,Westminster Borough,London,9.2,Wonderful,4195
https://www.booking.com/hotel/gb/ellen-kensington.html?aid=304142&label=gen173nr-10CAQoggJCDXNlYXJjaF9sb25kb25IM1gEaPQBiAEBmAEzuAEXyAEM2AED6AEB-AEBiAIBqAIBuAK-zuvVBsACAdICJGFhMjY4NjU1LWI5MTQtNDIzOC1iY2MxLThkMTc2ZGY1MTZiM9gCAeACAQ&ucfs=1&arphpl=1&checkin=2026-10-13&checkout=2026-10-14&group_adults=2&req_adults=2&no_rooms=1&group_children=0&req_children=0&hpos=2&hapos=122&sr_order=popularity&srpvid=21039c9fdc8c0948&srepoch=1790633848&all_sr_blocks=1274102804_400226251_0_2_0&highlighted_blocks=1274102804_400226251_0_2_0&matching_block_id=1274102804_400226251_0_2_0&sr_pri_blocks=1274102804_400226251_0_2_0__22770&from=searchresults,Ellen Kensington,302,2026-10-13,2026-09-29T05:23:07.600839,https://www.booking.com/searchresults.html?ss=London&group_adults=2&no_rooms=1&group_children=0&checkin=2026-10-13&checkout=2026-10-14&selected_currency=USD&chal_t=1790633780949&force_referer=,ellen-kensington,Kensington and Chelsea,London,8.1,Very Good,3051
https://www.booking.com/hotel/gb/stauntonhotel.html?aid=304142&label=gen173nr-10CAQoggJCDXNlYXJjaF9sb25kb25IM1gEaPQBiAEBmAEzuAEXyAEM2AED6AEB-AEBiAIBqAIBuAK-zuvVBsACAdICJGFhMjY4NjU1LWI5MTQtNDIzOC1iY2MxLThkMTc2ZGY1MTZiM9gCAeACAQ&ucfs=1&arphpl=1&checkin=2026-10-13&checkout=2026-10-14&group_adults=2&req_adults=2&no_rooms=1&group_children=0&req_children=0&hpos=3&hapos=123&sr_order=popularity&srpvid=21039c9fdc8c0948&srepoch=1790633848&all_sr_blocks=11676602_91464096_3_1_0&highlighted_blocks=11676602_91464096_3_1_0&matching_block_id=11676602_91464096_3_1_0&sr_pri_blocks=11676602_91464096_3_1_0__36872&from=searchresults,Staunton Hotel,489,2026-10-13,2026-09-29T05:23:07.720700,https://www.booking.com/searchresults.html?ss=London&group_adults=2&no_rooms=1&group_children=0&checkin=2026-10-13&checkout=2026-10-14&selected_currency=USD&chal_t=1790633780949&force_referer=,stauntonhotel,Camden,London,8.4,Very Good,1124
https://www.booking.com/hotel/gb/moxy-london-excel.html?aid=304142&label=gen173nr-10CAQoggJCDXNlYXJjaF9sb25kb25IM1gEaPQBiAEBmAEzuAEXyAEM2AED6AEB-AEBiAIBqAIBuAK-zuvVBsACAdICJGFhMjY4NjU1LWI5MTQtNDIzOC1iY2MxLThkMTc2ZGY1MTZiM9gCAeACAQ&ucfs=1&arphpl=1&checkin=2026-10-13&checkout=2026-10-14&group_adults=2&req_adults=2&no_rooms=1&group_children=0&req_children=0&hpos=4&hapos=124&sr_order=popularity&srpvid=21039c9fdc8c0948&srepoch=1790633848&all_sr_blocks=205600601_95062861_0_2_0&highlighted_blocks=205600601_95062861_0_2_0&matching_block_id=205600601_95062861_0_2_0&sr_pri_blocks=205600601_95062861_0_2_0__23200&from_sustainable_property_sr=1&from=searchresults,Moxy London Excel,307,2026-10-13,2026-09-29T05:23:07.804054,https://www.booking.com/searchresults.html?ss=London&group_adults=2&no_rooms=1&group_children=0&checkin=2026-10-13&checkout=2026-10-14&selected_currency=USD&chal_t=1790633780949&force_referer=,moxy-london-excel,Newham,London,8.4,Very Good,2918
https://www.booking.com/hotel/gb/mcmullens.html?aid=304142&label=gen173nr-10CAQoggJCDXNlYXJjaF9sb25kb25IM1gEaPQBiAEBmAEzuAEXyAEM2AED6AEB-AEBiAIBqAIBuAK-zuvVBsACAdICJGFhMjY4NjU1LWI5MTQtNDIzOC1iY2MxLThkMTc2ZGY1MTZiM9gCAeACAQ&ucfs=1&arphpl=1&checkin=2026-10-13&checkout=2026-10-14&group_adults=2&req_adults=2&no_rooms=1&group_children=0&req_children=0&hpos=5&hapos=125&sr_order=popularity&srpvid=21039c9fdc8c0948&srepoch=1790633848&all_sr_blocks=1308994701_403694997_0_0_0&highlighted_blocks=1308994701_403694997_0_0_0&matching_block_id=1308994701_403694997_0_0_0&sr_pri_blocks=1308994701_403694997_0_0_0__48609&from=searchresults,The Spice of Life,644,2026-10-13,2026-09-29T05:23:07.889695,https://www.booking.com/searchresults.html?ss=London&group_adults=2&no_rooms=1&group_children=0&checkin=2026-10-13&checkout=2026-10-14&selected_currency=USD&chal_t=1790633780949&force_referer=,mcmullens,Westminster Borough,London,8.9,Excellent,490
https://www.booking.com/hotel/gb/hilton-london-islington.html?aid=304142&label=gen173nr-10CAQoggJCDXNlYXJjaF9sb25kb25IM1gEaPQBiAEBmAEzuAEXyAEM2AED6AEB-AEBiAIBqAIBuAK-zuvVBsACAdICJGFhMjY4NjU1LWI5MTQtNDIzOC1iY2MxLThkMTc2ZGY1MTZiM9gCAeACAQ&ucfs=1&arphpl=1&checkin=2026-10-13&checkout=2026-10-14&group_adults=2&req_adults=2&no_rooms=1&group_children=0&req_children=0&hpos=6&hapos=126&sr_order=popularity&srpvid=21039c9fdc8c0948&srepoch=1790633848&all_sr_blocks=3392521_95154740_2_42_0&highlighted_blocks=3392521_95154740_2_42_0&matching_block_id=3392521_95154740_2_42_0&sr_pri_blocks=3392521_95154740_2_42_0__34169&from_sustainable_property_sr=1&from=searchresults,Hilton London Angel Islington,453,2026-10-13,2026-09-29T05:23:07.966810,https://www.booking.com/searchresults.html?ss=London&group_adults=2&no_rooms=1&group_children=0&checkin=2026-10-13&checkout=2026-10-14&selected_currency=USD&chal_t=1790633780949&force_referer=,hilton-london-islington,Islington,London,7.6,Good,1988
https://www.booking.com/hotel/gb/london-marriott-maida-vale.html?aid=304142&label=gen173nr-10CAQoggJCDXNlYXJjaF9sb25kb25IM1gEaPQBiAEBmAEzuAEXyAEM2AED6AEB-AEBiAIBqAIBuAK-zuvVBsACAdICJGFhMjY4NjU1LWI5MTQtNDIzOC1iY2MxLThkMTc2ZGY1MTZiM9gCAeACAQ&ucfs=1&arphpl=1&checkin=2026-10-13&checkout=2026-10-14&group_adults=2&req_adults=2&no_rooms=1&group_children=0&req_children=0&hpos=7&hapos=127&sr_order=popularity&srpvid=21039c9fdc8c0948&srepoch=1790633848&all_sr_blocks=3687607_95159620_0_2_0&highlighted_blocks=3687607_95159620_0_2_0&matching_block_id=3687607_95159620_0_2_0&sr_pri_blocks=3687607_95159620_0_2_0__29151&from_sustainable_property_sr=1&from=searchresults,London Marriott Maida Vale,386,2026-10-13,2026-09-29T05:23:08.056690,https://www.booking.com/searchresults.html?ss=London&group_adults=2&no_rooms=1&group_children=0&checkin=2026-10-13&checkout=2026-10-14&selected_currency=USD&chal_t=1790633780949&force_referer=,london-marriott-maida-vale,Camden,London,8.3,Very Good,2305
https://www.booking.com/hotel/gb/zedwell-underground-tottenham-court-rd.html?aid=304142&label=gen173nr-10CAQoggJCDXNlYXJjaF9sb25kb25IM1gEaPQBiAEBmAEzuAEXyAEM2AED6AEB-AEBiAIBqAIBuAK-zuvVBsACAdICJGFhMjY4NjU1LWI5MTQtNDIzOC1iY2MxLThkMTc2ZGY1MTZiM9gCAeACAQ&ucfs=1&arphpl=1&checkin=2026-10-13&checkout=2026-10-14&group_adults=2&req_adults=2&no_rooms=1&group_children=0&req_children=0&hpos=8&hapos=128&sr_order=popularity&srpvid=21039c9fdc8c0948&srepoch=1790633848&all_sr_blocks=974813703_369857566_2_2_0&highlighted_blocks=974813703_369857566_2_2_0&matching_block_id=974813703_369857566_2_2_0&sr_pri_blocks=974813703_369857566_2_2_0__21780&from_sustainable_property_sr=1&from=searchresults,Zedwell Underground Hotel Tottenham Court Rd,289,2026-10-13,2026-09-29T05:23:08.142431,https://www.booking.com/searchresults.html?ss=London&group_adults=2&no_rooms=1&group_children=0&checkin=2026-10-13&checkout=2026-10-14&selected_currency=USD&chal_t=1790633780949&force_referer=,zedwell-underground-tottenham-court-rd,Camden,London,6.8,Average,8401
https://www.booking.com/hotel/gb/paddington-green-serviced-apartments.html?aid=304142&label=gen173nr-10CAQoggJCDXNlYXJjaF9sb25kb25IM1gEaPQBiAEBmAEzuAEXyAEM2AED6AEB-AEBiAIBqAIBuAK-zuvVBsACAdICJGFhMjY4NjU1LWI5MTQtNDIzOC1iY2MxLThkMTc2ZGY1MTZiM9gCAeACAQ&ucfs=1&arphpl=1&checkin=2026-10-13&checkout=2026-10-14&group_adults=2&req_adults=2&no_rooms=1&group_children=0&req_children=0&hpos=9&hapos=129&sr_order=popularity&srpvid=21039c9fdc8c0948&srepoch=1790633848&all_sr_blocks=25968503_155886167_0_0_0&highlighted_blocks=25968503_155886167_0_0_0&matching_block_id=25968503_155886167_0_0_0&sr_pri_blocks=25968503_155886167_0_0_0__11840&from=searchresults,Paddington Green Serviced Apartments,157,2026-10-13,2026-09-29T05:23:08.218472,https://www.booking.com/searchresults.html?ss=London&group_adults=2&no_rooms=1&group_children=0&checkin=2026-10-13&checkout=2026-10-14&selected_currency=USD&chal_t=1790633780949&force_referer=,paddington-green-serviced-apartments,Westminster Borough,London,7.9,Good,1346
https://www.booking.com/hotel/gb/the-leonard-apartments-london.html?aid=304142&label=gen173nr-10CAQoggJCDXNlYXJjaF9sb25kb25IM1gEaPQBiAEBmAEzuAEXyAEM2AED6AEB-AEBiAIBqAIBuAK-zuvVBsACAdICJGFhMjY4NjU1LWI5MTQtNDIzOC1iY2MxLThkMTc2ZGY1MTZiM9gCAeACAQ&ucfs=1&arphpl=1&checkin=2026-10-13&checkout=2026-10-14&group_adults=2&req_adults=2&no_rooms=1&group_children=0&req_children=0&hpos=10&hapos=130&sr_order=popularity&srpvid=21039c9fdc8c0948&srepoch=1790633848&all_sr_blocks=1353128007_407641062_2_2_0&highlighted_blocks=1353128007_407641062_2_2_0&matching_block_id=1353128007_407641062_2_2_0&sr_pri_blocks=1353128007_407641062_2_2_0__22183&from=searchresults,The Leonard Apartments,294,2026-10-13,2026-09-29T05:23:08.285519,https://www.booking.com/searchresults.html?ss=London&group_adults=2&no_rooms=1&group_children=0&checkin=2026-10-13&checkout=2026-10-14&selected_currency=USD&chal_t=1790633780949&force_referer=,the-leonard-apartments-london,Westminster Borough,London,7.9,Good,119
https://www.booking.com/hotel/gb/mabeldoncourthotel.html?aid=304142&label=gen173nr-10CAQoggJCDXNlYXJjaF9sb25kb25IM1gEaPQBiAEBmAEzuAEXyAEM2AED6AEB-AEBiAIBqAIBuAK-zuvVBsACAdICJGFhMjY4NjU1LWI5MTQtNDIzOC1iY2MxLThkMTc2ZGY1MTZiM9gCAeACAQ&ucfs=1&arphpl=1&checkin=2026-10-13&checkout=2026-10-14&group_adults=2&req_adults=2&no_rooms=1&group_children=0&req_children=0&hpos=11&hapos=131&sr_order=popularity&srpvid=21039c9fdc8c0948&srepoch=1790633848&all_sr_blocks=73982_88651892_2_0_0&highlighted_blocks=73982_88651892_2_0_0&matching_block_id=73982_88651892_2_0_0&sr_pri_blocks=73982_88651892_2_0_0__30888&from_sustainable_property_sr=1&from=searchresults,Mabledon Court Hotel,409,2026-10-13,2026-09-29T05:23:08.357106,https://www.booking.com/searchresults.html?ss=London&group_adults=2&no_rooms=1&group_children=0&checkin=2026-10-13&checkout=2026-10-14&selected_currency=USD&chal_t=1790633780949&force_referer=,mabeldoncourthotel,Camden,London,8.2,Very Good,75
https://www.booking.com/hotel/gb/lincoln-plaza-london-curio-collection-by-hilton.html?aid=304142&label=gen173nr-10CAQoggJCDXNlYXJjaF9sb25kb25IM1gEaPQBiAEBmAEzuAEXyAEM2AED6AEB-AEBiAIBqAIBuAK-zuvVBsACAdICJGFhMjY4NjU1LWI5MTQtNDIzOC1iY2MxLThkMTc2ZGY1MTZiM9gCAeACAQ&ucfs=1&arphpl=1&checkin=2026-10-13&checkout=2026-10-14&group_adults=2&req_adults=2&no_rooms=1&group_children=0&req_children=0&hpos=12&hapos=132&sr_order=popularity&srpvid=21039c9fdc8c0948&srepoch=1790633848&all_sr_blocks=234363721_100842647_2_2_0&highlighted_blocks=234363721_100842647_2_2_0&matching_block_id=234363721_100842647_2_2_0&sr_pri_blocks=234363721_100842647_2_2_0__45065&from=searchresults,"Lincoln Plaza Hotel London, Curio Collection By Hilton",597,2026-10-13,2026-09-29T05:23:08.438627,https://www.booking.com/searchresults.html?ss=London&group_adults=2&no_rooms=1&group_children=0&checkin=2026-10-13&checkout=2026-10-14&selected_currency=USD&chal_t=1790633780949&force_referer=,lincoln-plaza-london-curio-collection-by-hilton,Tower Hamlets,London,8.7,Excellent,1058
https://www.booking.com/hotel/gb/millenniumknightsbridge.html?aid=304142&label=gen173nr-10CAQoggJCDXNlYXJjaF9sb25kb25IM1gEaPQBiAEBmAEzuAEXyAEM2AED6AEB-AEBiAIBqAIBuAK-zuvVBsACAdICJGFhMjY4NjU1LWI5MTQtNDIzOC1iY2MxLThkMTc2ZGY1MTZiM9gCAeACAQ&ucfs=1&arphpl=1&checkin=2026-10-13&checkout=2026-10-14&group_adults=2&req_adults=2&no_rooms=1&group_children=0&req_children=0&hpos=13&hapos=133&sr_order=popularity&srpvid=21039c9fdc8c0948&srepoch=1790633848&all_sr_blocks=10305521_91463572_2_2_0_1109906&highlighted_blocks=10305521_91463572_2_2_0_1109906&matching_block_id=10305521_91463572_2_2_0_1109906&sr_pri_blocks=10305521_91463572_2_2_0_1109906_29568&from_sustainable_property_sr=1&from=searchresults,Millennium Hotel London Knightsbridge,392,2026-10-13,2026-09-29T05:23:08.504702,https://www.booking.com/searchresults.html?ss=London&group_adults=2&no_rooms=1&group_children=0&checkin=2026-10-13&checkout=2026-10-14&selected_currency=USD&chal_t=1790633780949&force_referer=,millenniumknightsbridge,Kensington and Chelsea,London,6.5,Average,2029
https://www.booking.com/hotel/gb/hilton-london-bankside.html?aid=304142&label=gen173nr-10CAQoggJCDXNlYXJjaF9sb25kb25IM1gEaPQBiAEBmAEzuAEXyAEM2AED6AEB-AEBiAIBqAIBuAK-zuvVBsACAdICJGFhMjY4NjU1LWI5MTQtNDIzOC1iY2MxLThkMTc2ZGY1MTZiM9gCAeACAQ&ucfs=1&arphpl=1&checkin=2026-10-13&checkout=2026-10-14&group_adults=2&req_adults=2&no_rooms=1&group_children=0&req_children=0&hpos=14&hapos=134&sr_order=popularity&srpvid=21039c9fdc8c0948&srepoch=1790633848&all_sr_blocks=144284726_91477169_2_2_0&highlighted_blocks=144284726_91477169_2_2_0&matching_block_id=144284726_91477169_2_2_0&sr_pri_blocks=144284726_91477169_2_2_0__51704&from_sustainable_property_sr=1&from=searchresults,Hilton London Bankside,685,2026-10-13,2026-09-29T05:23:08.620163,https://www.booking.com/searchresults.html?ss=London&group_adults=2&no_rooms=1&group_children=0&checkin=2026-10-13&checkout=2026-10-14&selected_currency=USD&chal_t=1790633780949&force_referer=,hilton-london-bankside,Southwark,London,8.7,Excellent,1541
https://www.booking.com/hotel/gb/londonolympia.html?aid=304142&label=gen173nr-10CAQoggJCDXNlYXJjaF9sb25kb25IM1gEaPQBiAEBmAEzuAEXyAEM2AED6AEB-AEBiAIBqAIBuAK-zuvVBsACAdICJGFhMjY4NjU1LWI5MTQtNDIzOC1iY2MxLThkMTc2ZGY1MTZiM9gCAeACAQ&ucfs=1&arphpl=1&checkin=2026-10-13&checkout=2026-10-14&group_adults=2&req_adults=2&no_rooms=1&group_children=0&req_children=0&hpos=15&hapos=135&sr_order=popularity&srpvid=21039c9fdc8c0948&srepoch=1790633848&all_sr_blocks=3489706_95156103_2_42_0&highlighted_blocks=3489706_95156103_2_42_0&matching_block_id=3489706_95156103_2_42_0&sr_pri_blocks=3489706_95156103_2_42_0__26662&from=searchresults,Hilton London Olympia,353,2026-10-13,2026-09-29T05:23:08.753187,https://www.booking.com/searchresults.html?ss=London&group_adults=2&no_rooms=1&group_children=0&checkin=2026-10-13&checkout=2026-10-14&selected_currency=USD&chal_t=1790633780949&force_referer=,londonolympia,Kensington and Chelsea,London,7.4,Good,3985
https://www.booking.com/hotel/gb/bronze-apartment.html?aid=304142&label=gen173nr-10CAQoggJCDXNlYXJjaF9sb25kb25IM1gEaPQBiAEBmAEzuAEXyAEM2AED6AEB-AEBiAIBqAIBuAK-zuvVBsACAdICJGFhMjY4NjU1LWI5MTQtNDIzOC1iY2MxLThkMTc2ZGY1MTZiM9gCAeACAQ&ucfs=1&arphpl=1&checkin=2026-10-13&checkout=2026-10-14&group_adults=2&req_adults=2&no_rooms=1&group_children=0&req_children=0&hpos=16&hapos=136&sr_order=popularity&srpvid=21039c9fdc8c0948&srepoch=1790633848&all_sr_blocks=28850216_360732513_0_0_0&highlighted_blocks=28850216_360732513_0_0_0&matching_block_id=28850216_360732513_0_0_0&sr_pri_blocks=28850216_360732513_0_0_0__17616&from=searchresults,MSK Elite,233,2026-10-13,2026-09-29T05:23:08.853498,https://www.booking.com/searchresults.html?ss=London&group_adults=2&no_rooms=1&group_children=0&checkin=2026-10-13&checkout=2026-10-14&selected_currency=USD&chal_t=1790633780949&force_referer=,bronze-apartment,Westminster Borough,London,8.0,Very Good,5326
https://www.booking.com/hotel/gb/cavendish-london.html?aid=304142&label=gen173nr-10CAQoggJCDXNlYXJjaF9sb25kb25IM1gEaPQBiAEBmAEzuAEXyAEM2AED6AEB-AEBiAIBqAIBuAK-zuvVBsACAdICJGFhMjY4NjU1LWI5MTQtNDIzOC1iY2MxLThkMTc2ZGY1MTZiM9gCAeACAQ&ucfs=1&arphpl=1&checkin=2026-10-13&checkout=2026-10-14&group_adults=2&req_adults=2&no_rooms=1&group_children=0&req_children=0&hpos=17&hapos=137&sr_order=popularity&srpvid=21039c9fdc8c0948&srepoch=1790633848&all_sr_blocks=3545503_0_2_1_0&highlighted_blocks=3545503_0_2_1_0&matching_block_id=3545503_0_2_1_0&sr_pri_blocks=3545503_0_2_1_0__27310&from_sustainable_property_sr=1&from=searchresults,Hotel Cavendish - Bloomsbury,362,2026-10-13,2026-09-29T05:23:08.925267,https://www.booking.com/searchresults.html?ss=London&group_adults=2&no_rooms=1&group_children=0&checkin=2026-10-13&checkout=2026-10-14&selected_currency=USD&chal_t=1790633780949&force_referer=,cavendish-london,Camden,London,6.9,Average,1393
https://www.booking.com/hotel/gb/central-luxe-studio-cook-relax-amp-enjoy.html?aid=304142&label=gen173nr-10CAQoggJCDXNlYXJjaF9sb25kb25IM1gEaPQBiAEBmAEzuAEXyAEM2AED6AEB-AEBiAIBqAIBuAK-zuvVBsACAdICJGFhMjY4NjU1LWI5MTQtNDIzOC1iY2MxLThkMTc2ZGY1MTZiM9gCAeACAQ&ucfs=1&arphpl=1&checkin=2026-10-13&checkout=2026-10-14&group_adults=2&req_adults=2&no_rooms=1&group_children=0&req_children=0&hpos=18&hapos=138&sr_order=popularity&srpvid=21039c9fdc8c0948&srepoch=1790633848&all_sr_blocks=1678725501_439659727_2_0_0&highlighted_blocks=1678725501_439659727_2_0_0&matching_block_id=1678725501_439659727_2_0_0&sr_pri_blocks=1678725501_439659727_2_0_0__16814&from=searchresults,"Central Luxe Studio Cook, Relax, & Enjoy!",223,2026-10-13,2026-09-29T05:23:08.999750,https://www.booking.com/searchresults.html?ss=London&group_adults=2&no_rooms=1&group_children=0&checkin=2026-10-13&checkout=2026-10-14&selected_currency=USD&chal_t=1790633780949&force_referer=,central-luxe-studio-cook-relax-amp-enjoy,Islington,London,8.6,Excellent,5
https://www.booking.com/hotel/gb/st-david-39-s-hotels.html?aid=304142&label=gen173nr-10CAQoggJCDXNlYXJjaF9sb25kb25IM1gEaPQBiAEBmAEzuAEXyAEM2AED6AEB-AEBiAIBqAIBuAK-zuvVBsACAdICJGFhMjY4NjU1LWI5MTQtNDIzOC1iY2MxLThkMTc2ZGY1MTZiM9gCAeACAQ&ucfs=1&arphpl=1&checkin=2026-10-13&checkout=2026-10-14&group_adults=2&req_adults=2&no_rooms=1&group_children=0&req_children=0&hpos=19&hapos=139&sr_order=popularity&srpvid=21039c9fdc8c0948&srepoch=1790633848&all_sr_blocks=218260301_108904012_2_0_0&highlighted_blocks=218260301_108904012_2_0_0&matching_block_id=218260301_108904012_2_0_0&sr_pri_blocks=218260301_108904012_2_0_0__24017&from=searchresults,St. David's Hotels Paddington,318,2026-10-13,2026-09-29T05:23:09.058513,https://www.booking.com/searchresults.html?ss=London&group_adults=2&no_rooms=1&group_children=0&checkin=2026-10-13&checkout=2026-10-14&selected_currency=USD&chal_t=1790633780949&force_referer=,st-david-39-s-hotels,Westminster Borough,London,8.0,Very Good,3087
https://www.booking.com/hotel/gb/novotel-london-blackfriars.html?aid=304142&label=gen173nr-10CAQoggJCDXNlYXJjaF9sb25kb25IM1gEaPQBiAEBmAEzuAEXyAEM2AED6AEB-AEBiAIBqAIBuAK-zuvVBsACAdICJGFhMjY4NjU1LWI5MTQtNDIzOC1iY2MxLThkMTc2ZGY1MTZiM9gCAeACAQ&ucfs=1&arphpl=1&checkin=2026-10-13&checkout=2026-10-14&group_adults=2&req_adults=2&no_rooms=1&group_children=0&req_children=0&hpos=20&hapos=140&sr_order=popularity&srpvid=21039c9fdc8c0948&srepoch=1790633848&all_sr_blocks=43201211_93498132_2_2_0&highlighted_blocks=43201211_93498132_2_2_0&matching_block_id=43201211_93498132_2_2_0&sr_pri_blocks=43201211_93498132_2_2_0__43100&from_sustainable_property_sr=1&from=searchresults,Novotel London Blackfriars,571,2026-10-13,2026-09-29T05:23:09.133779,https://www.booking.com/searchresults.html?ss=London&group_adults=2&no_rooms=1&group_children=0&checkin=2026-10-13&checkout=2026-10-14&selected_currency=USD&chal_t=1790633780949&force_referer=,novotel-london-blackfriars,Southwark,London,8.7,Excellent,3504
https://www.booking.com/hotel/gb/darlingtonhotel.html?aid=304142&label=gen173nr-10CAQoggJCDXNlYXJjaF9sb25kb25IM1gEaPQBiAEBmAEzuAEXyAEM2AED6AEB-AEBiAIBqAIBuAK-zuvVBsACAdICJGFhMjY4NjU1LWI5MTQtNDIzOC1iY2MxLThkMTc2ZGY1MTZiM9gCAeACAQ&ucfs=1&arphpl=1&checkin=2026-10-13&checkout=2026-10-14&group_adults=2&req_adults=2&no_rooms=1&group_children=0&req_children=0&hpos=1&hapos=141&sr_order=popularity&srpvid=21039c9fdc8c0948&srepoch=1790633860&all_sr_blocks=9594_0_2_1_0&highlighted_blocks=9594_0_2_1_0&matching_block_id=9594_0_2_1_0&sr_pri_blocks=9594_0_2_1_0__16540&from=searchresults,The Darlington Hyde Park,219,2026-10-13,2026-09-29T05:23:09.198163,https://www.booking.com/searchresults.html?ss=London&group_adults=2&no_rooms=1&group_children=0&checkin=2026-10-13&checkout=2026-10-14&selected_currency=USD&chal_t=1790633780949&force_referer=,darlingtonhotel,Westminster Borough,London,8.1,Very Good,1299
https://www.booking.com/hotel/gb/wellington.html?aid=304142&label=gen173nr-10CAQoggJCDXNlYXJjaF9sb25kb25IM1gEaPQBiAEBmAEzuAEXyAEM2AED6AEB-AEBiAIBqAIBuAK-zuvVBsACAdICJGFhMjY4NjU1LWI5MTQtNDIzOC1iY2MxLThkMTc2ZGY1MTZiM9gCAeACAQ&ucfs=1&arphpl=1&checkin=2026-10-13&checkout=2026-10-14&group_adults=2&req_adults=2&no_rooms=1&group_children=0&req_children=0&hpos=2&hapos=142&sr_order=popularity&srpvid=21039c9fdc8c0948&srepoch=1790633860&all_sr_blocks=0_0_2_0_0&highlighted_blocks=0_0_2_0_0&matching_block_id=0_0_2_0_0&sr_pri_blocks=0_0_2_0_0__34746&from=searchresults,Wellington Hotel by Blue Orchid,460,2026-10-13,2026-09-29T05:23:09.274714,https://www.booking.com/searchresults.html?ss=London&group_adults=2&no_rooms=1&group_children=0&checkin=2026-10-13&checkout=2026-10-14&selected_currency=USD&chal_t=1790633780949&force_referer=,wellington,Westminster Borough,London,8.3,Very Good,3136
https://www.booking.com/hotel/gb/tavistock.html?aid=304142&label=gen173nr-10CAQoggJCDXNlYXJjaF9sb25kb25IM1gEaPQBiAEBmAEzuAEXyAEM2AED6AEB-AEBiAIBqAIBuAK-zuvVBsACAdICJGFhMjY4NjU1LWI5MTQtNDIzOC1iY2MxLThkMTc2ZGY1MTZiM9gCAeACAQ&ucfs=1&arphpl=1&checkin=2026-10-13&checkout=2026-10-14&group_adults=2&req_adults=2&no_rooms=1&group_children=0&req_children=0&hpos=3&hapos=143&sr_order=popularity&srpvid=21039c9fdc8c0948&srepoch=1790633860&all_sr_blocks=911519802_0_2_0_0&highlighted_blocks=911519802_0_2_0_0&matching_block_id=911519802_0_2_0_0&sr_pri_blocks=911519802_0_2_0_0__25489&from_sustainable_property_sr=1&from=searchresults,Tavistock Hotel,338,2026-10-13,2026-09-29T05:23:09.339481,https://www.booking.com/searchresults.html?ss=London&group_adults=2&no_rooms=1&group_children=0&checkin=2026-10-13&checkout=2026-10-14&selected_currency=USD&chal_t=1790633780949&force_referer=,tavistock,Camden,London,8.2,Very Good,13648
https://www.booking.com/hotel/gb/stowaway-waterloo.html?aid=304142&label=gen173nr-10CAQoggJCDXNlYXJjaF9sb25kb25IM1gEaPQBiAEBmAEzuAEXyAEM2AED6AEB-AEBiAIBqAIBuAK-zuvVBsACAdICJGFhMjY4NjU1LWI5MTQtNDIzOC1iY2MxLThkMTc2ZGY1MTZiM9gCAeACAQ&ucfs=1&arphpl=1&checkin=2026-10-13&checkout=2026-10-14&group_adults=2&req_adults=2&no_rooms=1&group_children=0&req_children=0&hpos=4&hapos=144&sr_order=popularity&srpvid=21039c9fdc8c0948&srepoch=1790633860&all_sr_blocks=0_0_2_0_0&highlighted_blocks=0_0_2_0_0&matching_block_id=0_0_2_0_0&sr_pri_blocks=0_0_2_0_0__31945&from=searchresults,Stow Away Waterloo,423,2026-10-13,2026-09-29T05:23:09.411359,https://www.booking.com/searchresults.html?ss=London&group_adults=2&no_rooms=1&group_children=0&checkin=2026-10-13&checkout=2026-10-14&selected_currency=USD&chal_t=1790633780949&force_referer=,stowaway-waterloo,Lambeth,London,7.8,Good,1284
https://www.booking.com/hotel/gb/numa-london-bloomsbury.html?aid=304142&label=gen173nr-10CAQoggJCDXNlYXJjaF9sb25kb25IM1gEaPQBiAEBmAEzuAEXyAEM2AED6AEB-AEBiAIBqAIBuAK-zuvVBsACAdICJGFhMjY4NjU1LWI5MTQtNDIzOC1iY2MxLThkMTc2ZGY1MTZiM9gCAeACAQ&ucfs=1&arphpl=1&checkin=2026-10-13&checkout=2026-10-14&group_adults=2&req_adults=2&no_rooms=1&group_children=0&req_children=0&hpos=5&hapos=145&sr_order=popularity&srpvid=21039c9fdc8c0948&srepoch=1790633860&all_sr_blocks=3043532_95154627_2_0_0_700767&highlighted_blocks=3043532_95154627_2_0_0_700767&matching_block_id=3043532_95154627_2_0_0_700767&sr_pri_blocks=3043532_95154627_2_0_0_700767_38569&from=searchresults,Numa London Bloomsbury,511,2026-10-13,2026-09-29T05:23:09.472781,https://www.booking.com/searchresults.html?ss=London&group_adults=2&no_rooms=1&group_children=0&checkin=2026-10-13&checkout=2026-10-14&selected_currency=USD&chal_t=1790633780949&force_referer=,numa-london-bloomsbury,Camden,London,8.0,Very Good,2030
https://www.booking.com/hotel/gb/buckle-street-studios-by-locke.html?aid=304142&label=gen173nr-10CAQoggJCDXNlYXJjaF9sb25kb25IM1gEaPQBiAEBmAEzuAEXyAEM2AED6AEB-AEBiAIBqAIBuAK-zuvVBsACAdICJGFhMjY4NjU1LWI5MTQtNDIzOC1iY2MxLThkMTc2ZGY1MTZiM9gCAeACAQ&ucfs=1&arphpl=1&checkin=2026-10-13&checkout=2026-10-14&group_adults=2&req_adults=2&no_rooms=1&group_children=0&req_children=0&hpos=6&hapos=146&sr_order=popularity&srpvid=21039c9fdc8c0948&srepoch=1790633860&all_sr_blocks=762507502_333362048_0_2_0_1177093&highlighted_blocks=762507502_333362048_0_2_0_1177093&matching_block_id=762507502_333362048_0_2_0_1177093&sr_pri_blocks=762507502_333362048_0_2_0_1177093_33550&from=searchresults,"Buckle Street Studios by Locke, Aldgate",445,2026-10-13,2026-09-29T05:23:09.542451,https://www.booking.com/searchresults.html?ss=London&group_adults=2&no_rooms=1&group_children=0&checkin=2026-10-13&checkout=2026-10-14&selected_currency=USD&chal_t=1790633780949&force_referer=,buckle-street-studios-by-locke,Tower Hamlets,London,7.7,Good,1756
https://www.booking.com/hotel/gb/chester.html?aid=304142&label=gen173nr-10CAQoggJCDXNlYXJjaF9sb25kb25IM1gEaPQBiAEBmAEzuAEXyAEM2AED6AEB-AEBiAIBqAIBuAK-zuvVBsACAdICJGFhMjY4NjU1LWI5MTQtNDIzOC1iY2MxLThkMTc2ZGY1MTZiM9gCAeACAQ&ucfs=1&arphpl=1&checkin=2026-10-13&checkout=2026-10-14&group_adults=2&req_adults=2&no_rooms=1&group_children=0&req_children=0&hpos=7&hapos=147&sr_order=popularity&srpvid=21039c9fdc8c0948&srepoch=1790633860&all_sr_blocks=3767105_344466878_2_0_0&highlighted_blocks=3767105_344466878_2_0_0&matching_block_id=3767105_344466878_2_0_0&sr_pri_blocks=3767105_344466878_2_0_0__10363&from=searchresults,Chester Hotel,137,2026-10-13,2026-09-29T05:23:09.622350,https://www.booking.com/searchresults.html?ss=London&group_adults=2&no_rooms=1&group_children=0&checkin=2026-10-13&checkout=2026-10-14&selected_currency=USD&chal_t=1790633780949&force_referer=,chester,Westminster Borough,London,5.8,Average,1520
https://www.booking.com/hotel/gb/millenniumkensington.html?aid=304142&label=gen173nr-10CAQoggJCDXNlYXJjaF9sb25kb25IM1gEaPQBiAEBmAEzuAEXyAEM2AED6AEB-AEBiAIBqAIBuAK-zuvVBsACAdICJGFhMjY4NjU1LWI5MTQtNDIzOC1iY2MxLThkMTc2ZGY1MTZiM9gCAeACAQ&ucfs=1&arphpl=1&checkin=2026-10-13&checkout=2026-10-14&group_adults=2&req_adults=2&no_rooms=1&group_children=0&req_children=0&hpos=8&hapos=148&sr_order=popularity&srpvid=21039c9fdc8c0948&srepoch=1790633860&all_sr_blocks=20069949_99043364_2_42_0&highlighted_blocks=20069949_99043364_2_42_0&matching_block_id=20069949_99043364_2_42_0&sr_pri_blocks=20069949_99043364_2_42_0__32400&from_sustainable_property_sr=1&from=searchresults,The Bailey's Hotel London Kensington,429,2026-10-13,2026-09-29T05:23:10.035339,https://www.booking.com/searchresults.html?ss=London&group_adults=2&no_rooms=1&group_children=0&checkin=2026-10-13&checkout=2026-10-14&selected_currency=USD&chal_t=1790633780949&force_referer=,millenniumkensington,Kensington and Chelsea,London,8.3,Very Good,2061
https://www.booking.com/hotel/gb/anchor-hotel.html?aid=304142&label=gen173nr-10CAQoggJCDXNlYXJjaF9sb25kb25IM1gEaPQBiAEBmAEzuAEXyAEM2AED6AEB-AEBiAIBqAIBuAK-zuvVBsACAdICJGFhMjY4NjU1LWI5MTQtNDIzOC1iY2MxLThkMTc2ZGY1MTZiM9gCAeACAQ&ucfs=1&arphpl=1&checkin=2026-10-13&checkout=2026-10-14&group_adults=2&req_adults=2&no_rooms=1&group_children=0&req_children=0&hpos=9&hapos=149&sr_order=popularity&srpvid=21039c9fdc8c0948&srepoch=1790633860&all_sr_blocks=11351104_154659419_2_0_0&highlighted_blocks=11351104_154659419_2_0_0&matching_block_id=11351104_154659419_2_0_0&sr_pri_blocks=11351104_154659419_2_0_0__8316&from=searchresults,Anchor Guest House,110,2026-10-13,2026-09-29T05:23:10.234953,https://www.booking.com/searchresults.html?ss=London&group_adults=2&no_rooms=1&group_children=0&checkin=2026-10-13&checkout=2026-10-14&selected_currency=USD&chal_t=1790633780949&force_referer=,anchor-hotel,Golders Green,London,6.3,Average,3555
https://www.booking.com/hotel/gb/innkeeper-39-s-lodge.html?aid=304142&label=gen173nr-10CAQoggJCDXNlYXJjaF9sb25kb25IM1gEaPQBiAEBmAEzuAEXyAEM2AED6AEB-AEBiAIBqAIBuAK-zuvVBsACAdICJGFhMjY4NjU1LWI5MTQtNDIzOC1iY2MxLThkMTc2ZGY1MTZiM9gCAeACAQ&ucfs=1&arphpl=1&checkin=2026-10-13&checkout=2026-10-14&group_adults=2&req_adults=2&no_rooms=1&group_children=0&req_children=0&hpos=10&hapos=150&sr_order=popularity&srpvid=21039c9fdc8c0948&srepoch=1790633860&all_sr_blocks=171401301_231365164_0_2_0&highlighted_blocks=171401301_231365164_0_2_0&matching_block_id=171401301_231365164_0_2_0&sr_pri_blocks=171401301_231365164_0_2_0__17172&from=searchresults,The Crown & Greyhound by Innkeeper's Collection,228,2026-10-13,2026-09-29T05:23:10.434300,https://www.booking.com/searchresults.html?ss=London&group_adults=2&no_rooms=1&group_children=0&checkin=2026-10-13&checkout=2026-10-14&selected_currency=USD&chal_t=1790633780949&force_referer=,innkeeper-39-s-lodge,Southwark,London,8.5,Very Good,956
https://www.booking.com/hotel/gb/kingshotel.html?aid=304142&label=gen173nr-10CAQoggJCDXNlYXJjaF9sb25kb25IM1gEaPQBiAEBmAEzuAEXyAEM2AED6AEB-AEBiAIBqAIBuAK-zuvVBsACAdICJGFhMjY4NjU1LWI5MTQtNDIzOC1iY2MxLThkMTc2ZGY1MTZiM9gCAeACAQ&ucfs=1&arphpl=1&checkin=2026-10-13&checkout=2026-10-14&group_adults=2&req_adults=2&no_rooms=1&group_children=0&req_children=0&hpos=11&hapos=151&sr_order=popularity&srpvid=21039c9fdc8c0948&srepoch=1790633860&all_sr_blocks=10281507_422746924_2_0_0&highlighted_blocks=10281507_422746924_2_0_0&matching_block_id=10281507_422746924_2_0_0&sr_pri_blocks=10281507_422746924_2_0_0__12833&from=searchresults,The Porchester Hotel,170,2026-10-13,2026-09-29T05:23:10.679646,https://www.booking.com/searchresults.html?ss=London&group_adults=2&no_rooms=1&group_children=0&checkin=2026-10-13&checkout=2026-10-14&selected_currency=USD&chal_t=1790633780949&force_referer=,kingshotel,Westminster Borough,London,7.6,Good,3523
https://www.booking.com/hotel/gb/the-pillar.html?aid=304142&label=gen173nr-10CAQoggJCDXNlYXJjaF9sb25kb25IM1gEaPQBiAEBmAEzuAEXyAEM2AED6AEB-AEBiAIBqAIBuAK-zuvVBsACAdICJGFhMjY4NjU1LWI5MTQtNDIzOC1iY2MxLThkMTc2ZGY1MTZiM9gCAeACAQ&ucfs=1&arphpl=1&checkin=2026-10-13&checkout=2026-10-14&group_adults=2&req_adults=2&no_rooms=1&group_children=0&req_children=0&hpos=12&hapos=152&sr_order=popularity&srpvid=21039c9fdc8c0948&srepoch=1790633860&all_sr_blocks=41220702_379795613_2_2_0_86749&highlighted_blocks=41220702_379795613_2_2_0_86749&matching_block_id=41220702_379795613_2_2_0_86749&sr_pri_blocks=41220702_379795613_2_2_0_86749_27500&from=searchresults,The Pillar Hotel,364,2026-10-13,2026-09-29T05:23:11.332873,https://www.booking.com/searchresults.html?ss=London&group_adults=2&no_rooms=1&group_children=0&checkin=2026-10-13&checkout=2026-10-14&selected_currency=USD&chal_t=1790633780949&force_referer=,the-pillar,Unknown,London,9.2,Wonderful,172
https://www.booking.com/hotel/gb/291-suites.html?aid=304142&label=gen173nr-10CAQoggJCDXNlYXJjaF9sb25kb25IM1gEaPQBiAEBmAEzuAEXyAEM2AED6AEB-AEBiAIBqAIBuAK-zuvVBsACAdICJGFhMjY4NjU1LWI5MTQtNDIzOC1iY2MxLThkMTc2ZGY1MTZiM9gCAeACAQ&ucfs=1&arphpl=1&checkin=2026-10-13&checkout=2026-10-14&group_adults=2&req_adults=2&no_rooms=1&group_children=0&req_children=0&hpos=13&hapos=153&sr_order=popularity&srpvid=21039c9fdc8c0948&srepoch=1790633860&all_sr_blocks=3434402_95155346_2_0_0&highlighted_blocks=3434402_95155346_2_0_0&matching_block_id=3434402_95155346_2_0_0&sr_pri_blocks=3434402_95155346_2_0_0__9900&from=searchresults,NOX West Hampstead,131,2026-10-13,2026-09-29T05:23:11.401910,https://www.booking.com/searchresults.html?ss=London&group_adults=2&no_rooms=1&group_children=0&checkin=2026-10-13&checkout=2026-10-14&selected_currency=USD&chal_t=1790633780949&force_referer=,291-suites,Camden,London,8.1,Very Good,2126
https://www.booking.com/hotel/gb/bond-street-apartment-greater-london1.html?aid=304142&label=gen173nr-10CAQoggJCDXNlYXJjaF9sb25kb25IM1gEaPQBiAEBmAEzuAEXyAEM2AED6AEB-AEBiAIBqAIBuAK-zuvVBsACAdICJGFhMjY4NjU1LWI5MTQtNDIzOC1iY2MxLThkMTc2ZGY1MTZiM9gCAeACAQ&ucfs=1&arphpl=1&checkin=2026-10-13&checkout=2026-10-14&group_adults=2&req_adults=2&no_rooms=1&group_children=0&req_children=0&hpos=14&hapos=154&sr_order=popularity&srpvid=21039c9fdc8c0948&srepoch=1790633860&all_sr_blocks=1602428201_431195777_4_0_0&highlighted_blocks=1602428201_431195777_4_0_0&matching_block_id=1602428201_431195777_4_0_0&sr_pri_blocks=1602428201_431195777_4_0_0__12240&from=searchresults,Bond Street Apartment,162,2026-10-13,2026-09-29T05:23:11.469933,https://www.booking.com/searchresults.html?ss=London&group_adults=2&no_rooms=1&group_children=0&checkin=2026-10-13&checkout=2026-10-14&selected_currency=USD&chal_t=1790633780949&force_referer=,bond-street-apartment-greater-london1,Westminster Borough,London,7.6,Good,19
https://www.booking.com/hotel/gb/exhiparkroyal.html?aid=304142&label=gen173nr-10CAQoggJCDXNlYXJjaF9sb25kb25IM1gEaPQBiAEBmAEzuAEXyAEM2AED6AEB-AEBiAIBqAIBuAK-zuvVBsACAdICJGFhMjY4NjU1LWI5MTQtNDIzOC1iY2MxLThkMTc2ZGY1MTZiM9gCAeACAQ&ucfs=1&arphpl=1&checkin=2026-10-13&checkout=2026-10-14&group_adults=2&req_adults=2&no_rooms=1&group_children=0&req_children=0&hpos=15&hapos=155&sr_order=popularity&srpvid=21039c9fdc8c0948&srepoch=1790633860&all_sr_blocks=20569_91467289_2_1_0&highlighted_blocks=20569_91467289_2_1_0&matching_block_id=20569_91467289_2_1_0&sr_pri_blocks=20569_91467289_2_1_0__24200&from_sustainable_property_sr=1&from=searchresults,Holiday Inn Express Park Royal by IHG,321,2026-10-13,2026-09-29T05:23:11.536293,https://www.booking.com/searchresults.html?ss=London&group_adults=2&no_rooms=1&group_children=0&checkin=2026-10-13&checkout=2026-10-14&selected_currency=USD&chal_t=1790633780949&force_referer=,exhiparkroyal,Ealing,London,8.1,Very Good,3569
https://www.booking.com/hotel/gb/stockwell-residences-the-grand-lumiere-suite.html?aid=304142&label=gen173nr-10CAQoggJCDXNlYXJjaF9sb25kb25IM1gEaPQBiAEBmAEzuAEXyAEM2AED6AEB-AEBiAIBqAIBuAK-zuvVBsACAdICJGFhMjY4NjU1LWI5MTQtNDIzOC1iY2MxLThkMTc2ZGY1MTZiM9gCAeACAQ&ucfs=1&arphpl=1&checkin=2026-10-13&checkout=2026-10-14&group_adults=2&req_adults=2&no_rooms=1&group_children=0&req_children=0&hpos=16&hapos=156&sr_order=popularity&srpvid=21039c9fdc8c0948&srepoch=1790633860&all_sr_blocks=1602059501_431154397_2_0_0&highlighted_blocks=1602059501_431154397_2_0_0&matching_block_id=1602059501_431154397_2_0_0&sr_pri_blocks=1602059501_431154397_2_0_0__13035&from=searchresults,Stockwell Residences - The Grand Lumière Suite,173,2026-10-13,2026-09-29T05:23:11.635714,https://www.booking.com/searchresults.html?ss=London&group_adults=2&no_rooms=1&group_children=0&checkin=2026-10-13&checkout=2026-10-14&selected_currency=USD&chal_t=1790633780949&force_referer=,stockwell-residences-the-grand-lumiere-suite,Lambeth,London,8.7,Excellent,12
https://www.booking.com/hotel/gb/staybridge-suites-london-vauxhall.html?aid=304142&label=gen173nr-10CAQoggJCDXNlYXJjaF9sb25kb25IM1gEaPQBiAEBmAEzuAEXyAEM2AED6AEB-AEBiAIBqAIBuAK-zuvVBsACAdICJGFhMjY4NjU1LWI5MTQtNDIzOC1iY2MxLThkMTc2ZGY1MTZiM9gCAeACAQ&ucfs=1&arphpl=1&checkin=2026-10-13&checkout=2026-10-14&group_adults=2&req_adults=2&no_rooms=1&group_children=0&req_children=0&hpos=17&hapos=157&sr_order=popularity&srpvid=21039c9fdc8c0948&srepoch=1790633860&all_sr_blocks=115034404_94583300_3_1_0&highlighted_blocks=115034404_94583300_3_1_0&matching_block_id=115034404_94583300_3_1_0&sr_pri_blocks=115034404_94583300_3_1_0__47500&from=searchresults,Staybridge Suites London-Vauxhall by IHG,629,2026-10-13,2026-09-29T05:23:11.732430,https://www.booking.com/searchresults.html?ss=London&group_adults=2&no_rooms=1&group_children=0&checkin=2026-10-13&checkout=2026-10-14&selected_currency=USD&chal_t=1790633780949&force_referer=,staybridge-suites-london-vauxhall,Lambeth,London,9.1,Wonderful,1502
https://www.booking.com/hotel/gb/stockwell-residences-the-eclipse-room.html?aid=304142&label=gen173nr-10CAQoggJCDXNlYXJjaF9sb25kb25IM1gEaPQBiAEBmAEzuAEXyAEM2AED6AEB-AEBiAIBqAIBuAK-zuvVBsACAdICJGFhMjY4NjU1LWI5MTQtNDIzOC1iY2MxLThkMTc2ZGY1MTZiM9gCAeACAQ&ucfs=1&arphpl=1&checkin=2026-10-13&checkout=2026-10-14&group_adults=2&req_adults=2&no_rooms=1&group_children=0&req_children=0&hpos=18&hapos=158&sr_order=popularity&srpvid=21039c9fdc8c0948&srepoch=1790633860&all_sr_blocks=1602063701_439993262_2_0_0&highlighted_blocks=1602063701_439993262_2_0_0&matching_block_id=1602063701_439993262_2_0_0&sr_pri_blocks=1602063701_439993262_2_0_0__10313&from=searchresults,Stockwell Residences - The Eclipse Room,137,2026-10-13,2026-09-29T05:23:11.807944,https://www.booking.com/searchresults.html?ss=London&group_adults=2&no_rooms=1&group_children=0&checkin=2026-10-13&checkout=2026-10-14&selected_currency=USD&chal_t=1790633780949&force_referer=,stockwell-residences-the-eclipse-room,Lambeth,London,9.8,Exceptional,9
https://www.booking.com/hotel/gb/the-z-hotels-soho.html?aid=304142&label=gen173nr-10CAQoggJCDXNlYXJjaF9sb25kb25IM1gEaPQBiAEBmAEzuAEXyAEM2AED6AEB-AEBiAIBqAIBuAK-zuvVBsACAdICJGFhMjY4NjU1LWI5MTQtNDIzOC1iY2MxLThkMTc2ZGY1MTZiM9gCAeACAQ&ucfs=1&arphpl=1&checkin=2026-10-13&checkout=2026-10-14&group_adults=2&req_adults=2&no_rooms=1&group_children=0&req_children=0&hpos=19&hapos=159&sr_order=popularity&srpvid=21039c9fdc8c0948&srepoch=1790633860&all_sr_blocks=34445702_91923241_2_2_0&highlighted_blocks=34445702_91923241_2_2_0&matching_block_id=34445702_91923241_2_2_0&sr_pri_blocks=34445702_91923241_2_2_0__28025&from=searchresults,The Z Hotel Soho,371,2026-10-13,2026-09-29T05:23:11.870023,https://www.booking.com/searchresults.html?ss=London&group_adults=2&no_rooms=1&group_children=0&checkin=2026-10-13&checkout=2026-10-14&selected_currency=USD&chal_t=1790633780949&force_referer=,the-z-hotels-soho,Westminster Borough,London,7.4,Good,4504
https://www.booking.com/hotel/gb/the-alma-london.html?aid=304142&label=gen173nr-10CAQoggJCDXNlYXJjaF9sb25kb25IM1gEaPQBiAEBmAEzuAEXyAEM2AED6AEB-AEBiAIBqAIBuAK-zuvVBsACAdICJGFhMjY4NjU1LWI5MTQtNDIzOC1iY2MxLThkMTc2ZGY1MTZiM9gCAeACAQ&ucfs=1&arphpl=1&checkin=2026-10-13&checkout=2026-10-14&group_adults=2&req_adults=2&no_rooms=1&group_children=0&req_children=0&hpos=20&hapos=160&sr_order=popularity&srpvid=21039c9fdc8c0948&srepoch=1790633860&all_sr_blocks=155694307_406630362_2_0_0&highlighted_blocks=155694307_406630362_2_0_0&matching_block_id=155694307_406630362_2_0_0&sr_pri_blocks=155694307_406630362_2_0_0__19708&from=searchresults,The Alma Rooms,261,2026-10-13,2026-09-29T05:23:12.085520,https://www.booking.com/searchresults.html?ss=London&group_adults=2&no_rooms=1&group_children=0&checkin=2026-10-13&checkout=2026-10-14&selected_currency=USD&chal_t=1790633780949&force_referer=,the-alma-london,Islington,London,8.7,Excellent,175
https://www.booking.com/hotel/gb/lansbury-heritage.html?aid=304142&label=gen173nr-10CAQoggJCDXNlYXJjaF9sb25kb25IM1gEaPQBiAEBmAEzuAEXyAEM2AED6AEB-AEBiAIBqAIBuAK-zuvVBsACAdICJGFhMjY4NjU1LWI5MTQtNDIzOC1iY2MxLThkMTc2ZGY1MTZiM9gCAeACAQ&ucfs=1&arphpl=1&checkin=2026-10-13&checkout=2026-10-14&group_adults=2&req_adults=2&no_rooms=1&group_children=0&req_children=0&hpos=1&hapos=161&sr_order=popularity&srpvid=21039c9fdc8c0948&srepoch=1790633888&all_sr_blocks=225828203_103726382_2_0_0_1230996&highlighted_blocks=225828203_103726382_2_0_0_1230996&matching_block_id=225828203_103726382_2_0_0_1230996&sr_pri_blocks=225828203_103726382_2_0_0_1230996_24962&from=searchresults,"The Lansbury Heritage Hotel & Spa by Sunday Canary Wharf, London",331,2026-10-13,2026-09-29T05:23:12.170495,https://www.booking.com/searchresults.html?ss=London&group_adults=2&no_rooms=1&group_children=0&checkin=2026-10-13&checkout=2026-10-14&selected_currency=USD&chal_t=1790633780949&force_referer=,lansbury-heritage,Tower Hamlets,London,8.3,Very Good,2383
https://www.booking.com/hotel/gb/point-a-kensington-olympia.html?aid=304142&label=gen173nr-10CAQoggJCDXNlYXJjaF9sb25kb25IM1gEaPQBiAEBmAEzuAEXyAEM2AED6AEB-AEBiAIBqAIBuAK-zuvVBsACAdICJGFhMjY4NjU1LWI5MTQtNDIzOC1iY2MxLThkMTc2ZGY1MTZiM9gCAeACAQ&ucfs=1&arphpl=1&checkin=2026-10-13&checkout=2026-10-14&group_adults=2&req_adults=2&no_rooms=1&group_children=0&req_children=0&hpos=2&hapos=162&sr_order=popularity&srpvid=21039c9fdc8c0948&srepoch=1790633888&all_sr_blocks=508220705_180155528_0_2_0_810621&highlighted_blocks=508220705_180155528_0_2_0_810621&matching_block_id=508220705_180155528_0_2_0_810621&sr_pri_blocks=508220705_180155528_0_2_0_810621_15552&from_sustainable_property_sr=1&from=searchresults,Point A Kensington Olympia,206,2026-10-13,2026-09-29T05:23:12.257731,https://www.booking.com/searchresults.html?ss=London&group_adults=2&no_rooms=1&group_children=0&checkin=2026-10-13&checkout=2026-10-14&selected_currency=USD&chal_t=1790633780949&force_referer=,point-a-kensington-olympia,Kensington and Chelsea,London,7.9,Good,2593
https://www.booking.com/hotel/gb/the-bryson.html?aid=304142&label=gen173nr-10CAQoggJCDXNlYXJjaF9sb25kb25IM1gEaPQBiAEBmAEzuAEXyAEM2AED6AEB-AEBiAIBqAIBuAK-zuvVBsACAdICJGFhMjY4NjU1LWI5MTQtNDIzOC1iY2MxLThkMTc2ZGY1MTZiM9gCAeACAQ&ucfs=1&arphpl=1&checkin=2026-10-13&checkout=2026-10-14&group_adults=2&req_adults=2&no_rooms=1&group_children=0&req_children=0&hpos=3&hapos=163&sr_order=popularity&srpvid=21039c9fdc8c0948&srepoch=1790633888&all_sr_blocks=137784201_90177672_0_2_0&highlighted_blocks=137784201_90177672_0_2_0&matching_block_id=137784201_90177672_0_2_0&sr_pri_blocks=137784201_90177672_0_2_0__25505&from=searchresults,The Bryson Hotel,338,2026-10-13,2026-09-29T05:23:12.428190,https://www.booking.com/searchresults.html?ss=London&group_adults=2&no_rooms=1&group_children=0&checkin=2026-10-13&checkout=2026-10-14&selected_currency=USD&chal_t=1790633780949&force_referer=,the-bryson,Camden,London,7.1,Good,542
https://www.booking.com/hotel/gb/radissonkenilworth.html?aid=304142&label=gen173nr-10CAQoggJCDXNlYXJjaF9sb25kb25IM1gEaPQBiAEBmAEzuAEXyAEM2AED6AEB-AEBiAIBqAIBuAK-zuvVBsACAdICJGFhMjY4NjU1LWI5MTQtNDIzOC1iY2MxLThkMTc2ZGY1MTZiM9gCAeACAQ&ucfs=1&arphpl=1&checkin=2026-10-13&checkout=2026-10-14&group_adults=2&req_adults=2&no_rooms=1&group_children=0&req_children=0&hpos=4&hapos=164&sr_order=popularity&srpvid=21039c9fdc8c0948&srepoch=1790633888&all_sr_blocks=21761729_95458256_2_10_0&highlighted_blocks=21761729_95458256_2_10_0&matching_block_id=21761729_95458256_2_10_0&sr_pri_blocks=21761729_95458256_2_10_0__49590&from_sustainable_property_sr=1&from=searchresults,"Radisson Blu Hotel, London Tottenham Court Road",657,2026-10-13,2026-09-29T05:23:12.518246,https://www.booking.com/searchresults.html?ss=London&group_adults=2&no_rooms=1&group_children=0&checkin=2026-10-13&checkout=2026-10-14&selected_currency=USD&chal_t=1790633780949&force_referer=,radissonkenilworth,Camden,London,8.2,Very Good,458
https://www.booking.com/hotel/gb/radissonedwardianmayfair.html?aid=304142&label=gen173nr-10CAQoggJCDXNlYXJjaF9sb25kb25IM1gEaPQBiAEBmAEzuAEXyAEM2AED6AEB-AEBiAIBqAIBuAK-zuvVBsACAdICJGFhMjY4NjU1LWI5MTQtNDIzOC1iY2MxLThkMTc2ZGY1MTZiM9gCAeACAQ&ucfs=1&arphpl=1&checkin=2026-10-13&checkout=2026-10-14&group_adults=2&req_adults=2&no_rooms=1&group_children=0&req_children=0&hpos=5&hapos=165&sr_order=popularity&srpvid=21039c9fdc8c0948&srepoch=1790633888&all_sr_blocks=11735813_94110167_2_0_0_1220657&highlighted_blocks=11735813_94110167_2_0_0_1220657&matching_block_id=11735813_94110167_2_0_0_1220657&sr_pri_blocks=11735813_94110167_2_0_0_1220657_97756&from=searchresults,"The May Fair Hotel, Mayfair, London",1295,2026-10-13,2026-09-29T05:23:12.608685,https://www.booking.com/searchresults.html?ss=London&group_adults=2&no_rooms=1&group_children=0&checkin=2026-10-13&checkout=2026-10-14&selected_currency=USD&chal_t=1790633780949&force_referer=,radissonedwardianmayfair,Westminster Borough,London,8.4,Very Good,4767
https://www.booking.com/hotel/gb/stylish-kensington-apartment-in-prime-location.html?aid=304142&label=gen173nr-10CAQoggJCDXNlYXJjaF9sb25kb25IM1gEaPQBiAEBmAEzuAEXyAEM2AED6AEB-AEBiAIBqAIBuAK-zuvVBsACAdICJGFhMjY4NjU1LWI5MTQtNDIzOC1iY2MxLThkMTc2ZGY1MTZiM9gCAeACAQ&ucfs=1&arphpl=1&checkin=2026-10-13&checkout=2026-10-14&group_adults=2&req_adults=2&no_rooms=1&group_children=0&req_children=0&hpos=6&hapos=166&sr_order=popularity&srpvid=21039c9fdc8c0948&srepoch=1790633888&all_sr_blocks=1606070401_431543897_0_0_0&highlighted_blocks=1606070401_431543897_0_0_0&matching_block_id=1606070401_431543897_0_0_0&sr_pri_blocks=1606070401_431543897_0_0_0__15750&from=searchresults,Stylish Kensington apartment in prime location,209,2026-10-13,2026-09-29T05:23:12.697814,https://www.booking.com/searchresults.html?ss=London&group_adults=2&no_rooms=1&group_children=0&checkin=2026-10-13&checkout=2026-10-14&selected_currency=USD&chal_t=1790633780949&force_referer=,stylish-kensington-apartment-in-prime-location,Hammersmith and Fulham,London,9.6,Exceptional,10
https://www.booking.com/hotel/gb/london-tower-bridge-guest-rooms.html?aid=304142&label=gen173nr-10CAQoggJCDXNlYXJjaF9sb25kb25IM1gEaPQBiAEBmAEzuAEXyAEM2AED6AEB-AEBiAIBqAIBuAK-zuvVBsACAdICJGFhMjY4NjU1LWI5MTQtNDIzOC1iY2MxLThkMTc2ZGY1MTZiM9gCAeACAQ&ucfs=1&arphpl=1&checkin=2026-10-13&checkout=2026-10-14&group_adults=2&req_adults=2&no_rooms=1&group_children=0&req_children=0&hpos=7&hapos=167&sr_order=popularity&srpvid=21039c9fdc8c0948&srepoch=1790633888&all_sr_blocks=1575877103_437188377_2_0_0&highlighted_blocks=1575877103_437188377_2_0_0&matching_block_id=1575877103_437188377_2_0_0&sr_pri_blocks=1575877103_437188377_2_0_0__8455&from=searchresults,London Tower Bridge Guest Rooms-72,112,2026-10-13,2026-09-29T05:23:12.770961,https://www.booking.com/searchresults.html?ss=London&group_adults=2&no_rooms=1&group_children=0&checkin=2026-10-13&checkout=2026-10-14&selected_currency=USD&chal_t=1790633780949&force_referer=,london-tower-bridge-guest-rooms,Southwark,London,7.2,Good,43
https://www.booking.com/hotel/gb/inslington-inn.html?aid=304142&label=gen173nr-10CAQoggJCDXNlYXJjaF9sb25kb25IM1gEaPQBiAEBmAEzuAEXyAEM2AED6AEB-AEBiAIBqAIBuAK-zuvVBsACAdICJGFhMjY4NjU1LWI5MTQtNDIzOC1iY2MxLThkMTc2ZGY1MTZiM9gCAeACAQ&ucfs=1&arphpl=1&checkin=2026-10-13&checkout=2026-10-14&group_adults=2&req_adults=2&no_rooms=1&group_children=0&req_children=0&hpos=8&hapos=168&sr_order=popularity&srpvid=21039c9fdc8c0948&srepoch=1790633888&all_sr_blocks=26113302_0_2_0_0&highlighted_blocks=26113302_0_2_0_0&matching_block_id=26113302_0_2_0_0&sr_pri_blocks=26113302_0_2_0_0__10078&from=searchresults,Islington Inn,134,2026-10-13,2026-09-29T05:23:12.858073,https://www.booking.com/searchresults.html?ss=London&group_adults=2&no_rooms=1&group_children=0&checkin=2026-10-13&checkout=2026-10-14&selected_currency=USD&chal_t=1790633780949&force_referer=,inslington-inn,Islington,London,6.5,Average,882
https://www.booking.com/hotel/gb/saco-the-cannon.html?aid=304142&label=gen173nr-10CAQoggJCDXNlYXJjaF9sb25kb25IM1gEaPQBiAEBmAEzuAEXyAEM2AED6AEB-AEBiAIBqAIBuAK-zuvVBsACAdICJGFhMjY4NjU1LWI5MTQtNDIzOC1iY2MxLThkMTc2ZGY1MTZiM9gCAeACAQ&ucfs=1&arphpl=1&checkin=2026-10-13&checkout=2026-10-14&group_adults=2&req_adults=2&no_rooms=1&group_children=0&req_children=0&hpos=9&hapos=169&sr_order=popularity&srpvid=21039c9fdc8c0948&srepoch=1790633888&all_sr_blocks=169204101_89859005_2_0_0_1177140&highlighted_blocks=169204101_89859005_2_0_0_1177140&matching_block_id=169204101_89859005_2_0_0_1177140&sr_pri_blocks=169204101_89859005_2_0_0_1177140_45192&from=searchresults,COVE Cannon Street,599,2026-10-13,2026-09-29T05:23:12.950831,https://www.booking.com/searchresults.html?ss=London&group_adults=2&no_rooms=1&group_children=0&checkin=2026-10-13&checkout=2026-10-14&selected_currency=USD&chal_t=1790633780949&force_referer=,saco-the-cannon,City of London,London,8.5,Very Good,928
https://www.booking.com/hotel/gb/camden-town-greater-london.html?aid=304142&label=gen173nr-10CAQoggJCDXNlYXJjaF9sb25kb25IM1gEaPQBiAEBmAEzuAEXyAEM2AED6AEB-AEBiAIBqAIBuAK-zuvVBsACAdICJGFhMjY4NjU1LWI5MTQtNDIzOC1iY2MxLThkMTc2ZGY1MTZiM9gCAeACAQ&ucfs=1&arphpl=1&checkin=2026-10-13&checkout=2026-10-14&group_adults=2&req_adults=2&no_rooms=1&group_children=0&req_children=0&hpos=10&hapos=170&sr_order=popularity&srpvid=21039c9fdc8c0948&srepoch=1790633888&all_sr_blocks=1426955711_414276019_2_0_0&highlighted_blocks=1426955711_414276019_2_0_0&matching_block_id=1426955711_414276019_2_0_0&sr_pri_blocks=1426955711_414276019_2_0_0__15583&from=searchresults,Camden Road Hotel,206,2026-10-13,2026-09-29T05:23:13.051026,https://www.booking.com/searchresults.html?ss=London&group_adults=2&no_rooms=1&group_children=0&checkin=2026-10-13&checkout=2026-10-14&selected_currency=USD&chal_t=1790633780949&force_referer=,camden-town-greater-london,Camden,London,7.4,Good,1334
https://www.booking.com/hotel/gb/tsa-kilburn.html?aid=304142&label=gen173nr-10CAQoggJCDXNlYXJjaF9sb25kb25IM1gEaPQBiAEBmAEzuAEXyAEM2AED6AEB-AEBiAIBqAIBuAK-zuvVBsACAdICJGFhMjY4NjU1LWI5MTQtNDIzOC1iY2MxLThkMTc2ZGY1MTZiM9gCAeACAQ&ucfs=1&arphpl=1&checkin=2026-10-13&checkout=2026-10-14&group_adults=2&req_adults=2&no_rooms=1&group_children=0&req_children=0&hpos=11&hapos=171&sr_order=popularity&srpvid=21039c9fdc8c0948&srepoch=1790633888&all_sr_blocks=1667017611_438528827_4_0_0&highlighted_blocks=1667017611_438528827_4_0_0&matching_block_id=1667017611_438528827_4_0_0&sr_pri_blocks=1667017611_438528827_4_0_0__16830&from=searchresults,TSA Kilburn,223,2026-10-13,2026-09-29T05:23:13.148053,https://www.booking.com/searchresults.html?ss=London&group_adults=2&no_rooms=1&group_children=0&checkin=2026-10-13&checkout=2026-10-14&selected_currency=USD&chal_t=1790633780949&force_referer=,tsa-kilburn,Brent,London,8.6,Excellent,9
https://www.booking.com/hotel/gb/baker-street-studios-by-d-montrio.html?aid=304142&label=gen173nr-10CAQoggJCDXNlYXJjaF9sb25kb25IM1gEaPQBiAEBmAEzuAEXyAEM2AED6AEB-AEBiAIBqAIBuAK-zuvVBsACAdICJGFhMjY4NjU1LWI5MTQtNDIzOC1iY2MxLThkMTc2ZGY1MTZiM9gCAeACAQ&ucfs=1&arphpl=1&checkin=2026-10-13&checkout=2026-10-14&group_adults=2&req_adults=2&no_rooms=1&group_children=0&req_children=0&hpos=12&hapos=172&sr_order=popularity&srpvid=21039c9fdc8c0948&srepoch=1790633888&all_sr_blocks=1533062001_424839098_2_0_0&highlighted_blocks=1533062001_424839098_2_0_0&matching_block_id=1533062001_424839098_2_0_0&sr_pri_blocks=1533062001_424839098_2_0_0__19116&from=searchresults,Baker Street Studios by DMONTRIO,253,2026-10-13,2026-09-29T05:23:13.234470,https://www.booking.com/searchresults.html?ss=London&group_adults=2&no_rooms=1&group_children=0&checkin=2026-10-13&checkout=2026-10-14&selected_currency=USD&chal_t=1790633780949&force_referer=,baker-street-studios-by-d-montrio,Westminster Borough,London,7.5,Good,140
https://www.booking.com/hotel/gb/indigo-london-1-leicester-square.html?aid=304142&label=gen173nr-10CAQoggJCDXNlYXJjaF9sb25kb25IM1gEaPQBiAEBmAEzuAEXyAEM2AED6AEB-AEBiAIBqAIBuAK-zuvVBsACAdICJGFhMjY4NjU1LWI5MTQtNDIzOC1iY2MxLThkMTc2ZGY1MTZiM9gCAeACAQ&ucfs=1&arphpl=1&checkin=2026-10-13&checkout=2026-10-14&group_adults=2&req_adults=2&no_rooms=1&group_children=0&req_children=0&hpos=13&hapos=173&sr_order=popularity&srpvid=21039c9fdc8c0948&srepoch=1790633888&all_sr_blocks=291170410_109141161_2_2_0&highlighted_blocks=291170410_109141161_2_2_0&matching_block_id=291170410_109141161_2_2_0&sr_pri_blocks=291170410_109141161_2_2_0__47600&from_sustainable_property_sr=1&from=searchresults,Hotel Indigo London - 1 Leicester Square by IHG,631,2026-10-13,2026-09-29T05:23:13.314846,https://www.booking.com/searchresults.html?ss=London&group_adults=2&no_rooms=1&group_children=0&checkin=2026-10-13&checkout=2026-10-14&selected_currency=USD&chal_t=1790633780949&force_referer=,indigo-london-1-leicester-square,Westminster Borough,London,7.7,Good,1115
https://www.booking.com/hotel/gb/west-hendon-studios.html?aid=304142&label=gen173nr-10CAQoggJCDXNlYXJjaF9sb25kb25IM1gEaPQBiAEBmAEzuAEXyAEM2AED6AEB-AEBiAIBqAIBuAK-zuvVBsACAdICJGFhMjY4NjU1LWI5MTQtNDIzOC1iY2MxLThkMTc2ZGY1MTZiM9gCAeACAQ&ucfs=1&arphpl=1&checkin=2026-10-13&checkout=2026-10-14&group_adults=2&req_adults=2&no_rooms=1&group_children=0&req_children=0&hpos=14&hapos=174&sr_order=popularity&srpvid=21039c9fdc8c0948&srepoch=1790633888&all_sr_blocks=1198830404_392164519_2_0_0&highlighted_blocks=1198830404_392164519_2_0_0&matching_block_id=1198830404_392164519_2_0_0&sr_pri_blocks=1198830404_392164519_2_0_0__9810&from=searchresults,95 Studios,130,2026-10-13,2026-09-29T05:23:13.407463,https://www.booking.com/searchresults.html?ss=London&group_adults=2&no_rooms=1&group_children=0&checkin=2026-10-13&checkout=2026-10-14&selected_currency=USD&chal_t=1790633780949&force_referer=,west-hendon-studios,Camden,London,7.4,Good,781
https://www.booking.com/hotel/gb/boka.html?aid=304142&label=gen173nr-10CAQoggJCDXNlYXJjaF9sb25kb25IM1gEaPQBiAEBmAEzuAEXyAEM2AED6AEB-AEBiAIBqAIBuAK-zuvVBsACAdICJGFhMjY4NjU1LWI5MTQtNDIzOC1iY2MxLThkMTc2ZGY1MTZiM9gCAeACAQ&ucfs=1&arphpl=1&checkin=2026-10-13&checkout=2026-10-14&group_adults=2&req_adults=2&no_rooms=1&group_children=0&req_children=0&hpos=15&hapos=175&sr_order=popularity&srpvid=21039c9fdc8c0948&srepoch=1790633888&all_sr_blocks=31887920_88652357_2_0_0&highlighted_blocks=31887920_88652357_2_0_0&matching_block_id=31887920_88652357_2_0_0&sr_pri_blocks=31887920_88652357_2_0_0__13900&from=searchresults,NOX Chelsea,184,2026-10-13,2026-09-29T05:23:13.486488,https://www.booking.com/searchresults.html?ss=London&group_adults=2&no_rooms=1&group_children=0&checkin=2026-10-13&checkout=2026-10-14&selected_currency=USD&chal_t=1790633780949&force_referer=,boka,Kensington and Chelsea,London,8.3,Very Good,2115
https://www.booking.com/hotel/gb/snoozebox-stratford.html?aid=304142&label=gen173nr-10CAQoggJCDXNlYXJjaF9sb25kb25IM1gEaPQBiAEBmAEzuAEXyAEM2AED6AEB-AEBiAIBqAIBuAK-zuvVBsACAdICJGFhMjY4NjU1LWI5MTQtNDIzOC1iY2MxLThkMTc2ZGY1MTZiM9gCAeACAQ&ucfs=1&arphpl=1&checkin=2026-10-13&checkout=2026-10-14&group_adults=2&req_adults=2&no_rooms=1&group_children=0&req_children=0&hpos=16&hapos=176&sr_order=popularity&srpvid=21039c9fdc8c0948&srepoch=1790633888&all_sr_blocks=595553002_233651134_0_2_0&highlighted_blocks=595553002_233651134_0_2_0&matching_block_id=595553002_233651134_0_2_0&sr_pri_blocks=595553002_233651134_0_2_0__7955&from=searchresults,Snoozebox Olympic Park,105,2026-10-13,2026-09-29T05:23:13.573123,https://www.booking.com/searchresults.html?ss=London&group_adults=2&no_rooms=1&group_children=0&checkin=2026-10-13&checkout=2026-10-14&selected_currency=USD&chal_t=1790633780949&force_referer=,snoozebox-stratford,Newham,London,7.7,Good,7579
https://www.booking.com/hotel/gb/hamiltonhousehotel.html?aid=304142&label=gen173nr-10CAQoggJCDXNlYXJjaF9sb25kb25IM1gEaPQBiAEBmAEzuAEXyAEM2AED6AEB-AEBiAIBqAIBuAK-zuvVBsACAdICJGFhMjY4NjU1LWI5MTQtNDIzOC1iY2MxLThkMTc2ZGY1MTZiM9gCAeACAQ&ucfs=1&arphpl=1&checkin=2026-10-13&checkout=2026-10-14&group_adults=2&req_adults=2&no_rooms=1&group_children=0&req_children=0&hpos=17&hapos=177&sr_order=popularity&srpvid=21039c9fdc8c0948&srepoch=1790633888&all_sr_blocks=12130309_156188373_2_2_0&highlighted_blocks=12130309_156188373_2_2_0&matching_block_id=12130309_156188373_2_2_0&sr_pri_blocks=12130309_156188373_2_2_0__23412&from=searchresults,Best Western Victoria Palace,310,2026-10-13,2026-09-29T05:23:13.670957,https://www.booking.com/searchresults.html?ss=London&group_adults=2&no_rooms=1&group_children=0&checkin=2026-10-13&checkout=2026-10-14&selected_currency=USD&chal_t=1790633780949&force_referer=,hamiltonhousehotel,Westminster Borough,London,8.2,Very Good,3811
https://www.booking.com/hotel/gb/the-brook-green.html?aid=304142&label=gen173nr-10CAQoggJCDXNlYXJjaF9sb25kb25IM1gEaPQBiAEBmAEzuAEXyAEM2AED6AEB-AEBiAIBqAIBuAK-zuvVBsACAdICJGFhMjY4NjU1LWI5MTQtNDIzOC1iY2MxLThkMTc2ZGY1MTZiM9gCAeACAQ&ucfs=1&arphpl=1&checkin=2026-10-13&checkout=2026-10-14&group_adults=2&req_adults=2&no_rooms=1&group_children=0&req_children=0&hpos=18&hapos=178&sr_order=popularity&srpvid=21039c9fdc8c0948&srepoch=1790633888&all_sr_blocks=17155406_440194761_0_2_0&highlighted_blocks=17155406_440194761_0_2_0&matching_block_id=17155406_440194761_0_2_0&sr_pri_blocks=17155406_440194761_0_2_0__17142&from=searchresults,The Brook Green Hotel,227,2026-10-13,2026-09-29T05:23:13.768978,https://www.booking.com/searchresults.html?ss=London&group_adults=2&no_rooms=1&group_children=0&checkin=2026-10-13&checkout=2026-10-14&selected_currency=USD&chal_t=1790633780949&force_referer=,the-brook-green,Hammersmith and Fulham,London,8.8,Excellent,969
https://www.booking.com/hotel/gb/blandfordhotel.html?aid=304142&label=gen173nr-10CAQoggJCDXNlYXJjaF9sb25kb25IM1gEaPQBiAEBmAEzuAEXyAEM2AED6AEB-AEBiAIBqAIBuAK-zuvVBsACAdICJGFhMjY4NjU1LWI5MTQtNDIzOC1iY2MxLThkMTc2ZGY1MTZiM9gCAeACAQ&ucfs=1&arphpl=1&checkin=2026-10-13&checkout=2026-10-14&group_adults=2&req_adults=2&no_rooms=1&group_children=0&req_children=0&hpos=19&hapos=179&sr_order=popularity&srpvid=21039c9fdc8c0948&srepoch=1790633888&all_sr_blocks=13986_88651910_2_1_0&highlighted_blocks=13986_88651910_2_1_0&matching_block_id=13986_88651910_2_1_0&sr_pri_blocks=13986_88651910_2_1_0__27693&from=searchresults,Blandford Hotel,367,2026-10-13,2026-09-29T05:23:13.852340,https://www.booking.com/searchresults.html?ss=London&group_adults=2&no_rooms=1&group_children=0&checkin=2026-10-13&checkout=2026-10-14&selected_currency=USD&chal_t=1790633780949&force_referer=,blandfordhotel,Westminster Borough,London,7.6,Good,1140
https://www.booking.com/hotel/gb/gresham-london.html?aid=304142&label=gen173nr-10CAQoggJCDXNlYXJjaF9sb25kb25IM1gEaPQBiAEBmAEzuAEXyAEM2AED6AEB-AEBiAIBqAIBuAK-zuvVBsACAdICJGFhMjY4NjU1LWI5MTQtNDIzOC1iY2MxLThkMTc2ZGY1MTZiM9gCAeACAQ&ucfs=1&arphpl=1&checkin=2026-10-13&checkout=2026-10-14&group_adults=2&req_adults=2&no_rooms=1&group_children=0&req_children=0&hpos=20&hapos=180&sr_order=popularity&srpvid=21039c9fdc8c0948&srepoch=1790633888&all_sr_blocks=3567102_95157175_2_0_0&highlighted_blocks=3567102_95157175_2_0_0&matching_block_id=3567102_95157175_2_0_0&sr_pri_blocks=3567102_95157175_2_0_0__15761&from=searchresults,Gresham Hotel,209,2026-10-13,2026-09-29T05:23:13.916060,https://www.booking.com/searchresults.html?ss=London&group_adults=2&no_rooms=1&group_children=0&checkin=2026-10-13&checkout=2026-10-14&selected_currency=USD&chal_t=1790633780949&force_referer=,gresham-london,Westminster Borough,London,7.5,Good,3541
https://www.booking.com/hotel/gb/ax-1-bed-and-breakfast.html?aid=304142&label=gen173nr-10CAQoggJCDXNlYXJjaF9sb25kb25IM1gEaPQBiAEBmAEzuAEXyAEM2AED6AEB-AEBiAIBqAIBuAK-zuvVBsACAdICJGFhMjY4NjU1LWI5MTQtNDIzOC1iY2MxLThkMTc2ZGY1MTZiM9gCAeACAQ&ucfs=1&arphpl=1&checkin=2026-10-13&checkout=2026-10-14&group_adults=2&req_adults=2&no_rooms=1&group_children=0&req_children=0&hpos=1&hapos=181&sr_order=popularity&srpvid=21039c9fdc8c0948&srepoch=1790633897&all_sr_blocks=1413196302_413060996_2_1_0&highlighted_blocks=1413196302_413060996_2_1_0&matching_block_id=1413196302_413060996_2_1_0&sr_pri_blocks=1413196302_413060996_2_1_0__8000&from=searchresults,Ax 1 Bed and Breakfast,106,2026-10-13,2026-09-29T05:23:13.983279,https://www.booking.com/searchresults.html?ss=London&group_adults=2&no_rooms=1&group_children=0&checkin=2026-10-13&checkout=2026-10-14&selected_currency=USD&chal_t=1790633780949&force_referer=,ax-1-bed-and-breakfast,Ealing,London,7.0,Good,363
https://www.booking.com/hotel/gb/durranthotel.html?aid=304142&label=gen173nr-10CAQoggJCDXNlYXJjaF9sb25kb25IM1gEaPQBiAEBmAEzuAEXyAEM2AED6AEB-AEBiAIBqAIBuAK-zuvVBsACAdICJGFhMjY4NjU1LWI5MTQtNDIzOC1iY2MxLThkMTc2ZGY1MTZiM9gCAeACAQ&ucfs=1&arphpl=1&checkin=2026-10-13&checkout=2026-10-14&group_adults=2&req_adults=2&no_rooms=1&group_children=0&req_children=0&hpos=2&hapos=182&sr_order=popularity&srpvid=21039c9fdc8c0948&srepoch=1790633897&all_sr_blocks=22398316_208361537_0_2_0&highlighted_blocks=22398316_208361537_0_2_0&matching_block_id=22398316_208361537_0_2_0&sr_pri_blocks=22398316_208361537_0_2_0__96250&from=searchresults,Durrants Hotel,1275,2026-10-13,2026-09-29T05:23:14.049418,https://www.booking.com/searchresults.html?ss=London&group_adults=2&no_rooms=1&group_children=0&checkin=2026-10-13&checkout=2026-10-14&selected_currency=USD&chal_t=1790633780949&force_referer=,durranthotel,Westminster Borough,London,8.4,Very Good,1118
https://www.booking.com/hotel/gb/hampton-by-hilton-london-old-street.html?aid=304142&label=gen173nr-10CAQoggJCDXNlYXJjaF9sb25kb25IM1gEaPQBiAEBmAEzuAEXyAEM2AED6AEB-AEBiAIBqAIBuAK-zuvVBsACAdICJGFhMjY4NjU1LWI5MTQtNDIzOC1iY2MxLThkMTc2ZGY1MTZiM9gCAeACAQ&ucfs=1&arphpl=1&checkin=2026-10-13&checkout=2026-10-14&group_adults=2&req_adults=2&no_rooms=1&group_children=0&req_children=0&hpos=3&hapos=183&sr_order=popularity&srpvid=21039c9fdc8c0948&srepoch=1790633897&all_sr_blocks=1033987103_376004859_2_1_0_957196&highlighted_blocks=1033987103_376004859_2_1_0_957196&matching_block_id=1033987103_376004859_2_1_0_957196&sr_pri_blocks=1033987103_376004859_2_1_0_957196_36338&from=searchresults,Hampton By Hilton London Old Street,481,2026-10-13,2026-09-29T05:23:14.128583,https://www.booking.com/searchresults.html?ss=London&group_adults=2&no_rooms=1&group_children=0&checkin=2026-10-13&checkout=2026-10-14&selected_currency=USD&chal_t=1790633780949&force_referer=,hampton-by-hilton-london-old-street,Hackney,London,8.5,Very Good,2621
https://www.booking.com/hotel/gb/self-check-in-london-studios.html?aid=304142&label=gen173nr-10CAQoggJCDXNlYXJjaF9sb25kb25IM1gEaPQBiAEBmAEzuAEXyAEM2AED6AEB-AEBiAIBqAIBuAK-zuvVBsACAdICJGFhMjY4NjU1LWI5MTQtNDIzOC1iY2MxLThkMTc2ZGY1MTZiM9gCAeACAQ&ucfs=1&arphpl=1&checkin=2026-10-13&checkout=2026-10-14&group_adults=2&req_adults=2&no_rooms=1&group_children=0&req_children=0&hpos=4&hapos=184&sr_order=popularity&srpvid=21039c9fdc8c0948&srepoch=1790633897&all_sr_blocks=1581487304_430237664_2_0_0&highlighted_blocks=1581487304_430237664_2_0_0&matching_block_id=1581487304_430237664_2_0_0&sr_pri_blocks=1581487304_430237664_2_0_0__9800&from=searchresults,Clapton Station Luxury Studios near Central London,130,2026-10-13,2026-09-29T05:23:14.219472,https://www.booking.com/searchresults.html?ss=London&group_adults=2&no_rooms=1&group_children=0&checkin=2026-10-13&checkout=2026-10-14&selected_currency=USD&chal_t=1790633780949&force_referer=,self-check-in-london-studios,Hackney,London,6.7,Average,104
https://www.booking.com/hotel/gb/moningtonhotel.html?aid=304142&label=gen173nr-10CAQoggJCDXNlYXJjaF9sb25kb25IM1gEaPQBiAEBmAEzuAEXyAEM2AED6AEB-AEBiAIBqAIBuAK-zuvVBsACAdICJGFhMjY4NjU1LWI5MTQtNDIzOC1iY2MxLThkMTc2ZGY1MTZiM9gCAeACAQ&ucfs=1&arphpl=1&checkin=2026-10-13&checkout=2026-10-14&group_adults=2&req_adults=2&no_rooms=1&group_children=0&req_children=0&hpos=5&hapos=185&sr_order=popularity&srpvid=21039c9fdc8c0948&srepoch=1790633897&all_sr_blocks=10438203_94110082_2_2_0&highlighted_blocks=10438203_94110082_2_2_0&matching_block_id=10438203_94110082_2_2_0&sr_pri_blocks=10438203_94110082_2_2_0__22500&from_sustainable_property_sr=1&from=searchresults,Best Western Mornington Hotel Hyde Park,298,2026-10-13,2026-09-29T05:23:14.303630,https://www.booking.com/searchresults.html?ss=London&group_adults=2&no_rooms=1&group_children=0&checkin=2026-10-13&checkout=2026-10-14&selected_currency=USD&chal_t=1790633780949&force_referer=,moningtonhotel,Westminster Borough,London,7.5,Good,2537
https://www.booking.com/hotel/gb/riverbankparkplaza.html?aid=304142&label=gen173nr-10CAQoggJCDXNlYXJjaF9sb25kb25IM1gEaPQBiAEBmAEzuAEXyAEM2AED6AEB-AEBiAIBqAIBuAK-zuvVBsACAdICJGFhMjY4NjU1LWI5MTQtNDIzOC1iY2MxLThkMTc2ZGY1MTZiM9gCAeACAQ&ucfs=1&arphpl=1&checkin=2026-10-13&checkout=2026-10-14&group_adults=2&req_adults=2&no_rooms=1&group_children=0&req_children=0&hpos=6&hapos=186&sr_order=popularity&srpvid=21039c9fdc8c0948&srepoch=1790633897&all_sr_blocks=22841002_91467844_2_2_0&highlighted_blocks=22841002_91467844_2_2_0&matching_block_id=22841002_91467844_2_2_0&sr_pri_blocks=22841002_91467844_2_2_0__30600&from_sustainable_property_sr=1&from=searchresults,Park Plaza London Riverbank,405,2026-10-13,2026-09-29T05:23:14.378701,https://www.booking.com/searchresults.html?ss=London&group_adults=2&no_rooms=1&group_children=0&checkin=2026-10-13&checkout=2026-10-14&selected_currency=USD&chal_t=1790633780949&force_referer=,riverbankparkplaza,Lambeth,London,8.5,Very Good,13444
https://www.booking.com/hotel/gb/juliuscaesar.html?aid=304142&label=gen173nr-10CAQoggJCDXNlYXJjaF9sb25kb25IM1gEaPQBiAEBmAEzuAEXyAEM2AED6AEB-AEBiAIBqAIBuAK-zuvVBsACAdICJGFhMjY4NjU1LWI5MTQtNDIzOC1iY2MxLThkMTc2ZGY1MTZiM9gCAeACAQ&ucfs=1&arphpl=1&checkin=2026-10-13&checkout=2026-10-14&group_adults=2&req_adults=2&no_rooms=1&group_children=0&req_children=0&hpos=7&hapos=187&sr_order=popularity&srpvid=21039c9fdc8c0948&srepoch=1790633897&all_sr_blocks=16420_0_2_0_0&highlighted_blocks=16420_0_2_0_0&matching_block_id=16420_0_2_0_0&sr_pri_blocks=16420_0_2_0_0__26252&from=searchresults,The Caesar Hotel,348,2026-10-13,2026-09-29T05:23:14.453979,https://www.booking.com/searchresults.html?ss=London&group_adults=2&no_rooms=1&group_children=0&checkin=2026-10-13&checkout=2026-10-14&selected_currency=USD&chal_t=1790633780949&force_referer=,juliuscaesar,Westminster Borough,London,8.9,Excellent,1316
https://www.booking.com/hotel/gb/amazing-apartment-in-camden.html?aid=304142&label=gen173nr-10CAQoggJCDXNlYXJjaF9sb25kb25IM1gEaPQBiAEBmAEzuAEXyAEM2AED6AEB-AEBiAIBqAIBuAK-zuvVBsACAdICJGFhMjY4NjU1LWI5MTQtNDIzOC1iY2MxLThkMTc2ZGY1MTZiM9gCAeACAQ&ucfs=1&arphpl=1&checkin=2026-10-13&checkout=2026-10-14&group_adults=2&req_adults=2&no_rooms=1&group_children=0&req_children=0&hpos=8&hapos=188&sr_order=popularity&srpvid=21039c9fdc8c0948&srepoch=1790633897&all_sr_blocks=1614336101_432315137_4_0_0&highlighted_blocks=1614336101_432315137_4_0_0&matching_block_id=1614336101_432315137_4_0_0&sr_pri_blocks=1614336101_432315137_4_0_0__16500&from=searchresults,Amazing apartment in Camden,219,2026-10-13,2026-09-29T05:23:14.582980,https://www.booking.com/searchresults.html?ss=London&group_adults=2&no_rooms=1&group_children=0&checkin=2026-10-13&checkout=2026-10-14&selected_currency=USD&chal_t=1790633780949&force_referer=,amazing-apartment-in-camden,Camden,London,7.7,Good,27
https://www.booking.com/hotel/gb/hyde-park-apartments-prime-vision-living-london.html?aid=304142&label=gen173nr-10CAQoggJCDXNlYXJjaF9sb25kb25IM1gEaPQBiAEBmAEzuAEXyAEM2AED6AEB-AEBiAIBqAIBuAK-zuvVBsACAdICJGFhMjY4NjU1LWI5MTQtNDIzOC1iY2MxLThkMTc2ZGY1MTZiM9gCAeACAQ&ucfs=1&arphpl=1&checkin=2026-10-13&checkout=2026-10-14&group_adults=2&req_adults=2&no_rooms=1&group_children=0&req_children=0&hpos=9&hapos=189&sr_order=popularity&srpvid=21039c9fdc8c0948&srepoch=1790633897&all_sr_blocks=1335885402_439551096_0_0_0&highlighted_blocks=1335885402_439551096_0_0_0&matching_block_id=1335885402_439551096_0_0_0&sr_pri_blocks=1335885402_439551096_0_0_0__30375&from=searchresults,Hyde Park Apartments - Prime Vision Living London,402,2026-10-13,2026-09-29T05:23:14.706911,https://www.booking.com/searchresults.html?ss=London&group_adults=2&no_rooms=1&group_children=0&checkin=2026-10-13&checkout=2026-10-14&selected_currency=USD&chal_t=1790633780949&force_referer=,hyde-park-apartments-prime-vision-living-london,Westminster Borough,London,8.5,Very Good,107
https://www.booking.com/hotel/gb/langland.html?aid=304142&label=gen173nr-10CAQoggJCDXNlYXJjaF9sb25kb25IM1gEaPQBiAEBmAEzuAEXyAEM2AED6AEB-AEBiAIBqAIBuAK-zuvVBsACAdICJGFhMjY4NjU1LWI5MTQtNDIzOC1iY2MxLThkMTc2ZGY1MTZiM9gCAeACAQ&ucfs=1&arphpl=1&checkin=2026-10-13&checkout=2026-10-14&group_adults=2&req_adults=2&no_rooms=1&group_children=0&req_children=0&hpos=10&hapos=190&sr_order=popularity&srpvid=21039c9fdc8c0948&srepoch=1790633897&all_sr_blocks=3545606_0_2_1_0&highlighted_blocks=3545606_0_2_1_0&matching_block_id=3545606_0_2_1_0&sr_pri_blocks=3545606_0_2_1_0__25109&from_sustainable_property_sr=1&from=searchresults,Bloomsbury Palace Hotel,333,2026-10-13,2026-09-29T05:23:14.799292,https://www.booking.com/searchresults.html?ss=London&group_adults=2&no_rooms=1&group_children=0&checkin=2026-10-13&checkout=2026-10-14&selected_currency=USD&chal_t=1790633780949&force_referer=,langland,Camden,London,7.4,Good,560
https://www.booking.com/hotel/gb/hiexpressvictoria.html?aid=304142&label=gen173nr-10CAQoggJCDXNlYXJjaF9sb25kb25IM1gEaPQBiAEBmAEzuAEXyAEM2AED6AEB-AEBiAIBqAIBuAK-zuvVBsACAdICJGFhMjY4NjU1LWI5MTQtNDIzOC1iY2MxLThkMTc2ZGY1MTZiM9gCAeACAQ&ucfs=1&arphpl=1&checkin=2026-10-13&checkout=2026-10-14&group_adults=2&req_adults=2&no_rooms=1&group_children=0&req_children=0&hpos=11&hapos=191&sr_order=popularity&srpvid=21039c9fdc8c0948&srepoch=1790633897&all_sr_blocks=11738605_102713650_2_1_0&highlighted_blocks=11738605_102713650_2_1_0&matching_block_id=11738605_102713650_2_1_0&sr_pri_blocks=11738605_102713650_2_1_0__46700&from=searchresults,Holiday Inn Express London Victoria by IHG,619,2026-10-13,2026-09-29T05:23:14.868958,https://www.booking.com/searchresults.html?ss=London&group_adults=2&no_rooms=1&group_children=0&checkin=2026-10-13&checkout=2026-10-14&selected_currency=USD&chal_t=1790633780949&force_referer=,hiexpressvictoria,Westminster Borough,London,7.7,Good,1085
https://www.booking.com/hotel/gb/wimbledon-park-studio-apartment-tennis.html?aid=304142&label=gen173nr-10CAQoggJCDXNlYXJjaF9sb25kb25IM1gEaPQBiAEBmAEzuAEXyAEM2AED6AEB-AEBiAIBqAIBuAK-zuvVBsACAdICJGFhMjY4NjU1LWI5MTQtNDIzOC1iY2MxLThkMTc2ZGY1MTZiM9gCAeACAQ&ucfs=1&arphpl=1&checkin=2026-10-13&checkout=2026-10-14&group_adults=2&req_adults=2&no_rooms=1&group_children=0&req_children=0&hpos=12&hapos=192&sr_order=popularity&srpvid=21039c9fdc8c0948&srepoch=1790633897&all_sr_blocks=1675382701_439281754_2_0_0&highlighted_blocks=1675382701_439281754_2_0_0&matching_block_id=1675382701_439281754_2_0_0&sr_pri_blocks=1675382701_439281754_2_0_0__10725&from=searchresults,Wimbledon Park Studio Apartment- Tennis,142,2026-10-13,2026-09-29T05:23:14.940216,https://www.booking.com/searchresults.html?ss=London&group_adults=2&no_rooms=1&group_children=0&checkin=2026-10-13&checkout=2026-10-14&selected_currency=USD&chal_t=1790633780949&force_referer=,wimbledon-park-studio-apartment-tennis,Wimbledon,London,9.4,Wonderful,14
https://www.booking.com/hotel/gb/cosy-apartment-in-prime-location.html?aid=304142&label=gen173nr-10CAQoggJCDXNlYXJjaF9sb25kb25IM1gEaPQBiAEBmAEzuAEXyAEM2AED6AEB-AEBiAIBqAIBuAK-zuvVBsACAdICJGFhMjY4NjU1LWI5MTQtNDIzOC1iY2MxLThkMTc2ZGY1MTZiM9gCAeACAQ&ucfs=1&arphpl=1&checkin=2026-10-13&checkout=2026-10-14&group_adults=2&req_adults=2&no_rooms=1&group_children=0&req_children=0&hpos=13&hapos=193&sr_order=popularity&srpvid=21039c9fdc8c0948&srepoch=1790633897&all_sr_blocks=1259456401_399687979_2_0_0&highlighted_blocks=1259456401_399687979_2_0_0&matching_block_id=1259456401_399687979_2_0_0&sr_pri_blocks=1259456401_399687979_2_0_0__18150&from=searchresults,Spacious Apartment with a balcony in Prime Location in Farringdon,240,2026-10-13,2026-09-29T05:23:15.077943,https://www.booking.com/searchresults.html?ss=London&group_adults=2&no_rooms=1&group_children=0&checkin=2026-10-13&checkout=2026-10-14&selected_currency=USD&chal_t=1790633780949&force_referer=,cosy-apartment-in-prime-location,Islington,London,7.6,Good,75
https://www.booking.com/hotel/gb/the-newman.html?aid=304142&label=gen173nr-10CAQoggJCDXNlYXJjaF9sb25kb25IM1gEaPQBiAEBmAEzuAEXyAEM2AED6AEB-AEBiAIBqAIBuAK-zuvVBsACAdICJGFhMjY4NjU1LWI5MTQtNDIzOC1iY2MxLThkMTc2ZGY1MTZiM9gCAeACAQ&ucfs=1&arphpl=1&checkin=2026-10-13&checkout=2026-10-14&group_adults=2&req_adults=2&no_rooms=1&group_children=0&req_children=0&hpos=14&hapos=194&sr_order=popularity&srpvid=21039c9fdc8c0948&srepoch=1790633897&all_sr_blocks=0_0_2_0_0&highlighted_blocks=0_0_2_0_0&matching_block_id=0_0_2_0_0&sr_pri_blocks=0_0_2_0_0__92125&from=searchresults,The Newman,1221,2026-10-13,2026-09-29T05:23:15.220845,https://www.booking.com/searchresults.html?ss=London&group_adults=2&no_rooms=1&group_children=0&checkin=2026-10-13&checkout=2026-10-14&selected_currency=USD&chal_t=1790633780949&force_referer=,the-newman,Westminster Borough,London,9.3,Wonderful,125
https://www.booking.com/hotel/gb/charles-hope-london-battersea.html?aid=304142&label=gen173nr-10CAQoggJCDXNlYXJjaF9sb25kb25IM1gEaPQBiAEBmAEzuAEXyAEM2AED6AEB-AEBiAIBqAIBuAK-zuvVBsACAdICJGFhMjY4NjU1LWI5MTQtNDIzOC1iY2MxLThkMTc2ZGY1MTZiM9gCAeACAQ&ucfs=1&arphpl=1&checkin=2026-10-13&checkout=2026-10-14&group_adults=2&req_adults=2&no_rooms=1&group_children=0&req_children=0&hpos=15&hapos=195&sr_order=popularity&srpvid=21039c9fdc8c0948&srepoch=1790633897&all_sr_blocks=1449861605_416360767_3_0_0_1148677&highlighted_blocks=1449861605_416360767_3_0_0_1148677&matching_block_id=1449861605_416360767_3_0_0_1148677&sr_pri_blocks=1449861605_416360767_3_0_0_1148677_36045&from=searchresults,Charles Hope London Battersea,478,2026-10-13,2026-09-29T05:23:15.350494,https://www.booking.com/searchresults.html?ss=London&group_adults=2&no_rooms=1&group_children=0&checkin=2026-10-13&checkout=2026-10-14&selected_currency=USD&chal_t=1790633780949&force_referer=,charles-hope-london-battersea,Wandsworth,London,8.0,Very Good,147
https://www.booking.com/hotel/gb/innkeeper-s-lodge-london-greenwich.html?aid=304142&label=gen173nr-10CAQoggJCDXNlYXJjaF9sb25kb25IM1gEaPQBiAEBmAEzuAEXyAEM2AED6AEB-AEBiAIBqAIBuAK-zuvVBsACAdICJGFhMjY4NjU1LWI5MTQtNDIzOC1iY2MxLThkMTc2ZGY1MTZiM9gCAeACAQ&ucfs=1&arphpl=1&checkin=2026-10-13&checkout=2026-10-14&group_adults=2&req_adults=2&no_rooms=1&group_children=0&req_children=0&hpos=16&hapos=196&sr_order=popularity&srpvid=21039c9fdc8c0948&srepoch=1790633897&all_sr_blocks=90802602_361905134_0_2_0&highlighted_blocks=90802602_361905134_0_2_0&matching_block_id=90802602_361905134_0_2_0&sr_pri_blocks=90802602_361905134_0_2_0__20331&from=searchresults,The Mitre by Innkeeper's Collection,269,2026-10-13,2026-09-29T05:23:15.452514,https://www.booking.com/searchresults.html?ss=London&group_adults=2&no_rooms=1&group_children=0&checkin=2026-10-13&checkout=2026-10-14&selected_currency=USD&chal_t=1790633780949&force_referer=,innkeeper-s-lodge-london-greenwich,Greenwich,London,8.7,Excellent,1912
https://www.booking.com/hotel/gb/ibis-london-shepherd-s-bush.html?aid=304142&label=gen173nr-10CAQoggJCDXNlYXJjaF9sb25kb25IM1gEaPQBiAEBmAEzuAEXyAEM2AED6AEB-AEBiAIBqAIBuAK-zuvVBsACAdICJGFhMjY4NjU1LWI5MTQtNDIzOC1iY2MxLThkMTc2ZGY1MTZiM9gCAeACAQ&ucfs=1&arphpl=1&checkin=2026-10-13&checkout=2026-10-14&group_adults=2&req_adults=2&no_rooms=1&group_children=0&req_children=0&hpos=17&hapos=197&sr_order=popularity&srpvid=21039c9fdc8c0948&srepoch=1790633897&all_sr_blocks=42612801_94463099_2_42_0&highlighted_blocks=42612801_94463099_2_42_0&matching_block_id=42612801_94463099_2_42_0&sr_pri_blocks=42612801_94463099_2_42_0__19210&from_sustainable_property_sr=1&from=searchresults,ibis London Shepherds Bush - Hammersmith,255,2026-10-13,2026-09-29T05:23:15.551009,https://www.booking.com/searchresults.html?ss=London&group_adults=2&no_rooms=1&group_children=0&checkin=2026-10-13&checkout=2026-10-14&selected_currency=USD&chal_t=1790633780949&force_referer=,ibis-london-shepherd-s-bush,Hammersmith and Fulham,London,8.2,Very Good,2319
https://www.booking.com/hotel/gb/curio-collection-by-hilton-london-shoreditch-united-kingdom.html?aid=304142&label=gen173nr-10CAQoggJCDXNlYXJjaF9sb25kb25IM1gEaPQBiAEBmAEzuAEXyAEM2AED6AEB-AEBiAIBqAIBuAK-zuvVBsACAdICJGFhMjY4NjU1LWI5MTQtNDIzOC1iY2MxLThkMTc2ZGY1MTZiM9gCAeACAQ&ucfs=1&arphpl=1&checkin=2026-10-13&checkout=2026-10-14&group_adults=2&req_adults=2&no_rooms=1&group_children=0&req_children=0&hpos=18&hapos=198&sr_order=popularity&srpvid=21039c9fdc8c0948&srepoch=1790633897&all_sr_blocks=592957901_232456837_2_34_0&highlighted_blocks=592957901_232456837_2_34_0&matching_block_id=592957901_232456837_2_34_0&sr_pri_blocks=592957901_232456837_2_34_0__68080&from=searchresults,"Hart Shoreditch Hotel London, Curio Collection by Hilton",902,2026-10-13,2026-09-29T05:23:15.652091,https://www.booking.com/searchresults.html?ss=London&group_adults=2&no_rooms=1&group_children=0&checkin=2026-10-13&checkout=2026-10-14&selected_currency=USD&chal_t=1790633780949&force_referer=,curio-collection-by-hilton-london-shoreditch-united-kingdom,Hackney,London,9.0,Wonderful,1200
https://www.booking.com/hotel/gb/hyde-park-designer-serviced-apartments-with-a-c.html?aid=304142&label=gen173nr-10CAQoggJCDXNlYXJjaF9sb25kb25IM1gEaPQBiAEBmAEzuAEXyAEM2AED6AEB-AEBiAIBqAIBuAK-zuvVBsACAdICJGFhMjY4NjU1LWI5MTQtNDIzOC1iY2MxLThkMTc2ZGY1MTZiM9gCAeACAQ&ucfs=1&arphpl=1&checkin=2026-10-13&checkout=2026-10-14&group_adults=2&req_adults=2&no_rooms=1&group_children=0&req_children=0&hpos=19&hapos=199&sr_order=popularity&srpvid=21039c9fdc8c0948&srepoch=1790633897&all_sr_blocks=1441032804_415723633_2_0_0&highlighted_blocks=1441032804_415723633_2_0_0&matching_block_id=1441032804_415723633_2_0_0&sr_pri_blocks=1441032804_415723633_2_0_0__10710&from=searchresults,Hyde Park Designer Serviced Apartments with A/C,142,2026-10-13,2026-09-29T05:23:15.770351,https://www.booking.com/searchresults.html?ss=London&group_adults=2&no_rooms=1&group_children=0&checkin=2026-10-13&checkout=2026-10-14&selected_currency=USD&chal_t=1790633780949&force_referer=,hyde-park-designer-serviced-apartments-with-a-c,Westminster Borough,London,8.1,Very Good,149
https://www.booking.com/hotel/gb/cleveland-residences-russell-square.html?aid=304142&label=gen173nr-10CAQoggJCDXNlYXJjaF9sb25kb25IM1gEaPQBiAEBmAEzuAEXyAEM2AED6AEB-AEBiAIBqAIBuAK-zuvVBsACAdICJGFhMjY4NjU1LWI5MTQtNDIzOC1iY2MxLThkMTc2ZGY1MTZiM9gCAeACAQ&ucfs=1&arphpl=1&checkin=2026-10-13&checkout=2026-10-14&group_adults=2&req_adults=2&no_rooms=1&group_children=0&req_children=0&hpos=20&hapos=200&sr_order=popularity&srpvid=21039c9fdc8c0948&srepoch=1790633897&all_sr_blocks=918046708_363364018_2_0_0&highlighted_blocks=918046708_363364018_2_0_0&matching_block_id=918046708_363364018_2_0_0&sr_pri_blocks=918046708_363364018_2_0_0__24903&from=searchresults,Cleveland Residences Russell Square,330,2026-10-13,2026-09-29T05:23:16.083336,https://www.booking.com/searchresults.html?ss=London&group_adults=2&no_rooms=1&group_children=0&checkin=2026-10-13&checkout=2026-10-14&selected_currency=USD&chal_t=1790633780949&force_referer=,cleveland-residences-russell-square,Camden,London,8.9,Excellent,3443
https://www.booking.com/hotel/gb/wedgewoodhotel.html?aid=304142&label=gen173nr-10CAQoggJCDXNlYXJjaF9sb25kb25IM1gEaPQBiAEBmAEzuAEXyAEM2AED6AEB-AEBiAIBqAIBuAK-zuvVBsACAdICJGFhMjY4NjU1LWI5MTQtNDIzOC1iY2MxLThkMTc2ZGY1MTZiM9gCAeACAQ&ucfs=1&arphpl=1&checkin=2026-10-13&checkout=2026-10-14&group_adults=2&req_adults=2&no_rooms=1&group_children=0&req_children=0&hpos=1&hapos=201&sr_order=popularity&srpvid=21039c9fdc8c0948&srepoch=1790633902&all_sr_blocks=10282902_88651826_0_2_0&highlighted_blocks=10282902_88651826_0_2_0&matching_block_id=10282902_88651826_0_2_0&sr_pri_blocks=10282902_88651826_0_2_0__8415&from=searchresults,Wedgewood Hotel,111,2026-10-13,2026-09-29T05:23:16.168829,https://www.booking.com/searchresults.html?ss=London&group_adults=2&no_rooms=1&group_children=0&checkin=2026-10-13&checkout=2026-10-14&selected_currency=USD&chal_t=1790633780949&force_referer=,wedgewoodhotel,Westminster Borough,London,6.7,Average,3374
https://www.booking.com/hotel/gb/kingsway-park.html?aid=304142&label=gen173nr-10CAQoggJCDXNlYXJjaF9sb25kb25IM1gEaPQBiAEBmAEzuAEXyAEM2AED6AEB-AEBiAIBqAIBuAK-zuvVBsACAdICJGFhMjY4NjU1LWI5MTQtNDIzOC1iY2MxLThkMTc2ZGY1MTZiM9gCAeACAQ&ucfs=1&arphpl=1&checkin=2026-10-13&checkout=2026-10-14&group_adults=2&req_adults=2&no_rooms=1&group_children=0&req_children=0&hpos=2&hapos=202&sr_order=popularity&srpvid=21039c9fdc8c0948&srepoch=1790633902&all_sr_blocks=3719402_0_2_1_0&highlighted_blocks=3719402_0_2_1_0&matching_block_id=3719402_0_2_1_0&sr_pri_blocks=3719402_0_2_1_0__31323&from=searchresults,KingswayPark Hotel at Park Avenue,415,2026-10-13,2026-09-29T05:23:16.240138,https://www.booking.com/searchresults.html?ss=London&group_adults=2&no_rooms=1&group_children=0&checkin=2026-10-13&checkout=2026-10-14&selected_currency=USD&chal_t=1790633780949&force_referer=,kingsway-park,Westminster Borough,London,7.1,Good,2450
https://www.booking.com/hotel/gb/the-pig-and-whistle.html?aid=304142&label=gen173nr-10CAQoggJCDXNlYXJjaF9sb25kb25IM1gEaPQBiAEBmAEzuAEXyAEM2AED6AEB-AEBiAIBqAIBuAK-zuvVBsACAdICJGFhMjY4NjU1LWI5MTQtNDIzOC1iY2MxLThkMTc2ZGY1MTZiM9gCAeACAQ&ucfs=1&arphpl=1&checkin=2026-10-13&checkout=2026-10-14&group_adults=2&req_adults=2&no_rooms=1&group_children=0&req_children=0&hpos=3&hapos=203&sr_order=popularity&srpvid=21039c9fdc8c0948&srepoch=1790633902&all_sr_blocks=914510501_362870149_2_0_0&highlighted_blocks=914510501_362870149_2_0_0&matching_block_id=914510501_362870149_2_0_0&sr_pri_blocks=914510501_362870149_2_0_0__13000&from=searchresults,The Pig and Whistle,172,2026-10-13,2026-09-29T05:23:16.459612,https://www.booking.com/searchresults.html?ss=London&group_adults=2&no_rooms=1&group_children=0&checkin=2026-10-13&checkout=2026-10-14&selected_currency=USD&chal_t=1790633780949&force_referer=,the-pig-and-whistle,Mortlake,London,8.7,Excellent,293
https://www.booking.com/hotel/gb/new-chelsea-cloisters.html?aid=304142&label=gen173nr-10CAQoggJCDXNlYXJjaF9sb25kb25IM1gEaPQBiAEBmAEzuAEXyAEM2AED6AEB-AEBiAIBqAIBuAK-zuvVBsACAdICJGFhMjY4NjU1LWI5MTQtNDIzOC1iY2MxLThkMTc2ZGY1MTZiM9gCAeACAQ&ucfs=1&arphpl=1&checkin=2026-10-13&checkout=2026-10-14&group_adults=2&req_adults=2&no_rooms=1&group_children=0&req_children=0&hpos=4&hapos=204&sr_order=popularity&srpvid=21039c9fdc8c0948&srepoch=1790633902&all_sr_blocks=3550551_0_2_0_0&highlighted_blocks=3550551_0_2_0_0&matching_block_id=3550551_0_2_0_0&sr_pri_blocks=3550551_0_2_0_0__18873&from=searchresults,Chelsea Cloisters Serviced Apartments,250,2026-10-13,2026-09-29T05:23:16.689336,https://www.booking.com/searchresults.html?ss=London&group_adults=2&no_rooms=1&group_children=0&checkin=2026-10-13&checkout=2026-10-14&selected_currency=USD&chal_t=1790633780949&force_referer=,new-chelsea-cloisters,Kensington and Chelsea,London,8.0,Very Good,10089
https://www.booking.com/hotel/gb/euston-city-suite-apartments.html?aid=304142&label=gen173nr-10CAQoggJCDXNlYXJjaF9sb25kb25IM1gEaPQBiAEBmAEzuAEXyAEM2AED6AEB-AEBiAIBqAIBuAK-zuvVBsACAdICJGFhMjY4NjU1LWI5MTQtNDIzOC1iY2MxLThkMTc2ZGY1MTZiM9gCAeACAQ&ucfs=1&arphpl=1&checkin=2026-10-13&checkout=2026-10-14&group_adults=2&req_adults=2&no_rooms=1&group_children=0&req_children=0&hpos=5&hapos=205&sr_order=popularity&srpvid=21039c9fdc8c0948&srepoch=1790633902&all_sr_blocks=1602684816_431224706_4_0_0&highlighted_blocks=1602684816_431224706_4_0_0&matching_block_id=1602684816_431224706_4_0_0&sr_pri_blocks=1602684816_431224706_4_0_0__8910&from=searchresults,Euston City Suites Apartments,118,2026-10-13,2026-09-29T05:23:17.042022,https://www.booking.com/searchresults.html?ss=London&group_adults=2&no_rooms=1&group_children=0&checkin=2026-10-13&checkout=2026-10-14&selected_currency=USD&chal_t=1790633780949&force_referer=,euston-city-suite-apartments,Camden,London,6.5,Average,99
https://www.booking.com/hotel/gb/holidayinnkensington.html?aid=304142&label=gen173nr-10CAQoggJCDXNlYXJjaF9sb25kb25IM1gEaPQBiAEBmAEzuAEXyAEM2AED6AEB-AEBiAIBqAIBuAK-zuvVBsACAdICJGFhMjY4NjU1LWI5MTQtNDIzOC1iY2MxLThkMTc2ZGY1MTZiM9gCAeACAQ&ucfs=1&arphpl=1&checkin=2026-10-13&checkout=2026-10-14&group_adults=2&req_adults=2&no_rooms=1&group_children=0&req_children=0&hpos=6&hapos=206&sr_order=popularity&srpvid=21039c9fdc8c0948&srepoch=1790633902&all_sr_blocks=23131630_94354309_2_42_0&highlighted_blocks=23131630_94354309_2_42_0&matching_block_id=23131630_94354309_2_42_0&sr_pri_blocks=23131630_94354309_2_42_0__33439&from=searchresults,Doubletree By Hilton London Kensington,443,2026-10-13,2026-09-29T05:23:17.317411,https://www.booking.com/searchresults.html?ss=London&group_adults=2&no_rooms=1&group_children=0&checkin=2026-10-13&checkout=2026-10-14&selected_currency=USD&chal_t=1790633780949&force_referer=,holidayinnkensington,Kensington and Chelsea,London,8.3,Very Good,1706
https://www.booking.com/hotel/gb/classichotel.html?aid=304142&label=gen173nr-10CAQoggJCDXNlYXJjaF9sb25kb25IM1gEaPQBiAEBmAEzuAEXyAEM2AED6AEB-AEBiAIBqAIBuAK-zuvVBsACAdICJGFhMjY4NjU1LWI5MTQtNDIzOC1iY2MxLThkMTc2ZGY1MTZiM9gCAeACAQ&ucfs=1&arphpl=1&checkin=2026-10-13&checkout=2026-10-14&group_adults=2&req_adults=2&no_rooms=1&group_children=0&req_children=0&hpos=7&hapos=207&sr_order=popularity&srpvid=21039c9fdc8c0948&srepoch=1790633902&all_sr_blocks=22339802_88652143_0_1_0&highlighted_blocks=22339802_88652143_0_1_0&matching_block_id=22339802_88652143_0_1_0&sr_pri_blocks=22339802_88652143_0_1_0__24338&from=searchresults,Prime Inn,322,2026-10-13,2026-09-29T05:23:17.555497,https://www.booking.com/searchresults.html?ss=London&group_adults=2&no_rooms=1&group_children=0&checkin=2026-10-13&checkout=2026-10-14&selected_currency=USD&chal_t=1790633780949&force_referer=,classichotel,Westminster Borough,London,7.6,Good,2097
https://www.booking.com/hotel/gb/london-tower-bridge-guest-rooms-greater-london.html?aid=304142&label=gen173nr-10CAQoggJCDXNlYXJjaF9sb25kb25IM1gEaPQBiAEBmAEzuAEXyAEM2AED6AEB-AEBiAIBqAIBuAK-zuvVBsACAdICJGFhMjY4NjU1LWI5MTQtNDIzOC1iY2MxLThkMTc2ZGY1MTZiM9gCAeACAQ&ucfs=1&arphpl=1&checkin=2026-10-13&checkout=2026-10-14&group_adults=2&req_adults=2&no_rooms=1&group_children=0&req_children=0&hpos=8&hapos=208&sr_order=popularity&srpvid=21039c9fdc8c0948&srepoch=1790633902&all_sr_blocks=1594642303_430488922_2_0_0&highlighted_blocks=1594642303_430488922_2_0_0&matching_block_id=1594642303_430488922_2_0_0&sr_pri_blocks=1594642303_430488922_2_0_0__6975&from=searchresults,London Tower Bridge Guest Rooms-74,92,2026-10-13,2026-09-29T05:23:17.758426,https://www.booking.com/searchresults.html?ss=London&group_adults=2&no_rooms=1&group_children=0&checkin=2026-10-13&checkout=2026-10-14&selected_currency=USD&chal_t=1790633780949&force_referer=,london-tower-bridge-guest-rooms-greater-london,Southwark,London,6.8,Average,27
https://www.booking.com/hotel/gb/designer-1-bed-apartment-in-mayfair-steps-to-new-bond-street-and-3-min-walk-to-o.html?aid=304142&label=gen173nr-10CAQoggJCDXNlYXJjaF9sb25kb25IM1gEaPQBiAEBmAEzuAEXyAEM2AED6AEB-AEBiAIBqAIBuAK-zuvVBsACAdICJGFhMjY4NjU1LWI5MTQtNDIzOC1iY2MxLThkMTc2ZGY1MTZiM9gCAeACAQ&ucfs=1&arphpl=1&checkin=2026-10-13&checkout=2026-10-14&group_adults=2&req_adults=2&no_rooms=1&group_children=0&req_children=0&hpos=9&hapos=209&sr_order=popularity&srpvid=21039c9fdc8c0948&srepoch=1790633902&all_sr_blocks=1641523001_434528966_2_0_0&highlighted_blocks=1641523001_434528966_2_0_0&matching_block_id=1641523001_434528966_2_0_0&sr_pri_blocks=1641523001_434528966_2_0_0__31921&from=searchresults,Designer 1 Bed Apartment in Mayfair Steps To New Bond Street and 3 min Walk to Oxford Circus Station,423,2026-10-13,2026-09-29T05:23:18.071720,https://www.booking.com/searchresults.html?ss=London&group_adults=2&no_rooms=1&group_children=0&checkin=2026-10-13&checkout=2026-10-14&selected_currency=USD&chal_t=1790633780949&force_referer=,designer-1-bed-apartment-in-mayfair-steps-to-new-bond-street-and-3-min-walk-to-o,Westminster Borough,London,7.2,Good,5
https://www.booking.com/hotel/gb/dc-london1.html?aid=304142&label=gen173nr-10CAQoggJCDXNlYXJjaF9sb25kb25IM1gEaPQBiAEBmAEzuAEXyAEM2AED6AEB-AEBiAIBqAIBuAK-zuvVBsACAdICJGFhMjY4NjU1LWI5MTQtNDIzOC1iY2MxLThkMTc2ZGY1MTZiM9gCAeACAQ&ucfs=1&arphpl=1&checkin=2026-10-13&checkout=2026-10-14&group_adults=2&req_adults=2&no_rooms=1&group_children=0&req_children=0&hpos=10&hapos=210&sr_order=popularity&srpvid=21039c9fdc8c0948&srepoch=1790633902&all_sr_blocks=866935005_355135117_0_2_0&highlighted_blocks=866935005_355135117_0_2_0&matching_block_id=866935005_355135117_0_2_0&sr_pri_blocks=866935005_355135117_0_2_0__6105&from=searchresults,"Hotel DC, Stratford",81,2026-10-13,2026-09-29T05:23:18.420279,https://www.booking.com/searchresults.html?ss=London&group_adults=2&no_rooms=1&group_children=0&checkin=2026-10-13&checkout=2026-10-14&selected_currency=USD&chal_t=1790633780949&force_referer=,dc-london1,Newham,London,8.3,Very Good,4251
https://www.booking.com/hotel/gb/vertus-edit.html?aid=304142&label=gen173nr-10CAQoggJCDXNlYXJjaF9sb25kb25IM1gEaPQBiAEBmAEzuAEXyAEM2AED6AEB-AEBiAIBqAIBuAK-zuvVBsACAdICJGFhMjY4NjU1LWI5MTQtNDIzOC1iY2MxLThkMTc2ZGY1MTZiM9gCAeACAQ&ucfs=1&arphpl=1&checkin=2026-10-13&checkout=2026-10-14&group_adults=2&req_adults=2&no_rooms=1&group_children=0&req_children=0&hpos=11&hapos=211&sr_order=popularity&srpvid=21039c9fdc8c0948&srepoch=1790633902&all_sr_blocks=1263327101_0_2_0_0&highlighted_blocks=1263327101_0_2_0_0&matching_block_id=1263327101_0_2_0_0&sr_pri_blocks=1263327101_0_2_0_0__22711&from=searchresults,Vertus Edit Canary Wharf,301,2026-10-13,2026-09-29T05:23:18.568934,https://www.booking.com/searchresults.html?ss=London&group_adults=2&no_rooms=1&group_children=0&checkin=2026-10-13&checkout=2026-10-14&selected_currency=USD&chal_t=1790633780949&force_referer=,vertus-edit,Tower Hamlets,London,9.0,Wonderful,3148
https://www.booking.com/hotel/gb/bedford-greater-london.html?aid=304142&label=gen173nr-10CAQoggJCDXNlYXJjaF9sb25kb25IM1gEaPQBiAEBmAEzuAEXyAEM2AED6AEB-AEBiAIBqAIBuAK-zuvVBsACAdICJGFhMjY4NjU1LWI5MTQtNDIzOC1iY2MxLThkMTc2ZGY1MTZiM9gCAeACAQ&ucfs=1&arphpl=1&checkin=2026-10-13&checkout=2026-10-14&group_adults=2&req_adults=2&no_rooms=1&group_children=0&req_children=0&hpos=12&hapos=212&sr_order=popularity&srpvid=21039c9fdc8c0948&srepoch=1790633902&all_sr_blocks=924723901_0_2_0_0&highlighted_blocks=924723901_0_2_0_0&matching_block_id=924723901_0_2_0_0&sr_pri_blocks=924723901_0_2_0_0__26375&from_sustainable_property_sr=1&from=searchresults,Bedford Hotel,349,2026-10-13,2026-09-29T05:23:18.717596,https://www.booking.com/searchresults.html?ss=London&group_adults=2&no_rooms=1&group_children=0&checkin=2026-10-13&checkout=2026-10-14&selected_currency=USD&chal_t=1790633780949&force_referer=,bedford-greater-london,Camden,London,8.3,Very Good,2421
https://www.booking.com/hotel/gb/nativastays-ensuite-rooms-greater-london.html?aid=304142&label=gen173nr-10CAQoggJCDXNlYXJjaF9sb25kb25IM1gEaPQBiAEBmAEzuAEXyAEM2AED6AEB-AEBiAIBqAIBuAK-zuvVBsACAdICJGFhMjY4NjU1LWI5MTQtNDIzOC1iY2MxLThkMTc2ZGY1MTZiM9gCAeACAQ&ucfs=1&arphpl=1&checkin=2026-10-13&checkout=2026-10-14&group_adults=2&req_adults=2&no_rooms=1&group_children=0&req_children=0&hpos=13&hapos=213&sr_order=popularity&srpvid=21039c9fdc8c0948&srepoch=1790633902&all_sr_blocks=1686710602_440298940_2_0_0&highlighted_blocks=1686710602_440298940_2_0_0&matching_block_id=1686710602_440298940_2_0_0&sr_pri_blocks=1686710602_440298940_2_0_0__9500&from=searchresults,NativaStays Private En-suite Rooms & Kitchen,126,2026-10-13,2026-09-29T05:23:18.842731,https://www.booking.com/searchresults.html?ss=London&group_adults=2&no_rooms=1&group_children=0&checkin=2026-10-13&checkout=2026-10-14&selected_currency=USD&chal_t=1790633780949&force_referer=,nativastays-ensuite-rooms-greater-london,Southwark,London,7.5,Good,75
https://www.booking.com/hotel/gb/mason-amp-fifth-belsize-park-greater-london.html?aid=304142&label=gen173nr-10CAQoggJCDXNlYXJjaF9sb25kb25IM1gEaPQBiAEBmAEzuAEXyAEM2AED6AEB-AEBiAIBqAIBuAK-zuvVBsACAdICJGFhMjY4NjU1LWI5MTQtNDIzOC1iY2MxLThkMTc2ZGY1MTZiM9gCAeACAQ&ucfs=1&arphpl=1&checkin=2026-10-13&checkout=2026-10-14&group_adults=2&req_adults=2&no_rooms=1&group_children=0&req_children=0&hpos=14&hapos=214&sr_order=popularity&srpvid=21039c9fdc8c0948&srepoch=1790633902&all_sr_blocks=1586756401_429793064_2_1_0&highlighted_blocks=1586756401_429793064_2_1_0&matching_block_id=1586756401_429793064_2_1_0&sr_pri_blocks=1586756401_429793064_2_1_0__18526&from=searchresults,"Mason & Fifth, Belsize Park",245,2026-10-13,2026-09-29T05:23:18.987325,https://www.booking.com/searchresults.html?ss=London&group_adults=2&no_rooms=1&group_children=0&checkin=2026-10-13&checkout=2026-10-14&selected_currency=USD&chal_t=1790633780949&force_referer=,mason-amp-fifth-belsize-park-greater-london,Camden,London,8.8,Excellent,290
https://www.booking.com/hotel/gb/the-brewers-inn.html?aid=304142&label=gen173nr-10CAQoggJCDXNlYXJjaF9sb25kb25IM1gEaPQBiAEBmAEzuAEXyAEM2AED6AEB-AEBiAIBqAIBuAK-zuvVBsACAdICJGFhMjY4NjU1LWI5MTQtNDIzOC1iY2MxLThkMTc2ZGY1MTZiM9gCAeACAQ&ucfs=1&arphpl=1&checkin=2026-10-13&checkout=2026-10-14&group_adults=2&req_adults=2&no_rooms=1&group_children=0&req_children=0&hpos=15&hapos=215&sr_order=popularity&srpvid=21039c9fdc8c0948&srepoch=1790633902&all_sr_blocks=3806407_440194789_0_2_0&highlighted_blocks=3806407_440194789_0_2_0&matching_block_id=3806407_440194789_0_2_0&sr_pri_blocks=3806407_440194789_0_2_0__18590&from=searchresults,The Brewers Inn,246,2026-10-13,2026-09-29T05:23:19.104263,https://www.booking.com/searchresults.html?ss=London&group_adults=2&no_rooms=1&group_children=0&checkin=2026-10-13&checkout=2026-10-14&selected_currency=USD&chal_t=1790633780949&force_referer=,the-brewers-inn,Wandsworth,London,8.8,Excellent,681
https://www.booking.com/hotel/gb/spacious-apartment-in-trendy-brixton-sleeps-6.html?aid=304142&label=gen173nr-10CAQoggJCDXNlYXJjaF9sb25kb25IM1gEaPQBiAEBmAEzuAEXyAEM2AED6AEB-AEBiAIBqAIBuAK-zuvVBsACAdICJGFhMjY4NjU1LWI5MTQtNDIzOC1iY2MxLThkMTc2ZGY1MTZiM9gCAeACAQ&ucfs=1&arphpl=1&checkin=2026-10-13&checkout=2026-10-14&group_adults=2&req_adults=2&no_rooms=1&group_children=0&req_children=0&hpos=16&hapos=216&sr_order=popularity&srpvid=21039c9fdc8c0948&srepoch=1790633902&all_sr_blocks=1649146001_436987334_5_0_0&highlighted_blocks=1649146001_436987334_5_0_0&matching_block_id=1649146001_436987334_5_0_0&sr_pri_blocks=1649146001_436987334_5_0_0__14025&from=searchresults,Spacious apartment in trendy Brixton sleeps 5,186,2026-10-13,2026-09-29T05:23:19.200547,https://www.booking.com/searchresults.html?ss=London&group_adults=2&no_rooms=1&group_children=0&checkin=2026-10-13&checkout=2026-10-14&selected_currency=USD&chal_t=1790633780949&force_referer=,spacious-apartment-in-trendy-brixton-sleeps-6,Lambeth,London,10.0,Exceptional,2
https://www.booking.com/hotel/gb/private-rooms-near-euston-station-central-london-123.html?aid=304142&label=gen173nr-10CAQoggJCDXNlYXJjaF9sb25kb25IM1gEaPQBiAEBmAEzuAEXyAEM2AED6AEB-AEBiAIBqAIBuAK-zuvVBsACAdICJGFhMjY4NjU1LWI5MTQtNDIzOC1iY2MxLThkMTc2ZGY1MTZiM9gCAeACAQ&ucfs=1&arphpl=1&checkin=2026-10-13&checkout=2026-10-14&group_adults=2&req_adults=2&no_rooms=1&group_children=0&req_children=0&hpos=17&hapos=217&sr_order=popularity&srpvid=21039c9fdc8c0948&srepoch=1790633902&all_sr_blocks=1134089202_387223050_2_0_0&highlighted_blocks=1134089202_387223050_2_0_0&matching_block_id=1134089202_387223050_2_0_0&sr_pri_blocks=1134089202_387223050_2_0_0__7608&from=searchresults,"Cosy Private Rooms near Euston Station, Central London",101,2026-10-13,2026-09-29T05:23:19.325962,https://www.booking.com/searchresults.html?ss=London&group_adults=2&no_rooms=1&group_children=0&checkin=2026-10-13&checkout=2026-10-14&selected_currency=USD&chal_t=1790633780949&force_referer=,private-rooms-near-euston-station-central-london-123,Camden,London,6.6,Average,510
https://www.booking.com/hotel/gb/hilton-london-euston.html?aid=304142&label=gen173nr-10CAQoggJCDXNlYXJjaF9sb25kb25IM1gEaPQBiAEBmAEzuAEXyAEM2AED6AEB-AEBiAIBqAIBuAK-zuvVBsACAdICJGFhMjY4NjU1LWI5MTQtNDIzOC1iY2MxLThkMTc2ZGY1MTZiM9gCAeACAQ&ucfs=1&arphpl=1&checkin=2026-10-13&checkout=2026-10-14&group_adults=2&req_adults=2&no_rooms=1&group_children=0&req_children=0&hpos=18&hapos=218&sr_order=popularity&srpvid=21039c9fdc8c0948&srepoch=1790633902&all_sr_blocks=3657008_95159187_2_34_0&highlighted_blocks=3657008_95159187_2_34_0&matching_block_id=3657008_95159187_2_34_0&sr_pri_blocks=3657008_95159187_2_34_0__40329&from=searchresults,Hilton London Euston,534,2026-10-13,2026-09-29T05:23:19.451205,https://www.booking.com/searchresults.html?ss=London&group_adults=2&no_rooms=1&group_children=0&checkin=2026-10-13&checkout=2026-10-14&selected_currency=USD&chal_t=1790633780949&force_referer=,hilton-london-euston,Camden,London,7.4,Good,1290
https://www.booking.com/hotel/gb/westferry-deluxe-penthouse.html?aid=304142&label=gen173nr-10CAQoggJCDXNlYXJjaF9sb25kb25IM1gEaPQBiAEBmAEzuAEXyAEM2AED6AEB-AEBiAIBqAIBuAK-zuvVBsACAdICJGFhMjY4NjU1LWI5MTQtNDIzOC1iY2MxLThkMTc2ZGY1MTZiM9gCAeACAQ&ucfs=1&arphpl=1&checkin=2026-10-13&checkout=2026-10-14&group_adults=2&req_adults=2&no_rooms=1&group_children=0&req_children=0&hpos=19&hapos=219&sr_order=popularity&srpvid=21039c9fdc8c0948&srepoch=1790633902&all_sr_blocks=1345980701_406952266_2_0_0&highlighted_blocks=1345980701_406952266_2_0_0&matching_block_id=1345980701_406952266_2_0_0&sr_pri_blocks=1345980701_406952266_2_0_0__9992&from=searchresults,Westferry Deluxe Penthouse,132,2026-10-13,2026-09-29T05:23:19.542514,https://www.booking.com/searchresults.html?ss=London&group_adults=2&no_rooms=1&group_children=0&checkin=2026-10-13&checkout=2026-10-14&selected_currency=USD&chal_t=1790633780949&force_referer=,westferry-deluxe-penthouse,Tower Hamlets,London,8.3,Very Good,82
https://www.booking.com/hotel/gb/excel-apartments-st-paul-39-s.html?aid=304142&label=gen173nr-10CAQoggJCDXNlYXJjaF9sb25kb25IM1gEaPQBiAEBmAEzuAEXyAEM2AED6AEB-AEBiAIBqAIBuAK-zuvVBsACAdICJGFhMjY4NjU1LWI5MTQtNDIzOC1iY2MxLThkMTc2ZGY1MTZiM9gCAeACAQ&ucfs=1&arphpl=1&checkin=2026-10-13&checkout=2026-10-14&group_adults=2&req_adults=2&no_rooms=1&group_children=0&req_children=0&hpos=1&hapos=220&sr_order=popularity&srpvid=21039c9fdc8c0948&srepoch=1790633907&all_sr_blocks=330228301_115497934_2_0_0&highlighted_blocks=330228301_115497934_2_0_0&matching_block_id=330228301_115497934_2_0_0&sr_pri_blocks=330228301_115497934_2_0_0__18729&from=searchresults,St Paul's by Excel Apartments,248,2026-10-13,2026-09-29T05:23:19.653354,https://www.booking.com/searchresults.html?ss=London&group_adults=2&no_rooms=1&group_children=0&checkin=2026-10-13&checkout=2026-10-14&selected_currency=USD&chal_t=1790633780949&force_referer=,excel-apartments-st-paul-39-s,City of London,London,7.2,Good,627
https://www.booking.com/hotel/gb/modern-2br-apartment-in-wembley.html?aid=304142&label=gen173nr-10CAQoggJCDXNlYXJjaF9sb25kb25IM1gEaPQBiAEBmAEzuAEXyAEM2AED6AEB-AEBiAIBqAIBuAK-zuvVBsACAdICJGFhMjY4NjU1LWI5MTQtNDIzOC1iY2MxLThkMTc2ZGY1MTZiM9gCAeACAQ&ucfs=1&arphpl=1&checkin=2026-10-13&checkout=2026-10-14&group_adults=2&req_adults=2&no_rooms=1&group_children=0&req_children=0&hpos=2&hapos=221&sr_order=popularity&srpvid=21039c9fdc8c0948&srepoch=1790633907&all_sr_blocks=1581326401_429238699_5_0_0&highlighted_blocks=1581326401_429238699_5_0_0&matching_block_id=1581326401_429238699_5_0_0&sr_pri_blocks=1581326401_429238699_5_0_0__9000&from=searchresults,"Modern 2BR Apartment in Wembley,",119,2026-10-13,2026-09-29T05:23:19.753305,https://www.booking.com/searchresults.html?ss=London&group_adults=2&no_rooms=1&group_children=0&checkin=2026-10-13&checkout=2026-10-14&selected_currency=USD&chal_t=1790633780949&force_referer=,modern-2br-apartment-in-wembley,Wembley,London,9.0,Wonderful,19
https://www.booking.com/hotel/gb/angel-hub.html?aid=304142&label=gen173nr-10CAQoggJCDXNlYXJjaF9sb25kb25IM1gEaPQBiAEBmAEzuAEXyAEM2AED6AEB-AEBiAIBqAIBuAK-zuvVBsACAdICJGFhMjY4NjU1LWI5MTQtNDIzOC1iY2MxLThkMTc2ZGY1MTZiM9gCAeACAQ&ucfs=1&arphpl=1&checkin=2026-10-13&checkout=2026-10-14&group_adults=2&req_adults=2&no_rooms=1&group_children=0&req_children=0&hpos=3&hapos=222&sr_order=popularity&srpvid=21039c9fdc8c0948&srepoch=1790633907&all_sr_blocks=1154161001_388222375_0_0_0&highlighted_blocks=1154161001_388222375_0_0_0&matching_block_id=1154161001_388222375_0_0_0&sr_pri_blocks=1154161001_388222375_0_0_0__11963&from=searchresults,Angel x Kings Cross Hub,159,2026-10-13,2026-09-29T05:23:19.865492,https://www.booking.com/searchresults.html?ss=London&group_adults=2&no_rooms=1&group_children=0&checkin=2026-10-13&checkout=2026-10-14&selected_currency=USD&chal_t=1790633780949&force_referer=,angel-hub,Islington,London,7.1,Good,397
https://www.booking.com/hotel/gb/the-tophams.html?aid=304142&label=gen173nr-10CAQoggJCDXNlYXJjaF9sb25kb25IM1gEaPQBiAEBmAEzuAEXyAEM2AED6AEB-AEBiAIBqAIBuAK-zuvVBsACAdICJGFhMjY4NjU1LWI5MTQtNDIzOC1iY2MxLThkMTc2ZGY1MTZiM9gCAeACAQ&ucfs=1&arphpl=1&checkin=2026-10-13&checkout=2026-10-14&group_adults=2&req_adults=2&no_rooms=1&group_children=0&req_children=0&hpos=4&hapos=223&sr_order=popularity&srpvid=21039c9fdc8c0948&srepoch=1790633907&all_sr_blocks=3656112_95159174_0_2_0&highlighted_blocks=3656112_95159174_0_2_0&matching_block_id=3656112_95159174_0_2_0&sr_pri_blocks=3656112_95159174_0_2_0__33153&from=searchresults,The Tophams Hotel,439,2026-10-13,2026-09-29T05:23:20.049446,https://www.booking.com/searchresults.html?ss=London&group_adults=2&no_rooms=1&group_children=0&checkin=2026-10-13&checkout=2026-10-14&selected_currency=USD&chal_t=1790633780949&force_referer=,the-tophams,Westminster Borough,London,8.4,Very Good,1726
https://www.booking.com/hotel/gb/beautiful-studio-in-bayswater.html?aid=304142&label=gen173nr-10CAQoggJCDXNlYXJjaF9sb25kb25IM1gEaPQBiAEBmAEzuAEXyAEM2AED6AEB-AEBiAIBqAIBuAK-zuvVBsACAdICJGFhMjY4NjU1LWI5MTQtNDIzOC1iY2MxLThkMTc2ZGY1MTZiM9gCAeACAQ&ucfs=1&arphpl=1&checkin=2026-10-13&checkout=2026-10-14&group_adults=2&req_adults=2&no_rooms=1&group_children=0&req_children=0&hpos=5&hapos=224&sr_order=popularity&srpvid=21039c9fdc8c0948&srepoch=1790633907&all_sr_blocks=1226825801_394720114_2_0_0&highlighted_blocks=1226825801_394720114_2_0_0&matching_block_id=1226825801_394720114_2_0_0&sr_pri_blocks=1226825801_394720114_2_0_0__9653&from=searchresults,Studio near Bayswater station,128,2026-10-13,2026-09-29T05:23:20.180872,https://www.booking.com/searchresults.html?ss=London&group_adults=2&no_rooms=1&group_children=0&checkin=2026-10-13&checkout=2026-10-14&selected_currency=USD&chal_t=1790633780949&force_referer=,beautiful-studio-in-bayswater,Westminster Borough,London,8.1,Very Good,20
https://www.booking.com/hotel/gb/the-ned.html?aid=304142&label=gen173nr-10CAQoggJCDXNlYXJjaF9sb25kb25IM1gEaPQBiAEBmAEzuAEXyAEM2AED6AEB-AEBiAIBqAIBuAK-zuvVBsACAdICJGFhMjY4NjU1LWI5MTQtNDIzOC1iY2MxLThkMTc2ZGY1MTZiM9gCAeACAQ&ucfs=1&arphpl=1&checkin=2026-10-13&checkout=2026-10-14&group_adults=2&req_adults=2&no_rooms=1&group_children=0&req_children=0&hpos=6&hapos=225&sr_order=popularity&srpvid=21039c9fdc8c0948&srepoch=1790633907&all_sr_blocks=219899903_97823543_2_2_0_917062&highlighted_blocks=219899903_97823543_2_2_0_917062&matching_block_id=219899903_97823543_2_2_0_917062&sr_pri_blocks=219899903_97823543_2_2_0_917062_68500&from=searchresults,The Ned,908,2026-10-13,2026-09-29T05:23:20.291863,https://www.booking.com/searchresults.html?ss=London&group_adults=2&no_rooms=1&group_children=0&checkin=2026-10-13&checkout=2026-10-14&selected_currency=USD&chal_t=1790633780949&force_referer=,the-ned,City of London,London,8.8,Excellent,785
https://www.booking.com/hotel/gb/rockwell-east.html?aid=304142&label=gen173nr-10CAQoggJCDXNlYXJjaF9sb25kb25IM1gEaPQBiAEBmAEzuAEXyAEM2AED6AEB-AEBiAIBqAIBuAK-zuvVBsACAdICJGFhMjY4NjU1LWI5MTQtNDIzOC1iY2MxLThkMTc2ZGY1MTZiM9gCAeACAQ&ucfs=1&arphpl=1&checkin=2026-10-13&checkout=2026-10-14&group_adults=2&req_adults=2&no_rooms=1&group_children=0&req_children=0&hpos=7&hapos=226&sr_order=popularity&srpvid=21039c9fdc8c0948&srepoch=1790633907&all_sr_blocks=316368902_436945773_0_1_0&highlighted_blocks=316368902_436945773_0_1_0&matching_block_id=316368902_436945773_0_1_0&sr_pri_blocks=316368902_436945773_0_1_0__26730&from=searchresults,Rockwell East-Tower Bridge,354,2026-10-13,2026-09-29T05:23:20.407093,https://www.booking.com/searchresults.html?ss=London&group_adults=2&no_rooms=1&group_children=0&checkin=2026-10-13&checkout=2026-10-14&selected_currency=USD&chal_t=1790633780949&force_referer=,rockwell-east,Tower Hamlets,London,8.6,Excellent,4313
https://www.booking.com/hotel/gb/the-trafalgar-st-james-london-curio-collection-by-hilton.html?aid=304142&label=gen173nr-10CAQoggJCDXNlYXJjaF9sb25kb25IM1gEaPQBiAEBmAEzuAEXyAEM2AED6AEB-AEBiAIBqAIBuAK-zuvVBsACAdICJGFhMjY4NjU1LWI5MTQtNDIzOC1iY2MxLThkMTc2ZGY1MTZiM9gCAeACAQ&ucfs=1&arphpl=1&checkin=2026-10-13&checkout=2026-10-14&group_adults=2&req_adults=2&no_rooms=1&group_children=0&req_children=0&hpos=8&hapos=227&sr_order=popularity&srpvid=21039c9fdc8c0948&srepoch=1790633907&all_sr_blocks=3575324_95157419_2_34_0&highlighted_blocks=3575324_95157419_2_34_0&matching_block_id=3575324_95157419_2_34_0&sr_pri_blocks=3575324_95157419_2_34_0__61103&from_sustainable_property_sr=1&from=searchresults,The Trafalgar St James London Curio Collection by Hilton,810,2026-10-13,2026-09-29T05:23:20.518872,https://www.booking.com/searchresults.html?ss=London&group_adults=2&no_rooms=1&group_children=0&checkin=2026-10-13&checkout=2026-10-14&selected_currency=USD&chal_t=1790633780949&force_referer=,the-trafalgar-st-james-london-curio-collection-by-hilton,Westminster Borough,London,8.9,Excellent,678
https://www.booking.com/hotel/gb/pan-pacific-london.html?aid=304142&label=gen173nr-10CAQoggJCDXNlYXJjaF9sb25kb25IM1gEaPQBiAEBmAEzuAEXyAEM2AED6AEB-AEBiAIBqAIBuAK-zuvVBsACAdICJGFhMjY4NjU1LWI5MTQtNDIzOC1iY2MxLThkMTc2ZGY1MTZiM9gCAeACAQ&ucfs=1&arphpl=1&checkin=2026-10-13&checkout=2026-10-14&group_adults=2&req_adults=2&no_rooms=1&group_children=0&req_children=0&hpos=9&hapos=228&sr_order=popularity&srpvid=21039c9fdc8c0948&srepoch=1790633907&all_sr_blocks=574468304_221582422_2_2_0&highlighted_blocks=574468304_221582422_2_2_0&matching_block_id=574468304_221582422_2_2_0&sr_pri_blocks=574468304_221582422_2_2_0__89100&from_sustainable_property_sr=1&from=searchresults,Pan Pacific London,1181,2026-10-13,2026-09-29T05:23:20.624580,https://www.booking.com/searchresults.html?ss=London&group_adults=2&no_rooms=1&group_children=0&checkin=2026-10-13&checkout=2026-10-14&selected_currency=USD&chal_t=1790633780949&force_referer=,pan-pacific-london,City of London,London,9.5,Exceptional,1639
https://www.booking.com/hotel/gb/ten-manchester-street.html?aid=304142&label=gen173nr-10CAQoggJCDXNlYXJjaF9sb25kb25IM1gEaPQBiAEBmAEzuAEXyAEM2AED6AEB-AEBiAIBqAIBuAK-zuvVBsACAdICJGFhMjY4NjU1LWI5MTQtNDIzOC1iY2MxLThkMTc2ZGY1MTZiM9gCAeACAQ&ucfs=1&arphpl=1&checkin=2026-10-13&checkout=2026-10-14&group_adults=2&req_adults=2&no_rooms=1&group_children=0&req_children=0&hpos=10&hapos=229&sr_order=popularity&srpvid=21039c9fdc8c0948&srepoch=1790633907&all_sr_blocks=17994703_91911065_2_2_0&highlighted_blocks=17994703_91911065_2_2_0&matching_block_id=17994703_91911065_2_2_0&sr_pri_blocks=17994703_91911065_2_2_0__41850&from_sustainable_property_sr=1&from=searchresults,Ten Manchester Street Hotel,554,2026-10-13,2026-09-29T05:23:20.734497,https://www.booking.com/searchresults.html?ss=London&group_adults=2&no_rooms=1&group_children=0&checkin=2026-10-13&checkout=2026-10-14&selected_currency=USD&chal_t=1790633780949&force_referer=,ten-manchester-street,Westminster Borough,London,8.3,Very Good,670
https://www.booking.com/hotel/gb/sydneyhouse.html?aid=304142&label=gen173nr-10CAQoggJCDXNlYXJjaF9sb25kb25IM1gEaPQBiAEBmAEzuAEXyAEM2AED6AEB-AEBiAIBqAIBuAK-zuvVBsACAdICJGFhMjY4NjU1LWI5MTQtNDIzOC1iY2MxLThkMTc2ZGY1MTZiM9gCAeACAQ&ucfs=1&arphpl=1&checkin=2026-10-13&checkout=2026-10-14&group_adults=2&req_adults=2&no_rooms=1&group_children=0&req_children=0&hpos=11&hapos=230&sr_order=popularity&srpvid=21039c9fdc8c0948&srepoch=1790633907&all_sr_blocks=26652_81513510_0_2_0_274360&highlighted_blocks=26652_81513510_0_2_0_274360&matching_block_id=26652_81513510_0_2_0_274360&sr_pri_blocks=26652_81513510_0_2_0_274360_23742&from=searchresults,Sydney House Chelsea,315,2026-10-13,2026-09-29T05:23:20.836236,https://www.booking.com/searchresults.html?ss=London&group_adults=2&no_rooms=1&group_children=0&checkin=2026-10-13&checkout=2026-10-14&selected_currency=USD&chal_t=1790633780949&force_referer=,sydneyhouse,Kensington and Chelsea,London,8.1,Very Good,762
https://www.booking.com/hotel/gb/paddington-inn.html?aid=304142&label=gen173nr-10CAQoggJCDXNlYXJjaF9sb25kb25IM1gEaPQBiAEBmAEzuAEXyAEM2AED6AEB-AEBiAIBqAIBuAK-zuvVBsACAdICJGFhMjY4NjU1LWI5MTQtNDIzOC1iY2MxLThkMTc2ZGY1MTZiM9gCAeACAQ&ucfs=1&arphpl=1&checkin=2026-10-13&checkout=2026-10-14&group_adults=2&req_adults=2&no_rooms=1&group_children=0&req_children=0&hpos=12&hapos=231&sr_order=popularity&srpvid=21039c9fdc8c0948&srepoch=1790633907&all_sr_blocks=1358151901_408148819_2_2_0&highlighted_blocks=1358151901_408148819_2_2_0&matching_block_id=1358151901_408148819_2_2_0&sr_pri_blocks=1358151901_408148819_2_2_0__15535&from=searchresults,"The Norfolk, Paddington",206,2026-10-13,2026-09-29T05:23:20.955690,https://www.booking.com/searchresults.html?ss=London&group_adults=2&no_rooms=1&group_children=0&checkin=2026-10-13&checkout=2026-10-14&selected_currency=USD&chal_t=1790633780949&force_referer=,paddington-inn,Westminster Borough,London,7.4,Good,795
https://www.booking.com/hotel/gb/falcon-london.html?aid=304142&label=gen173nr-10CAQoggJCDXNlYXJjaF9sb25kb25IM1gEaPQBiAEBmAEzuAEXyAEM2AED6AEB-AEBiAIBqAIBuAK-zuvVBsACAdICJGFhMjY4NjU1LWI5MTQtNDIzOC1iY2MxLThkMTc2ZGY1MTZiM9gCAeACAQ&ucfs=1&arphpl=1&checkin=2026-10-13&checkout=2026-10-14&group_adults=2&req_adults=2&no_rooms=1&group_children=0&req_children=0&hpos=13&hapos=232&sr_order=popularity&srpvid=21039c9fdc8c0948&srepoch=1790633907&all_sr_blocks=29140420_241503191_2_0_0&highlighted_blocks=29140420_241503191_2_0_0&matching_block_id=29140420_241503191_2_0_0&sr_pri_blocks=29140420_241503191_2_0_0__13000&from=searchresults,Falcon Hotel,172,2026-10-13,2026-09-29T05:23:21.055069,https://www.booking.com/searchresults.html?ss=London&group_adults=2&no_rooms=1&group_children=0&checkin=2026-10-13&checkout=2026-10-14&selected_currency=USD&chal_t=1790633780949&force_referer=,falcon-london,Westminster Borough,London,6.1,Average,1138
https://www.booking.com/hotel/gb/expressbyholidayinnroyaldocks.html?aid=304142&label=gen173nr-10CAQoggJCDXNlYXJjaF9sb25kb25IM1gEaPQBiAEBmAEzuAEXyAEM2AED6AEB-AEBiAIBqAIBuAK-zuvVBsACAdICJGFhMjY4NjU1LWI5MTQtNDIzOC1iY2MxLThkMTc2ZGY1MTZiM9gCAeACAQ&ucfs=1&arphpl=1&checkin=2026-10-13&checkout=2026-10-14&group_adults=2&req_adults=2&no_rooms=1&group_children=0&req_children=0&hpos=14&hapos=233&sr_order=popularity&srpvid=21039c9fdc8c0948&srepoch=1790633907&all_sr_blocks=21736406_91467024_2_1_0&highlighted_blocks=21736406_91467024_2_1_0&matching_block_id=21736406_91467024_2_1_0&sr_pri_blocks=21736406_91467024_2_1_0__23700&from_sustainable_property_sr=1&from=searchresults,Holiday Inn Express Royal Docks by IHG,314,2026-10-13,2026-09-29T05:23:21.191418,https://www.booking.com/searchresults.html?ss=London&group_adults=2&no_rooms=1&group_children=0&checkin=2026-10-13&checkout=2026-10-14&selected_currency=USD&chal_t=1790633780949&force_referer=,expressbyholidayinnroyaldocks,Newham,London,8.1,Very Good,6948
https://www.booking.com/hotel/gb/stockwell-residences-canvas-room.html?aid=304142&label=gen173nr-10CAQoggJCDXNlYXJjaF9sb25kb25IM1gEaPQBiAEBmAEzuAEXyAEM2AED6AEB-AEBiAIBqAIBuAK-zuvVBsACAdICJGFhMjY4NjU1LWI5MTQtNDIzOC1iY2MxLThkMTc2ZGY1MTZiM9gCAeACAQ&ucfs=1&arphpl=1&checkin=2026-10-13&checkout=2026-10-14&group_adults=2&req_adults=2&no_rooms=1&group_children=0&req_children=0&hpos=15&hapos=234&sr_order=popularity&srpvid=21039c9fdc8c0948&srepoch=1790633907&all_sr_blocks=1602056301_431154050_2_0_0&highlighted_blocks=1602056301_431154050_2_0_0&matching_block_id=1602056301_431154050_2_0_0&sr_pri_blocks=1602056301_431154050_2_0_0__10313&from=searchresults,Stockwell Residences - Canvas Room,137,2026-10-13,2026-09-29T05:23:21.331968,https://www.booking.com/searchresults.html?ss=London&group_adults=2&no_rooms=1&group_children=0&checkin=2026-10-13&checkout=2026-10-14&selected_currency=USD&chal_t=1790633780949&force_referer=,stockwell-residences-canvas-room,Lambeth,London,8.8,Excellent,12
https://www.booking.com/hotel/gb/luma.html?aid=304142&label=gen173nr-10CAQoggJCDXNlYXJjaF9sb25kb25IM1gEaPQBiAEBmAEzuAEXyAEM2AED6AEB-AEBiAIBqAIBuAK-zuvVBsACAdICJGFhMjY4NjU1LWI5MTQtNDIzOC1iY2MxLThkMTc2ZGY1MTZiM9gCAeACAQ&ucfs=1&arphpl=1&checkin=2026-10-13&checkout=2026-10-14&group_adults=2&req_adults=2&no_rooms=1&group_children=0&req_children=0&hpos=16&hapos=235&sr_order=popularity&srpvid=21039c9fdc8c0948&srepoch=1790633907&all_sr_blocks=204469902_0_2_0_0&highlighted_blocks=204469902_0_2_0_0&matching_block_id=204469902_0_2_0_0&sr_pri_blocks=204469902_0_2_0_0__15499&from=searchresults,Heeton Concept Hotel – Luma Hammersmith,205,2026-10-13,2026-09-29T05:23:21.502040,https://www.booking.com/searchresults.html?ss=London&group_adults=2&no_rooms=1&group_children=0&checkin=2026-10-13&checkout=2026-10-14&selected_currency=USD&chal_t=1790633780949&force_referer=,luma,Hammersmith and Fulham,London,8.2,Very Good,3487
https://www.booking.com/hotel/gb/bestwesternmostynhotel.html?aid=304142&label=gen173nr-10CAQoggJCDXNlYXJjaF9sb25kb25IM1gEaPQBiAEBmAEzuAEXyAEM2AED6AEB-AEBiAIBqAIBuAK-zuvVBsACAdICJGFhMjY4NjU1LWI5MTQtNDIzOC1iY2MxLThkMTc2ZGY1MTZiM9gCAeACAQ&ucfs=1&arphpl=1&checkin=2026-10-13&checkout=2026-10-14&group_adults=2&req_adults=2&no_rooms=1&group_children=0&req_children=0&hpos=17&hapos=236&sr_order=popularity&srpvid=21039c9fdc8c0948&srepoch=1790633907&all_sr_blocks=12339917_91296643_2_34_0&highlighted_blocks=12339917_91296643_2_34_0&matching_block_id=12339917_91296643_2_34_0&sr_pri_blocks=12339917_91296643_2_34_0__51428&from=searchresults,DoubleTree by Hilton Hotel London - Marble Arch,681,2026-10-13,2026-09-29T05:23:21.640636,https://www.booking.com/searchresults.html?ss=London&group_adults=2&no_rooms=1&group_children=0&checkin=2026-10-13&checkout=2026-10-14&selected_currency=USD&chal_t=1790633780949&force_referer=,bestwesternmostynhotel,Westminster Borough,London,7.7,Good,782
https://www.booking.com/hotel/gb/black-cap-camden-greater-london1.html?aid=304142&label=gen173nr-10CAQoggJCDXNlYXJjaF9sb25kb25IM1gEaPQBiAEBmAEzuAEXyAEM2AED6AEB-AEBiAIBqAIBuAK-zuvVBsACAdICJGFhMjY4NjU1LWI5MTQtNDIzOC1iY2MxLThkMTc2ZGY1MTZiM9gCAeACAQ&ucfs=1&arphpl=1&checkin=2026-10-13&checkout=2026-10-14&group_adults=2&req_adults=2&no_rooms=1&group_children=0&req_children=0&hpos=18&hapos=237&sr_order=popularity&srpvid=21039c9fdc8c0948&srepoch=1790633907&all_sr_blocks=1634022902_433852031_0_0_0&highlighted_blocks=1634022902_433852031_0_0_0&matching_block_id=1634022902_433852031_0_0_0&sr_pri_blocks=1634022902_433852031_0_0_0__33750&from=searchresults,Black Cap Camden,447,2026-10-13,2026-09-29T05:23:21.804087,https://www.booking.com/searchresults.html?ss=London&group_adults=2&no_rooms=1&group_children=0&checkin=2026-10-13&checkout=2026-10-14&selected_currency=USD&chal_t=1790633780949&force_referer=,black-cap-camden-greater-london1,Camden,London,8.7,Excellent,101
https://www.booking.com/hotel/gb/luxurious-4-bedroom-house-cricklewood-london.html?aid=304142&label=gen173nr-10CAQoggJCDXNlYXJjaF9sb25kb25IM1gEaPQBiAEBmAEzuAEXyAEM2AED6AEB-AEBiAIBqAIBuAK-zuvVBsACAdICJGFhMjY4NjU1LWI5MTQtNDIzOC1iY2MxLThkMTc2ZGY1MTZiM9gCAeACAQ&ucfs=1&arphpl=1&checkin=2026-10-13&checkout=2026-10-14&group_adults=2&req_adults=2&no_rooms=1&group_children=0&req_children=0&hpos=19&hapos=238&sr_order=popularity&srpvid=21039c9fdc8c0948&srepoch=1790633907&all_sr_blocks=885081401_367129774_0_0_0&highlighted_blocks=885081401_367129774_0_0_0&matching_block_id=885081401_367129774_0_0_0&sr_pri_blocks=885081401_367129774_0_0_0__24750&from=searchresults,"4 bedroom house with Garden, Parking & 3 mins Walking Distance from Train Station",328,2026-10-13,2026-09-29T05:23:21.925229,https://www.booking.com/searchresults.html?ss=London&group_adults=2&no_rooms=1&group_children=0&checkin=2026-10-13&checkout=2026-10-14&selected_currency=USD&chal_t=1790633780949&force_referer=,luxurious-4-bedroom-house-cricklewood-london,Unknown,London,7.3,Good,93
https://www.booking.com/hotel/gb/property-near-by-limehouse-london.html?aid=304142&label=gen173nr-10CAQoggJCDXNlYXJjaF9sb25kb25IM1gEaPQBiAEBmAEzuAEXyAEM2AED6AEB-AEBiAIBqAIBuAK-zuvVBsACAdICJGFhMjY4NjU1LWI5MTQtNDIzOC1iY2MxLThkMTc2ZGY1MTZiM9gCAeACAQ&ucfs=1&arphpl=1&checkin=2026-10-13&checkout=2026-10-14&group_adults=2&req_adults=2&no_rooms=1&group_children=0&req_children=0&hpos=20&hapos=239&sr_order=popularity&srpvid=21039c9fdc8c0948&srepoch=1790633907&all_sr_blocks=1486134504_420101308_2_0_0&highlighted_blocks=1486134504_420101308_2_0_0&matching_block_id=1486134504_420101308_2_0_0&sr_pri_blocks=1486134504_420101308_2_0_0__4125&from=searchresults,property near by Limehouse London,55,2026-10-13,2026-09-29T05:23:22.039701,https://www.booking.com/searchresults.html?ss=London&group_adults=2&no_rooms=1&group_children=0&checkin=2026-10-13&checkout=2026-10-14&selected_currency=USD&chal_t=1790633780949&force_referer=,property-near-by-limehouse-london,Tower Hamlets,London,5.8,Average,176
https://www.booking.com/hotel/gb/devonshire-terrace-studios-london.html?aid=304142&label=gen173nr-10CAQoggJCDXNlYXJjaF9sb25kb25IM1gEaPQBiAEBmAEzuAEXyAEM2AED6AEB-AEBiAIBqAIBuAK-zuvVBsACAdICJGFhMjY4NjU1LWI5MTQtNDIzOC1iY2MxLThkMTc2ZGY1MTZiM9gCAeACAQ&ucfs=1&arphpl=1&checkin=2026-10-13&checkout=2026-10-14&group_adults=2&req_adults=2&no_rooms=1&group_children=0&req_children=0&hpos=1&hapos=240&sr_order=popularity&srpvid=21039c9fdc8c0948&srepoch=1790633915&all_sr_blocks=1323130123_404979783_2_0_0&highlighted_blocks=1323130123_404979783_2_0_0&matching_block_id=1323130123_404979783_2_0_0&sr_pri_blocks=1323130123_404979783_2_0_0__9900&from=searchresults,The Savers Hotel by PLI,131,2026-10-13,2026-09-29T05:23:22.208546,https://www.booking.com/searchresults.html?ss=London&group_adults=2&no_rooms=1&group_children=0&checkin=2026-10-13&checkout=2026-10-14&selected_currency=USD&chal_t=1790633780949&force_referer=,devonshire-terrace-studios-london,Westminster Borough,London,5.7,Average,631
https://www.booking.com/hotel/gb/st-mark.html?aid=304142&label=gen173nr-10CAQoggJCDXNlYXJjaF9sb25kb25IM1gEaPQBiAEBmAEzuAEXyAEM2AED6AEB-AEBiAIBqAIBuAK-zuvVBsACAdICJGFhMjY4NjU1LWI5MTQtNDIzOC1iY2MxLThkMTc2ZGY1MTZiM9gCAeACAQ&ucfs=1&arphpl=1&checkin=2026-10-13&checkout=2026-10-14&group_adults=2&req_adults=2&no_rooms=1&group_children=0&req_children=0&hpos=2&hapos=241&sr_order=popularity&srpvid=21039c9fdc8c0948&srepoch=1790633915&all_sr_blocks=3545726_95156735_0_0_0&highlighted_blocks=3545726_95156735_0_0_0&matching_block_id=3545726_95156735_0_0_0&sr_pri_blocks=3545726_95156735_0_0_0__18026&from=searchresults,St Mark's - Merit Hotels,239,2026-10-13,2026-09-29T05:23:22.339769,https://www.booking.com/searchresults.html?ss=London&group_adults=2&no_rooms=1&group_children=0&checkin=2026-10-13&checkout=2026-10-14&selected_currency=USD&chal_t=1790633780949&force_referer=,st-mark,Kensington and Chelsea,London,8.8,Excellent,2003
https://www.booking.com/hotel/gb/inverness-terrace-studio.html?aid=304142&label=gen173nr-10CAQoggJCDXNlYXJjaF9sb25kb25IM1gEaPQBiAEBmAEzuAEXyAEM2AED6AEB-AEBiAIBqAIBuAK-zuvVBsACAdICJGFhMjY4NjU1LWI5MTQtNDIzOC1iY2MxLThkMTc2ZGY1MTZiM9gCAeACAQ&ucfs=1&arphpl=1&checkin=2026-10-13&checkout=2026-10-14&group_adults=2&req_adults=2&no_rooms=1&group_children=0&req_children=0&hpos=3&hapos=242&sr_order=popularity&srpvid=21039c9fdc8c0948&srepoch=1790633915&all_sr_blocks=1345363902_406894568_3_0_0&highlighted_blocks=1345363902_406894568_3_0_0&matching_block_id=1345363902_406894568_3_0_0&sr_pri_blocks=1345363902_406894568_3_0_0__12150&from=searchresults,Britannia Hyde Park Hotel by PLI,161,2026-10-13,2026-09-29T05:23:22.457487,https://www.booking.com/searchresults.html?ss=London&group_adults=2&no_rooms=1&group_children=0&checkin=2026-10-13&checkout=2026-10-14&selected_currency=USD&chal_t=1790633780949&force_referer=,inverness-terrace-studio,Westminster Borough,London,4.9,Poor,699
https://www.booking.com/hotel/gb/radissonblumercerstreet.html?aid=304142&label=gen173nr-10CAQoggJCDXNlYXJjaF9sb25kb25IM1gEaPQBiAEBmAEzuAEXyAEM2AED6AEB-AEBiAIBqAIBuAK-zuvVBsACAdICJGFhMjY4NjU1LWI5MTQtNDIzOC1iY2MxLThkMTc2ZGY1MTZiM9gCAeACAQ&ucfs=1&arphpl=1&checkin=2026-10-13&checkout=2026-10-14&group_adults=2&req_adults=2&no_rooms=1&group_children=0&req_children=0&hpos=4&hapos=243&sr_order=popularity&srpvid=21039c9fdc8c0948&srepoch=1790633915&all_sr_blocks=12159037_94110208_2_2_0&highlighted_blocks=12159037_94110208_2_2_0&matching_block_id=12159037_94110208_2_2_0&sr_pri_blocks=12159037_94110208_2_2_0__65790&from_sustainable_property_sr=1&from=searchresults,"Radisson Blu Hotel, London Mercer Street",872,2026-10-13,2026-09-29T05:23:22.572936,https://www.booking.com/searchresults.html?ss=London&group_adults=2&no_rooms=1&group_children=0&checkin=2026-10-13&checkout=2026-10-14&selected_currency=USD&chal_t=1790633780949&force_referer=,radissonblumercerstreet,Camden,London,8.6,Excellent,3473
https://www.booking.com/hotel/gb/central-marylebone-flat-baker-street-regent-s-park.html?aid=304142&label=gen173nr-10CAQoggJCDXNlYXJjaF9sb25kb25IM1gEaPQBiAEBmAEzuAEXyAEM2AED6AEB-AEBiAIBqAIBuAK-zuvVBsACAdICJGFhMjY4NjU1LWI5MTQtNDIzOC1iY2MxLThkMTc2ZGY1MTZiM9gCAeACAQ&ucfs=1&arphpl=1&checkin=2026-10-13&checkout=2026-10-14&group_adults=2&req_adults=2&no_rooms=1&group_children=0&req_children=0&hpos=5&hapos=244&sr_order=popularity&srpvid=21039c9fdc8c0948&srepoch=1790633915&all_sr_blocks=1494658501_431983303_2_0_0&highlighted_blocks=1494658501_431983303_2_0_0&matching_block_id=1494658501_431983303_2_0_0&sr_pri_blocks=1494658501_431983303_2_0_0__10372&from=searchresults,Top Rated Prime Marylebone Well-Equipped for 3,137,2026-10-13,2026-09-29T05:23:22.656371,https://www.booking.com/searchresults.html?ss=London&group_adults=2&no_rooms=1&group_children=0&checkin=2026-10-13&checkout=2026-10-14&selected_currency=USD&chal_t=1790633780949&force_referer=,central-marylebone-flat-baker-street-regent-s-park,Westminster Borough,London,9.0,Wonderful,2
https://www.booking.com/hotel/gb/tony-s-house.html?aid=304142&label=gen173nr-10CAQoggJCDXNlYXJjaF9sb25kb25IM1gEaPQBiAEBmAEzuAEXyAEM2AED6AEB-AEBiAIBqAIBuAK-zuvVBsACAdICJGFhMjY4NjU1LWI5MTQtNDIzOC1iY2MxLThkMTc2ZGY1MTZiM9gCAeACAQ&ucfs=1&arphpl=1&checkin=2026-10-13&checkout=2026-10-14&group_adults=2&req_adults=2&no_rooms=1&group_children=0&req_children=0&hpos=6&hapos=245&sr_order=popularity&srpvid=21039c9fdc8c0948&srepoch=1790633915&all_sr_blocks=23532603_0_2_1_0&highlighted_blocks=23532603_0_2_1_0&matching_block_id=23532603_0_2_1_0&sr_pri_blocks=23532603_0_2_1_0__25209&from=searchresults,Tony's House Hotel,334,2026-10-13,2026-09-29T05:23:22.790505,https://www.booking.com/searchresults.html?ss=London&group_adults=2&no_rooms=1&group_children=0&checkin=2026-10-13&checkout=2026-10-14&selected_currency=USD&chal_t=1790633780949&force_referer=,tony-s-house,Westminster Borough,London,6.5,Average,1712
https://www.booking.com/hotel/gb/unique.html?aid=304142&label=gen173nr-10CAQoggJCDXNlYXJjaF9sb25kb25IM1gEaPQBiAEBmAEzuAEXyAEM2AED6AEB-AEBiAIBqAIBuAK-zuvVBsACAdICJGFhMjY4NjU1LWI5MTQtNDIzOC1iY2MxLThkMTc2ZGY1MTZiM9gCAeACAQ&ucfs=1&arphpl=1&checkin=2026-10-13&checkout=2026-10-14&group_adults=2&req_adults=2&no_rooms=1&group_children=0&req_children=0&hpos=7&hapos=246&sr_order=popularity&srpvid=21039c9fdc8c0948&srepoch=1790633915&all_sr_blocks=37225603_93852140_2_0_0&highlighted_blocks=37225603_93852140_2_0_0&matching_block_id=37225603_93852140_2_0_0&sr_pri_blocks=37225603_93852140_2_0_0__9000&from=searchresults,Hotel Unique,119,2026-10-13,2026-09-29T05:23:22.938674,https://www.booking.com/searchresults.html?ss=London&group_adults=2&no_rooms=1&group_children=0&checkin=2026-10-13&checkout=2026-10-14&selected_currency=USD&chal_t=1790633780949&force_referer=,unique,Golders Green,London,8.4,Very Good,926
https://www.booking.com/hotel/gb/home-house-london1.html?aid=304142&label=gen173nr-10CAQoggJCDXNlYXJjaF9sb25kb25IM1gEaPQBiAEBmAEzuAEXyAEM2AED6AEB-AEBiAIBqAIBuAK-zuvVBsACAdICJGFhMjY4NjU1LWI5MTQtNDIzOC1iY2MxLThkMTc2ZGY1MTZiM9gCAeACAQ&ucfs=1&arphpl=1&checkin=2026-10-13&checkout=2026-10-14&group_adults=2&req_adults=2&no_rooms=1&group_children=0&req_children=0&hpos=8&hapos=247&sr_order=popularity&srpvid=21039c9fdc8c0948&srepoch=1790633915&all_sr_blocks=698769204_287992000_2_0_0&highlighted_blocks=698769204_287992000_2_0_0&matching_block_id=698769204_287992000_2_0_0&sr_pri_blocks=698769204_287992000_2_0_0__67122&from=searchresults,Home House - Private Member's Club,889,2026-10-13,2026-09-29T05:23:23.120361,https://www.booking.com/searchresults.html?ss=London&group_adults=2&no_rooms=1&group_children=0&checkin=2026-10-13&checkout=2026-10-14&selected_currency=USD&chal_t=1790633780949&force_referer=,home-house-london1,Westminster Borough,London,9.1,Wonderful,437
https://www.booking.com/hotel/gb/charlies.html?aid=304142&label=gen173nr-10CAQoggJCDXNlYXJjaF9sb25kb25IM1gEaPQBiAEBmAEzuAEXyAEM2AED6AEB-AEBiAIBqAIBuAK-zuvVBsACAdICJGFhMjY4NjU1LWI5MTQtNDIzOC1iY2MxLThkMTc2ZGY1MTZiM9gCAeACAQ&ucfs=1&arphpl=1&checkin=2026-10-13&checkout=2026-10-14&group_adults=2&req_adults=2&no_rooms=1&group_children=0&req_children=0&hpos=9&hapos=248&sr_order=popularity&srpvid=21039c9fdc8c0948&srepoch=1790633915&all_sr_blocks=17788002_102108282_0_1_0&highlighted_blocks=17788002_102108282_0_1_0&matching_block_id=17788002_102108282_0_1_0&sr_pri_blocks=17788002_102108282_0_1_0__13050&from=searchresults,Charlie Hotel,173,2026-10-13,2026-09-29T05:23:23.224483,https://www.booking.com/searchresults.html?ss=London&group_adults=2&no_rooms=1&group_children=0&checkin=2026-10-13&checkout=2026-10-14&selected_currency=USD&chal_t=1790633780949&force_referer=,charlies,Islington,London,7.9,Good,172
https://www.booking.com/hotel/gb/elegant-2bdr-mayfair-flat-near-hyde-park-amp-oxford-street.html?aid=304142&label=gen173nr-10CAQoggJCDXNlYXJjaF9sb25kb25IM1gEaPQBiAEBmAEzuAEXyAEM2AED6AEB-AEBiAIBqAIBuAK-zuvVBsACAdICJGFhMjY4NjU1LWI5MTQtNDIzOC1iY2MxLThkMTc2ZGY1MTZiM9gCAeACAQ&ucfs=1&arphpl=1&checkin=2026-10-13&checkout=2026-10-14&group_adults=2&req_adults=2&no_rooms=1&group_children=0&req_children=0&hpos=10&hapos=249&sr_order=popularity&srpvid=21039c9fdc8c0948&srepoch=1790633915&all_sr_blocks=1652131101_437198498_2_0_0&highlighted_blocks=1652131101_437198498_2_0_0&matching_block_id=1652131101_437198498_2_0_0&sr_pri_blocks=1652131101_437198498_2_0_0__30618&from=searchresults,Elegant 2BDR Mayfair flat near Hyde Park & Oxford Street,406,2026-10-13,2026-09-29T05:23:23.382740,https://www.booking.com/searchresults.html?ss=London&group_adults=2&no_rooms=1&group_children=0&checkin=2026-10-13&checkout=2026-10-14&selected_currency=USD&chal_t=1790633780949&force_referer=,elegant-2bdr-mayfair-flat-near-hyde-park-amp-oxford-street,Westminster Borough,London,8.2,Very Good,4
https://www.booking.com/hotel/gb/flat-2-bgr.html?aid=304142&label=gen173nr-10CAQoggJCDXNlYXJjaF9sb25kb25IM1gEaPQBiAEBmAEzuAEXyAEM2AED6AEB-AEBiAIBqAIBuAK-zuvVBsACAdICJGFhMjY4NjU1LWI5MTQtNDIzOC1iY2MxLThkMTc2ZGY1MTZiM9gCAeACAQ&ucfs=1&arphpl=1&checkin=2026-10-13&checkout=2026-10-14&group_adults=2&req_adults=2&no_rooms=1&group_children=0&req_children=0&hpos=11&hapos=250&sr_order=popularity&srpvid=21039c9fdc8c0948&srepoch=1790633915&all_sr_blocks=1593678403_430412964_2_0_0&highlighted_blocks=1593678403_430412964_2_0_0&matching_block_id=1593678403_430412964_2_0_0&sr_pri_blocks=1593678403_430412964_2_0_0__4950&from=searchresults,Flat 2 BGR,66,2026-10-13,2026-09-29T05:23:23.532286,https://www.booking.com/searchresults.html?ss=London&group_adults=2&no_rooms=1&group_children=0&checkin=2026-10-13&checkout=2026-10-14&selected_currency=USD&chal_t=1790633780949&force_referer=,flat-2-bgr,Tower Hamlets,London,7.3,Good,55
https://www.booking.com/hotel/gb/tudor-inn.html?aid=304142&label=gen173nr-10CAQoggJCDXNlYXJjaF9sb25kb25IM1gEaPQBiAEBmAEzuAEXyAEM2AED6AEB-AEBiAIBqAIBuAK-zuvVBsACAdICJGFhMjY4NjU1LWI5MTQtNDIzOC1iY2MxLThkMTc2ZGY1MTZiM9gCAeACAQ&ucfs=1&arphpl=1&checkin=2026-10-13&checkout=2026-10-14&group_adults=2&req_adults=2&no_rooms=1&group_children=0&req_children=0&hpos=12&hapos=251&sr_order=popularity&srpvid=21039c9fdc8c0948&srepoch=1790633915&all_sr_blocks=18792_0_2_0_0&highlighted_blocks=18792_0_2_0_0&matching_block_id=18792_0_2_0_0&sr_pri_blocks=18792_0_2_0_0__17232&from=searchresults,The House on Warwick,228,2026-10-13,2026-09-29T05:23:23.724238,https://www.booking.com/searchresults.html?ss=London&group_adults=2&no_rooms=1&group_children=0&checkin=2026-10-13&checkout=2026-10-14&selected_currency=USD&chal_t=1790633780949&force_referer=,tudor-inn,Westminster Borough,London,7.1,Good,5279
https://www.booking.com/hotel/gb/seraphine-kensington-olympia.html?aid=304142&label=gen173nr-10CAQoggJCDXNlYXJjaF9sb25kb25IM1gEaPQBiAEBmAEzuAEXyAEM2AED6AEB-AEBiAIBqAIBuAK-zuvVBsACAdICJGFhMjY4NjU1LWI5MTQtNDIzOC1iY2MxLThkMTc2ZGY1MTZiM9gCAeACAQ&ucfs=1&arphpl=1&checkin=2026-10-13&checkout=2026-10-14&group_adults=2&req_adults=2&no_rooms=1&group_children=0&req_children=0&hpos=13&hapos=252&sr_order=popularity&srpvid=21039c9fdc8c0948&srepoch=1790633915&all_sr_blocks=23626510_88652196_2_2_0&highlighted_blocks=23626510_88652196_2_2_0&matching_block_id=23626510_88652196_2_2_0&sr_pri_blocks=23626510_88652196_2_2_0__24819&from=searchresults,The Kensington Hideaway,329,2026-10-13,2026-09-29T05:23:24.065366,https://www.booking.com/searchresults.html?ss=London&group_adults=2&no_rooms=1&group_children=0&checkin=2026-10-13&checkout=2026-10-14&selected_currency=USD&chal_t=1790633780949&force_referer=,seraphine-kensington-olympia,Kensington and Chelsea,London,8.6,Excellent,462
https://www.booking.com/hotel/gb/stylish-1-bedroom-flat-brixton.html?aid=304142&label=gen173nr-10CAQoggJCDXNlYXJjaF9sb25kb25IM1gEaPQBiAEBmAEzuAEXyAEM2AED6AEB-AEBiAIBqAIBuAK-zuvVBsACAdICJGFhMjY4NjU1LWI5MTQtNDIzOC1iY2MxLThkMTc2ZGY1MTZiM9gCAeACAQ&ucfs=1&arphpl=1&checkin=2026-10-13&checkout=2026-10-14&group_adults=2&req_adults=2&no_rooms=1&group_children=0&req_children=0&hpos=14&hapos=253&sr_order=popularity&srpvid=21039c9fdc8c0948&srepoch=1790633915&all_sr_blocks=1335816601_406042179_4_0_0&highlighted_blocks=1335816601_406042179_4_0_0&matching_block_id=1335816601_406042179_4_0_0&sr_pri_blocks=1335816601_406042179_4_0_0__15240&from=searchresults,Stylish 1 bedroom Flat Brixton,202,2026-10-13,2026-09-29T05:23:24.286328,https://www.booking.com/searchresults.html?ss=London&group_adults=2&no_rooms=1&group_children=0&checkin=2026-10-13&checkout=2026-10-14&selected_currency=USD&chal_t=1790633780949&force_referer=,stylish-1-bedroom-flat-brixton,Lambeth,London,9.0,Wonderful,95
https://www.booking.com/hotel/gb/35-apart.html?aid=304142&label=gen173nr-10CAQoggJCDXNlYXJjaF9sb25kb25IM1gEaPQBiAEBmAEzuAEXyAEM2AED6AEB-AEBiAIBqAIBuAK-zuvVBsACAdICJGFhMjY4NjU1LWI5MTQtNDIzOC1iY2MxLThkMTc2ZGY1MTZiM9gCAeACAQ&ucfs=1&arphpl=1&checkin=2026-10-13&checkout=2026-10-14&group_adults=2&req_adults=2&no_rooms=1&group_children=0&req_children=0&hpos=15&hapos=254&sr_order=popularity&srpvid=21039c9fdc8c0948&srepoch=1790633915&all_sr_blocks=287742316_108352658_2_0_0&highlighted_blocks=287742316_108352658_2_0_0&matching_block_id=287742316_108352658_2_0_0&sr_pri_blocks=287742316_108352658_2_0_0__31694&from_sustainable_property_sr=1&from=searchresults,Maison Rokxy - Luxe Apartments,420,2026-10-13,2026-09-29T05:23:24.473614,https://www.booking.com/searchresults.html?ss=London&group_adults=2&no_rooms=1&group_children=0&checkin=2026-10-13&checkout=2026-10-14&selected_currency=USD&chal_t=1790633780949&force_referer=,35-apart,Camden,London,9.0,Wonderful,95
https://www.booking.com/hotel/gb/hogarthhotelkensington.html?aid=304142&label=gen173nr-10CAQoggJCDXNlYXJjaF9sb25kb25IM1gEaPQBiAEBmAEzuAEXyAEM2AED6AEB-AEBiAIBqAIBuAK-zuvVBsACAdICJGFhMjY4NjU1LWI5MTQtNDIzOC1iY2MxLThkMTc2ZGY1MTZiM9gCAeACAQ&ucfs=1&arphpl=1&checkin=2026-10-13&checkout=2026-10-14&group_adults=2&req_adults=2&no_rooms=1&group_children=0&req_children=0&hpos=16&hapos=255&sr_order=popularity&srpvid=21039c9fdc8c0948&srepoch=1790633915&all_sr_blocks=0_0_2_0_0&highlighted_blocks=0_0_2_0_0&matching_block_id=0_0_2_0_0&sr_pri_blocks=0_0_2_0_0__9327&from=searchresults,Dreamtel London Kensington,124,2026-10-13,2026-09-29T05:23:24.702391,https://www.booking.com/searchresults.html?ss=London&group_adults=2&no_rooms=1&group_children=0&checkin=2026-10-13&checkout=2026-10-14&selected_currency=USD&chal_t=1790633780949&force_referer=,hogarthhotelkensington,Kensington and Chelsea,London,7.1,Good,1740
https://www.booking.com/hotel/gb/bidder-street.html?aid=304142&label=gen173nr-10CAQoggJCDXNlYXJjaF9sb25kb25IM1gEaPQBiAEBmAEzuAEXyAEM2AED6AEB-AEBiAIBqAIBuAK-zuvVBsACAdICJGFhMjY4NjU1LWI5MTQtNDIzOC1iY2MxLThkMTc2ZGY1MTZiM9gCAeACAQ&ucfs=1&arphpl=1&checkin=2026-10-13&checkout=2026-10-14&group_adults=2&req_adults=2&no_rooms=1&group_children=0&req_children=0&hpos=17&hapos=256&sr_order=popularity&srpvid=21039c9fdc8c0948&srepoch=1790633915&all_sr_blocks=1624611001_433324985_2_0_0&highlighted_blocks=1624611001_433324985_2_0_0&matching_block_id=1624611001_433324985_2_0_0&sr_pri_blocks=1624611001_433324985_2_0_0__9000&from=searchresults,Bidder Street Guest House And Apartments,119,2026-10-13,2026-09-29T05:23:24.920581,https://www.booking.com/searchresults.html?ss=London&group_adults=2&no_rooms=1&group_children=0&checkin=2026-10-13&checkout=2026-10-14&selected_currency=USD&chal_t=1790633780949&force_referer=,bidder-street,Newham,London,8.5,Very Good,72
https://www.booking.com/hotel/gb/the-phoenix-hostel.html?aid=304142&label=gen173nr-10CAQoggJCDXNlYXJjaF9sb25kb25IM1gEaPQBiAEBmAEzuAEXyAEM2AED6AEB-AEBiAIBqAIBuAK-zuvVBsACAdICJGFhMjY4NjU1LWI5MTQtNDIzOC1iY2MxLThkMTc2ZGY1MTZiM9gCAeACAQ&ucfs=1&arphpl=1&checkin=2026-10-13&checkout=2026-10-14&group_adults=2&req_adults=2&no_rooms=1&group_children=0&req_children=0&hpos=18&hapos=257&sr_order=popularity&srpvid=21039c9fdc8c0948&srepoch=1790633915&all_sr_blocks=119267005_368373766_0_2_0&highlighted_blocks=119267005_368373766_0_2_0&matching_block_id=119267005_368373766_0_2_0&sr_pri_blocks=119267005_368373766_0_2_0__8415&from=searchresults,The Phoenix Hostel Paddington,111,2026-10-13,2026-09-29T05:23:25.035483,https://www.booking.com/searchresults.html?ss=London&group_adults=2&no_rooms=1&group_children=0&checkin=2026-10-13&checkout=2026-10-14&selected_currency=USD&chal_t=1790633780949&force_referer=,the-phoenix-hostel,Westminster Borough,London,6.1,Average,2672
https://www.booking.com/hotel/gb/the-marylebone.html?aid=304142&label=gen173nr-10CAQoggJCDXNlYXJjaF9sb25kb25IM1gEaPQBiAEBmAEzuAEXyAEM2AED6AEB-AEBiAIBqAIBuAK-zuvVBsACAdICJGFhMjY4NjU1LWI5MTQtNDIzOC1iY2MxLThkMTc2ZGY1MTZiM9gCAeACAQ&ucfs=1&arphpl=1&checkin=2026-10-13&checkout=2026-10-14&group_adults=2&req_adults=2&no_rooms=1&group_children=0&req_children=0&hpos=19&hapos=258&sr_order=popularity&srpvid=21039c9fdc8c0948&srepoch=1790633915&all_sr_blocks=3620506_98905280_2_2_0&highlighted_blocks=3620506_98905280_2_2_0&matching_block_id=3620506_98905280_2_2_0&sr_pri_blocks=3620506_98905280_2_2_0__65250&from_sustainable_property_sr=1&from=searchresults,The Marylebone Hotel,865,2026-10-13,2026-09-29T05:23:25.175487,https://www.booking.com/searchresults.html?ss=London&group_adults=2&no_rooms=1&group_children=0&checkin=2026-10-13&checkout=2026-10-14&selected_currency=USD&chal_t=1790633780949&force_referer=,the-marylebone,Westminster Borough,London,8.6,Excellent,998
https://www.booking.com/hotel/gb/jarvis-london.html?aid=304142&label=gen173nr-10CAQoggJCDXNlYXJjaF9sb25kb25IM1gEaPQBiAEBmAEzuAEXyAEM2AED6AEB-AEBiAIBqAIBuAK-zuvVBsACAdICJGFhMjY4NjU1LWI5MTQtNDIzOC1iY2MxLThkMTc2ZGY1MTZiM9gCAeACAQ&ucfs=1&arphpl=1&checkin=2026-10-13&checkout=2026-10-14&group_adults=2&req_adults=2&no_rooms=1&group_children=0&req_children=0&hpos=1&hapos=259&sr_order=popularity&srpvid=21039c9fdc8c0948&srepoch=1790633922&all_sr_blocks=8283_91463547_2_34_0&highlighted_blocks=8283_91463547_2_34_0&matching_block_id=8283_91463547_2_34_0&sr_pri_blocks=8283_91463547_2_34_0__39298&from=searchresults,DoubleTree by Hilton London - Hyde Park,521,2026-10-13,2026-09-29T05:23:25.341161,https://www.booking.com/searchresults.html?ss=London&group_adults=2&no_rooms=1&group_children=0&checkin=2026-10-13&checkout=2026-10-14&selected_currency=USD&chal_t=1790633780949&force_referer=,jarvis-london,Kensington and Chelsea,London,7.7,Good,1574
https://www.booking.com/hotel/gb/entire-luxury-flat-in-camden-town.html?aid=304142&label=gen173nr-10CAQoggJCDXNlYXJjaF9sb25kb25IM1gEaPQBiAEBmAEzuAEXyAEM2AED6AEB-AEBiAIBqAIBuAK-zuvVBsACAdICJGFhMjY4NjU1LWI5MTQtNDIzOC1iY2MxLThkMTc2ZGY1MTZiM9gCAeACAQ&ucfs=1&arphpl=1&checkin=2026-10-13&checkout=2026-10-14&group_adults=2&req_adults=2&no_rooms=1&group_children=0&req_children=0&hpos=2&hapos=260&sr_order=popularity&srpvid=21039c9fdc8c0948&srepoch=1790633922&all_sr_blocks=1579007601_429001346_4_0_0&highlighted_blocks=1579007601_429001346_4_0_0&matching_block_id=1579007601_429001346_4_0_0&sr_pri_blocks=1579007601_429001346_4_0_0__13943&from=searchresults,Entire Luxury flat in Camden Town - Best Location! 2 Minutes from Camden Market,185,2026-10-13,2026-09-29T05:23:25.520306,https://www.booking.com/searchresults.html?ss=London&group_adults=2&no_rooms=1&group_children=0&checkin=2026-10-13&checkout=2026-10-14&selected_currency=USD&chal_t=1790633780949&force_referer=,entire-luxury-flat-in-camden-town,Camden,London,7.1,Good,9
https://www.booking.com/hotel/gb/the-brickline-shoreditch.html?aid=304142&label=gen173nr-10CAQoggJCDXNlYXJjaF9sb25kb25IM1gEaPQBiAEBmAEzuAEXyAEM2AED6AEB-AEBiAIBqAIBuAK-zuvVBsACAdICJGFhMjY4NjU1LWI5MTQtNDIzOC1iY2MxLThkMTc2ZGY1MTZiM9gCAeACAQ&ucfs=1&arphpl=1&checkin=2026-10-13&checkout=2026-10-14&group_adults=2&req_adults=2&no_rooms=1&group_children=0&req_children=0&hpos=3&hapos=261&sr_order=popularity&srpvid=21039c9fdc8c0948&srepoch=1790633922&all_sr_blocks=1571230115_428196874_0_0_0&highlighted_blocks=1571230115_428196874_0_0_0&matching_block_id=1571230115_428196874_0_0_0&sr_pri_blocks=1571230115_428196874_0_0_0__8664&from=searchresults,The Brickline Shoreditch,115,2026-10-13,2026-09-29T05:23:25.719743,https://www.booking.com/searchresults.html?ss=London&group_adults=2&no_rooms=1&group_children=0&checkin=2026-10-13&checkout=2026-10-14&selected_currency=USD&chal_t=1790633780949&force_referer=,the-brickline-shoreditch,Tower Hamlets,London,7.2,Good,144
https://www.booking.com/hotel/gb/la-casa-greater-london1.html?aid=304142&label=gen173nr-10CAQoggJCDXNlYXJjaF9sb25kb25IM1gEaPQBiAEBmAEzuAEXyAEM2AED6AEB-AEBiAIBqAIBuAK-zuvVBsACAdICJGFhMjY4NjU1LWI5MTQtNDIzOC1iY2MxLThkMTc2ZGY1MTZiM9gCAeACAQ&ucfs=1&arphpl=1&checkin=2026-10-13&checkout=2026-10-14&group_adults=2&req_adults=2&no_rooms=1&group_children=0&req_children=0&hpos=4&hapos=262&sr_order=popularity&srpvid=21039c9fdc8c0948&srepoch=1790633922&all_sr_blocks=1198283706_392117273_2_0_0&highlighted_blocks=1198283706_392117273_2_0_0&matching_block_id=1198283706_392117273_2_0_0&sr_pri_blocks=1198283706_392117273_2_0_0__10935&from=searchresults,La Casa Studios Near Hyde Park,145,2026-10-13,2026-09-29T05:23:25.950427,https://www.booking.com/searchresults.html?ss=London&group_adults=2&no_rooms=1&group_children=0&checkin=2026-10-13&checkout=2026-10-14&selected_currency=USD&chal_t=1790633780949&force_referer=,la-casa-greater-london1,Westminster Borough,London,7.1,Good,167
https://www.booking.com/hotel/gb/maitrise-hotel-maida-vale.html?aid=304142&label=gen173nr-10CAQoggJCDXNlYXJjaF9sb25kb25IM1gEaPQBiAEBmAEzuAEXyAEM2AED6AEB-AEBiAIBqAIBuAK-zuvVBsACAdICJGFhMjY4NjU1LWI5MTQtNDIzOC1iY2MxLThkMTc2ZGY1MTZiM9gCAeACAQ&ucfs=1&arphpl=1&checkin=2026-10-13&checkout=2026-10-14&group_adults=2&req_adults=2&no_rooms=1&group_children=0&req_children=0&hpos=5&hapos=263&sr_order=popularity&srpvid=21039c9fdc8c0948&srepoch=1790633922&all_sr_blocks=17838501_88652061_0_42_0&highlighted_blocks=17838501_88652061_0_42_0&matching_block_id=17838501_88652061_0_42_0&sr_pri_blocks=17838501_88652061_0_42_0__9476&from=searchresults,Maitrise Hotel Maida Vale - London,126,2026-10-13,2026-09-29T05:23:26.109321,https://www.booking.com/searchresults.html?ss=London&group_adults=2&no_rooms=1&group_children=0&checkin=2026-10-13&checkout=2026-10-14&selected_currency=USD&chal_t=1790633780949&force_referer=,maitrise-hotel-maida-vale,Brent,London,7.1,Good,833
https://www.booking.com/hotel/gb/hyatt-regency-london-blackfriars-uk.html?aid=304142&label=gen173nr-10CAQoggJCDXNlYXJjaF9sb25kb25IM1gEaPQBiAEBmAEzuAEXyAEM2AED6AEB-AEBiAIBqAIBuAK-zuvVBsACAdICJGFhMjY4NjU1LWI5MTQtNDIzOC1iY2MxLThkMTc2ZGY1MTZiM9gCAeACAQ&ucfs=1&arphpl=1&checkin=2026-10-13&checkout=2026-10-14&group_adults=2&req_adults=2&no_rooms=1&group_children=0&req_children=0&hpos=6&hapos=264&sr_order=popularity&srpvid=21039c9fdc8c0948&srepoch=1790633922&all_sr_blocks=36750224_94450954_2_2_0&highlighted_blocks=36750224_94450954_2_2_0&matching_block_id=36750224_94450954_2_2_0&sr_pri_blocks=36750224_94450954_2_2_0__80300&from=searchresults,Hyatt Regency London Blackfriars,1064,2026-10-13,2026-09-29T05:23:26.429925,https://www.booking.com/searchresults.html?ss=London&group_adults=2&no_rooms=1&group_children=0&checkin=2026-10-13&checkout=2026-10-14&selected_currency=USD&chal_t=1790633780949&force_referer=,hyatt-regency-london-blackfriars-uk,City of London,London,8.6,Excellent,725
https://www.booking.com/hotel/gb/imperial-court-suites.html?aid=304142&label=gen173nr-10CAQoggJCDXNlYXJjaF9sb25kb25IM1gEaPQBiAEBmAEzuAEXyAEM2AED6AEB-AEBiAIBqAIBuAK-zuvVBsACAdICJGFhMjY4NjU1LWI5MTQtNDIzOC1iY2MxLThkMTc2ZGY1MTZiM9gCAeACAQ&ucfs=1&arphpl=1&checkin=2026-10-13&checkout=2026-10-14&group_adults=2&req_adults=2&no_rooms=1&group_children=0&req_children=0&hpos=7&hapos=265&sr_order=popularity&srpvid=21039c9fdc8c0948&srepoch=1790633922&all_sr_blocks=191101301_93629876_0_0_0&highlighted_blocks=191101301_93629876_0_0_0&matching_block_id=191101301_93629876_0_0_0&sr_pri_blocks=191101301_93629876_0_0_0__15073&from=searchresults,Imperial Court Suites,200,2026-10-13,2026-09-29T05:23:26.586234,https://www.booking.com/searchresults.html?ss=London&group_adults=2&no_rooms=1&group_children=0&checkin=2026-10-13&checkout=2026-10-14&selected_currency=USD&chal_t=1790633780949&force_referer=,imperial-court-suites,Westminster Borough,London,7.0,Good,476
https://www.booking.com/hotel/gb/warm-apartments-in-queensway.html?aid=304142&label=gen173nr-10CAQoggJCDXNlYXJjaF9sb25kb25IM1gEaPQBiAEBmAEzuAEXyAEM2AED6AEB-AEBiAIBqAIBuAK-zuvVBsACAdICJGFhMjY4NjU1LWI5MTQtNDIzOC1iY2MxLThkMTc2ZGY1MTZiM9gCAeACAQ&ucfs=1&arphpl=1&checkin=2026-10-13&checkout=2026-10-14&group_adults=2&req_adults=2&no_rooms=1&group_children=0&req_children=0&hpos=8&hapos=266&sr_order=popularity&srpvid=21039c9fdc8c0948&srepoch=1790633922&all_sr_blocks=1443298504_415771130_2_0_0&highlighted_blocks=1443298504_415771130_2_0_0&matching_block_id=1443298504_415771130_2_0_0&sr_pri_blocks=1443298504_415771130_2_0_0__11780&from=searchresults,Warm Apartments in Queensway,156,2026-10-13,2026-09-29T05:23:26.698819,https://www.booking.com/searchresults.html?ss=London&group_adults=2&no_rooms=1&group_children=0&checkin=2026-10-13&checkout=2026-10-14&selected_currency=USD&chal_t=1790633780949&force_referer=,warm-apartments-in-queensway,Westminster Borough,London,6.7,Average,228
https://www.booking.com/hotel/gb/the-hoxton-shepherds-bush.html?aid=304142&label=gen173nr-10CAQoggJCDXNlYXJjaF9sb25kb25IM1gEaPQBiAEBmAEzuAEXyAEM2AED6AEB-AEBiAIBqAIBuAK-zuvVBsACAdICJGFhMjY4NjU1LWI5MTQtNDIzOC1iY2MxLThkMTc2ZGY1MTZiM9gCAeACAQ&ucfs=1&arphpl=1&checkin=2026-10-13&checkout=2026-10-14&group_adults=2&req_adults=2&no_rooms=1&group_children=0&req_children=0&hpos=9&hapos=267&sr_order=popularity&srpvid=21039c9fdc8c0948&srepoch=1790633922&all_sr_blocks=890990407_359214569_2_0_0&highlighted_blocks=890990407_359214569_2_0_0&matching_block_id=890990407_359214569_2_0_0&sr_pri_blocks=890990407_359214569_2_0_0__27900&from_sustainable_property_sr=1&from=searchresults,"The Hoxton, Shepherds Bush",370,2026-10-13,2026-09-29T05:23:26.873938,https://www.booking.com/searchresults.html?ss=London&group_adults=2&no_rooms=1&group_children=0&checkin=2026-10-13&checkout=2026-10-14&selected_currency=USD&chal_t=1790633780949&force_referer=,the-hoxton-shepherds-bush,Hammersmith and Fulham,London,8.8,Excellent,3997
https://www.booking.com/hotel/gb/spacious-modern-1-bed-apartment.html?aid=304142&label=gen173nr-10CAQoggJCDXNlYXJjaF9sb25kb25IM1gEaPQBiAEBmAEzuAEXyAEM2AED6AEB-AEBiAIBqAIBuAK-zuvVBsACAdICJGFhMjY4NjU1LWI5MTQtNDIzOC1iY2MxLThkMTc2ZGY1MTZiM9gCAeACAQ&ucfs=1&arphpl=1&checkin=2026-10-13&checkout=2026-10-14&group_adults=2&req_adults=2&no_rooms=1&group_children=0&req_children=0&hpos=10&hapos=268&sr_order=popularity&srpvid=21039c9fdc8c0948&srepoch=1790633922&all_sr_blocks=999985601_372837537_2_0_0&highlighted_blocks=999985601_372837537_2_0_0&matching_block_id=999985601_372837537_2_0_0&sr_pri_blocks=999985601_372837537_2_0_0__12251&from=searchresults,Spacious modern 1 bed Apartment.,162,2026-10-13,2026-09-29T05:23:27.017477,https://www.booking.com/searchresults.html?ss=London&group_adults=2&no_rooms=1&group_children=0&checkin=2026-10-13&checkout=2026-10-14&selected_currency=USD&chal_t=1790633780949&force_referer=,spacious-modern-1-bed-apartment,Newham,London,7.4,Good,73
https://www.booking.com/hotel/gb/tooting-broadway-stays.html?aid=304142&label=gen173nr-10CAQoggJCDXNlYXJjaF9sb25kb25IM1gEaPQBiAEBmAEzuAEXyAEM2AED6AEB-AEBiAIBqAIBuAK-zuvVBsACAdICJGFhMjY4NjU1LWI5MTQtNDIzOC1iY2MxLThkMTc2ZGY1MTZiM9gCAeACAQ&ucfs=1&arphpl=1&checkin=2026-10-13&checkout=2026-10-14&group_adults=2&req_adults=2&no_rooms=1&group_children=0&req_children=0&hpos=11&hapos=269&sr_order=popularity&srpvid=21039c9fdc8c0948&srepoch=1790633922&all_sr_blocks=1357689305_413716507_2_1_0&highlighted_blocks=1357689305_413716507_2_1_0&matching_block_id=1357689305_413716507_2_1_0&sr_pri_blocks=1357689305_413716507_2_1_0__5024&from=searchresults,Tooting Stays,67,2026-10-13,2026-09-29T05:23:27.179431,https://www.booking.com/searchresults.html?ss=London&group_adults=2&no_rooms=1&group_children=0&checkin=2026-10-13&checkout=2026-10-14&selected_currency=USD&chal_t=1790633780949&force_referer=,tooting-broadway-stays,Wandsworth,London,5.7,Average,108
https://www.booking.com/hotel/gb/euston-apartments-greater-london.html?aid=304142&label=gen173nr-10CAQoggJCDXNlYXJjaF9sb25kb25IM1gEaPQBiAEBmAEzuAEXyAEM2AED6AEB-AEBiAIBqAIBuAK-zuvVBsACAdICJGFhMjY4NjU1LWI5MTQtNDIzOC1iY2MxLThkMTc2ZGY1MTZiM9gCAeACAQ&ucfs=1&arphpl=1&checkin=2026-10-13&checkout=2026-10-14&group_adults=2&req_adults=2&no_rooms=1&group_children=0&req_children=0&hpos=12&hapos=270&sr_order=popularity&srpvid=21039c9fdc8c0948&srepoch=1790633922&all_sr_blocks=936621813_365816931_0_0_0&highlighted_blocks=936621813_365816931_0_0_0&matching_block_id=936621813_365816931_0_0_0&sr_pri_blocks=936621813_365816931_0_0_0__15989&from=searchresults,Euston apartments,212,2026-10-13,2026-09-29T05:23:27.349451,https://www.booking.com/searchresults.html?ss=London&group_adults=2&no_rooms=1&group_children=0&checkin=2026-10-13&checkout=2026-10-14&selected_currency=USD&chal_t=1790633780949&force_referer=,euston-apartments-greater-london,Camden,London,7.4,Good,957
https://www.booking.com/hotel/gb/arran-house.html?aid=304142&label=gen173nr-10CAQoggJCDXNlYXJjaF9sb25kb25IM1gEaPQBiAEBmAEzuAEXyAEM2AED6AEB-AEBiAIBqAIBuAK-zuvVBsACAdICJGFhMjY4NjU1LWI5MTQtNDIzOC1iY2MxLThkMTc2ZGY1MTZiM9gCAeACAQ&ucfs=1&arphpl=1&checkin=2026-10-13&checkout=2026-10-14&group_adults=2&req_adults=2&no_rooms=1&group_children=0&req_children=0&hpos=13&hapos=271&sr_order=popularity&srpvid=21039c9fdc8c0948&srepoch=1790633922&all_sr_blocks=17985312_0_2_1_0&highlighted_blocks=17985312_0_2_1_0&matching_block_id=17985312_0_2_1_0&sr_pri_blocks=17985312_0_2_1_0__15752&from_sustainable_property_sr=1&from=searchresults,Arran House Hotel,209,2026-10-13,2026-09-29T05:23:27.451576,https://www.booking.com/searchresults.html?ss=London&group_adults=2&no_rooms=1&group_children=0&checkin=2026-10-13&checkout=2026-10-14&selected_currency=USD&chal_t=1790633780949&force_referer=,arran-house,Camden,London,7.0,Good,1939
https://www.booking.com/hotel/gb/theroyalparkhotel.html?aid=304142&label=gen173nr-10CAQoggJCDXNlYXJjaF9sb25kb25IM1gEaPQBiAEBmAEzuAEXyAEM2AED6AEB-AEBiAIBqAIBuAK-zuvVBsACAdICJGFhMjY4NjU1LWI5MTQtNDIzOC1iY2MxLThkMTc2ZGY1MTZiM9gCAeACAQ&ucfs=1&arphpl=1&checkin=2026-10-13&checkout=2026-10-14&group_adults=2&req_adults=2&no_rooms=1&group_children=0&req_children=0&hpos=14&hapos=272&sr_order=popularity&srpvid=21039c9fdc8c0948&srepoch=1790633922&all_sr_blocks=22083402_0_2_0_0&highlighted_blocks=22083402_0_2_0_0&matching_block_id=22083402_0_2_0_0&sr_pri_blocks=22083402_0_2_0_0__32701&from=searchresults,Roseate House London,433,2026-10-13,2026-09-29T05:23:27.807074,https://www.booking.com/searchresults.html?ss=London&group_adults=2&no_rooms=1&group_children=0&checkin=2026-10-13&checkout=2026-10-14&selected_currency=USD&chal_t=1790633780949&force_referer=,theroyalparkhotel,Westminster Borough,London,8.7,Excellent,1226
https://www.booking.com/hotel/gb/comfotel-blu.html?aid=304142&label=gen173nr-10CAQoggJCDXNlYXJjaF9sb25kb25IM1gEaPQBiAEBmAEzuAEXyAEM2AED6AEB-AEBiAIBqAIBuAK-zuvVBsACAdICJGFhMjY4NjU1LWI5MTQtNDIzOC1iY2MxLThkMTc2ZGY1MTZiM9gCAeACAQ&ucfs=1&arphpl=1&checkin=2026-10-13&checkout=2026-10-14&group_adults=2&req_adults=2&no_rooms=1&group_children=0&req_children=0&hpos=15&hapos=273&sr_order=popularity&srpvid=21039c9fdc8c0948&srepoch=1790633922&all_sr_blocks=40935504_88652432_0_0_0&highlighted_blocks=40935504_88652432_0_0_0&matching_block_id=40935504_88652432_0_0_0&sr_pri_blocks=40935504_88652432_0_0_0__11893&from=searchresults,Comfotel BLU,158,2026-10-13,2026-09-29T05:23:28.354024,https://www.booking.com/searchresults.html?ss=London&group_adults=2&no_rooms=1&group_children=0&checkin=2026-10-13&checkout=2026-10-14&selected_currency=USD&chal_t=1790633780949&force_referer=,comfotel-blu,Hammersmith and Fulham,London,7.2,Good,1754
https://www.booking.com/hotel/gb/blackbird-greater-london.html?aid=304142&label=gen173nr-10CAQoggJCDXNlYXJjaF9sb25kb25IM1gEaPQBiAEBmAEzuAEXyAEM2AED6AEB-AEBiAIBqAIBuAK-zuvVBsACAdICJGFhMjY4NjU1LWI5MTQtNDIzOC1iY2MxLThkMTc2ZGY1MTZiM9gCAeACAQ&ucfs=1&arphpl=1&checkin=2026-10-13&checkout=2026-10-14&group_adults=2&req_adults=2&no_rooms=1&group_children=0&req_children=0&hpos=16&hapos=274&sr_order=popularity&srpvid=21039c9fdc8c0948&srepoch=1790633922&all_sr_blocks=442165901_0_2_1_0&highlighted_blocks=442165901_0_2_1_0&matching_block_id=442165901_0_2_1_0&sr_pri_blocks=442165901_0_2_1_0__23600&from_sustainable_property_sr=1&from=searchresults,Blackbird,313,2026-10-13,2026-09-29T05:23:28.592045,https://www.booking.com/searchresults.html?ss=London&group_adults=2&no_rooms=1&group_children=0&checkin=2026-10-13&checkout=2026-10-14&selected_currency=USD&chal_t=1790633780949&force_referer=,blackbird-greater-london,Kensington and Chelsea,London,9.1,Wonderful,570
https://www.booking.com/hotel/gb/studio-en-suite-hammersmith.html?aid=304142&label=gen173nr-10CAQoggJCDXNlYXJjaF9sb25kb25IM1gEaPQBiAEBmAEzuAEXyAEM2AED6AEB-AEBiAIBqAIBuAK-zuvVBsACAdICJGFhMjY4NjU1LWI5MTQtNDIzOC1iY2MxLThkMTc2ZGY1MTZiM9gCAeACAQ&ucfs=1&arphpl=1&checkin=2026-10-13&checkout=2026-10-14&group_adults=2&req_adults=2&no_rooms=1&group_children=0&req_children=0&hpos=17&hapos=275&sr_order=popularity&srpvid=21039c9fdc8c0948&srepoch=1790633922&all_sr_blocks=1646217108_434622508_2_0_0&highlighted_blocks=1646217108_434622508_2_0_0&matching_block_id=1646217108_434622508_2_0_0&sr_pri_blocks=1646217108_434622508_2_0_0__9840&from=searchresults,"Studio, En-suite, Hammersmith & West Kensington",130,2026-10-13,2026-09-29T05:23:28.704150,https://www.booking.com/searchresults.html?ss=London&group_adults=2&no_rooms=1&group_children=0&checkin=2026-10-13&checkout=2026-10-14&selected_currency=USD&chal_t=1790633780949&force_referer=,studio-en-suite-hammersmith,Hammersmith and Fulham,London,7.1,Good,20
https://www.booking.com/hotel/gb/belgraves.html?aid=304142&label=gen173nr-10CAQoggJCDXNlYXJjaF9sb25kb25IM1gEaPQBiAEBmAEzuAEXyAEM2AED6AEB-AEBiAIBqAIBuAK-zuvVBsACAdICJGFhMjY4NjU1LWI5MTQtNDIzOC1iY2MxLThkMTc2ZGY1MTZiM9gCAeACAQ&ucfs=1&arphpl=1&checkin=2026-10-13&checkout=2026-10-14&group_adults=2&req_adults=2&no_rooms=1&group_children=0&req_children=0&hpos=18&hapos=276&sr_order=popularity&srpvid=21039c9fdc8c0948&srepoch=1790633922&all_sr_blocks=36233004_88652399_0_2_0&highlighted_blocks=36233004_88652399_0_2_0&matching_block_id=36233004_88652399_0_2_0&sr_pri_blocks=36233004_88652399_0_2_0__62100&from_sustainable_property_sr=1&from=searchresults,The Hari London,823,2026-10-13,2026-09-29T05:23:28.839584,https://www.booking.com/searchresults.html?ss=London&group_adults=2&no_rooms=1&group_children=0&checkin=2026-10-13&checkout=2026-10-14&selected_currency=USD&chal_t=1790633780949&force_referer=,belgraves,Kensington and Chelsea,London,8.8,Excellent,864
https://www.booking.com/hotel/gb/the-clermont-victoria.html?aid=304142&label=gen173nr-10CAQoggJCDXNlYXJjaF9sb25kb25IM1gEaPQBiAEBmAEzuAEXyAEM2AED6AEB-AEBiAIBqAIBuAK-zuvVBsACAdICJGFhMjY4NjU1LWI5MTQtNDIzOC1iY2MxLThkMTc2ZGY1MTZiM9gCAeACAQ&ucfs=1&arphpl=1&checkin=2026-10-13&checkout=2026-10-14&group_adults=2&req_adults=2&no_rooms=1&group_children=0&req_children=0&hpos=1&hapos=277&sr_order=popularity&srpvid=21039c9fdc8c0948&srepoch=1790633929&all_sr_blocks=22059571_0_2_0_0&highlighted_blocks=22059571_0_2_0_0&matching_block_id=22059571_0_2_0_0&sr_pri_blocks=22059571_0_2_0_0__42556&from_sustainable_property_sr=1&from=searchresults,"The Clermont London, Victoria",564,2026-10-13,2026-09-29T05:23:28.937793,https://www.booking.com/searchresults.html?ss=London&group_adults=2&no_rooms=1&group_children=0&checkin=2026-10-13&checkout=2026-10-14&selected_currency=USD&chal_t=1790633780949&force_referer=,the-clermont-victoria,Westminster Borough,London,8.7,Excellent,6831
https://www.booking.com/hotel/gb/bostoncourthotel.html?aid=304142&label=gen173nr-10CAQoggJCDXNlYXJjaF9sb25kb25IM1gEaPQBiAEBmAEzuAEXyAEM2AED6AEB-AEBiAIBqAIBuAK-zuvVBsACAdICJGFhMjY4NjU1LWI5MTQtNDIzOC1iY2MxLThkMTc2ZGY1MTZiM9gCAeACAQ&ucfs=1&arphpl=1&checkin=2026-10-13&checkout=2026-10-14&group_adults=2&req_adults=2&no_rooms=1&group_children=0&req_children=0&hpos=2&hapos=278&sr_order=popularity&srpvid=21039c9fdc8c0948&srepoch=1790633929&all_sr_blocks=11949912_88651945_4_0_0&highlighted_blocks=11949912_88651945_4_0_0&matching_block_id=11949912_88651945_4_0_0&sr_pri_blocks=11949912_88651945_4_0_0__27621&from=searchresults,Upper Berkeley Hotel,366,2026-10-13,2026-09-29T05:23:29.109693,https://www.booking.com/searchresults.html?ss=London&group_adults=2&no_rooms=1&group_children=0&checkin=2026-10-13&checkout=2026-10-14&selected_currency=USD&chal_t=1790633780949&force_referer=,bostoncourthotel,Westminster Borough,London,7.2,Good,620
https://www.booking.com/hotel/gb/private-cozy-room-in-modern-apartment-bow.html?aid=304142&label=gen173nr-10CAQoggJCDXNlYXJjaF9sb25kb25IM1gEaPQBiAEBmAEzuAEXyAEM2AED6AEB-AEBiAIBqAIBuAK-zuvVBsACAdICJGFhMjY4NjU1LWI5MTQtNDIzOC1iY2MxLThkMTc2ZGY1MTZiM9gCAeACAQ&ucfs=1&arphpl=1&checkin=2026-10-13&checkout=2026-10-14&group_adults=2&req_adults=2&no_rooms=1&group_children=0&req_children=0&hpos=3&hapos=279&sr_order=popularity&srpvid=21039c9fdc8c0948&srepoch=1790633929&all_sr_blocks=1483206002_422213265_2_0_0&highlighted_blocks=1483206002_422213265_2_0_0&matching_block_id=1483206002_422213265_2_0_0&sr_pri_blocks=1483206002_422213265_2_0_0__7945&from=searchresults,"Modern East London Apartment with Private Studio & Guest Rooms-Bow, Near Victoria Park",105,2026-10-13,2026-09-29T05:23:29.390106,https://www.booking.com/searchresults.html?ss=London&group_adults=2&no_rooms=1&group_children=0&checkin=2026-10-13&checkout=2026-10-14&selected_currency=USD&chal_t=1790633780949&force_referer=,private-cozy-room-in-modern-apartment-bow,Tower Hamlets,London,8.9,Excellent,116
https://www.booking.com/hotel/gb/hoxton.html?aid=304142&label=gen173nr-10CAQoggJCDXNlYXJjaF9sb25kb25IM1gEaPQBiAEBmAEzuAEXyAEM2AED6AEB-AEBiAIBqAIBuAK-zuvVBsACAdICJGFhMjY4NjU1LWI5MTQtNDIzOC1iY2MxLThkMTc2ZGY1MTZiM9gCAeACAQ&ucfs=1&arphpl=1&checkin=2026-10-13&checkout=2026-10-14&group_adults=2&req_adults=2&no_rooms=1&group_children=0&req_children=0&hpos=4&hapos=280&sr_order=popularity&srpvid=21039c9fdc8c0948&srepoch=1790633929&all_sr_blocks=42501004_262904729_2_0_0&highlighted_blocks=42501004_262904729_2_0_0&matching_block_id=42501004_262904729_2_0_0&sr_pri_blocks=42501004_262904729_2_0_0__51400&from_sustainable_property_sr=1&from=searchresults,"The Hoxton, Shoreditch",681,2026-10-13,2026-09-29T05:23:29.570826,https://www.booking.com/searchresults.html?ss=London&group_adults=2&no_rooms=1&group_children=0&checkin=2026-10-13&checkout=2026-10-14&selected_currency=USD&chal_t=1790633780949&force_referer=,hoxton,Hackney,London,8.7,Excellent,346
https://www.booking.com/hotel/gb/the-red-lion-greater-london.html?aid=304142&label=gen173nr-10CAQoggJCDXNlYXJjaF9sb25kb25IM1gEaPQBiAEBmAEzuAEXyAEM2AED6AEB-AEBiAIBqAIBuAK-zuvVBsACAdICJGFhMjY4NjU1LWI5MTQtNDIzOC1iY2MxLThkMTc2ZGY1MTZiM9gCAeACAQ&ucfs=1&arphpl=1&checkin=2026-10-13&checkout=2026-10-14&group_adults=2&req_adults=2&no_rooms=1&group_children=0&req_children=0&hpos=5&hapos=281&sr_order=popularity&srpvid=21039c9fdc8c0948&srepoch=1790633929&all_sr_blocks=1284511201_401388444_0_0_0&highlighted_blocks=1284511201_401388444_0_0_0&matching_block_id=1284511201_401388444_0_0_0&sr_pri_blocks=1284511201_401388444_0_0_0__13068&from=searchresults,The Red Lion Hotel,173,2026-10-13,2026-09-29T05:23:29.722407,https://www.booking.com/searchresults.html?ss=London&group_adults=2&no_rooms=1&group_children=0&checkin=2026-10-13&checkout=2026-10-14&selected_currency=USD&chal_t=1790633780949&force_referer=,the-red-lion-greater-london,Unknown,London,8.7,Excellent,148
https://www.booking.com/hotel/gb/royalcambridgehotel.html?aid=304142&label=gen173nr-10CAQoggJCDXNlYXJjaF9sb25kb25IM1gEaPQBiAEBmAEzuAEXyAEM2AED6AEB-AEBiAIBqAIBuAK-zuvVBsACAdICJGFhMjY4NjU1LWI5MTQtNDIzOC1iY2MxLThkMTc2ZGY1MTZiM9gCAeACAQ&ucfs=1&arphpl=1&checkin=2026-10-13&checkout=2026-10-14&group_adults=2&req_adults=2&no_rooms=1&group_children=0&req_children=0&hpos=6&hapos=282&sr_order=popularity&srpvid=21039c9fdc8c0948&srepoch=1790633929&all_sr_blocks=59809_0_2_0_0&highlighted_blocks=59809_0_2_0_0&matching_block_id=59809_0_2_0_0&sr_pri_blocks=59809_0_2_0_0__14588&from=searchresults,Royal Cambridge Hotel,193,2026-10-13,2026-09-29T05:23:29.921202,https://www.booking.com/searchresults.html?ss=London&group_adults=2&no_rooms=1&group_children=0&checkin=2026-10-13&checkout=2026-10-14&selected_currency=USD&chal_t=1790633780949&force_referer=,royalcambridgehotel,Westminster Borough,London,7.0,Good,999
https://www.booking.com/hotel/gb/the-duke-rooms-london.html?aid=304142&label=gen173nr-10CAQoggJCDXNlYXJjaF9sb25kb25IM1gEaPQBiAEBmAEzuAEXyAEM2AED6AEB-AEBiAIBqAIBuAK-zuvVBsACAdICJGFhMjY4NjU1LWI5MTQtNDIzOC1iY2MxLThkMTc2ZGY1MTZiM9gCAeACAQ&ucfs=1&arphpl=1&checkin=2026-10-13&checkout=2026-10-14&group_adults=2&req_adults=2&no_rooms=1&group_children=0&req_children=0&hpos=7&hapos=283&sr_order=popularity&srpvid=21039c9fdc8c0948&srepoch=1790633929&all_sr_blocks=259568402_295487986_0_0_0&highlighted_blocks=259568402_295487986_0_0_0&matching_block_id=259568402_295487986_0_0_0&sr_pri_blocks=259568402_295487986_0_0_0__22299&from=searchresults,The Duke Rooms London,295,2026-10-13,2026-09-29T05:23:30.074121,https://www.booking.com/searchresults.html?ss=London&group_adults=2&no_rooms=1&group_children=0&checkin=2026-10-13&checkout=2026-10-14&selected_currency=USD&chal_t=1790633780949&force_referer=,the-duke-rooms-london,Westminster Borough,London,7.4,Good,835
https://www.booking.com/hotel/gb/orlando.html?aid=304142&label=gen173nr-10CAQoggJCDXNlYXJjaF9sb25kb25IM1gEaPQBiAEBmAEzuAEXyAEM2AED6AEB-AEBiAIBqAIBuAK-zuvVBsACAdICJGFhMjY4NjU1LWI5MTQtNDIzOC1iY2MxLThkMTc2ZGY1MTZiM9gCAeACAQ&ucfs=1&arphpl=1&checkin=2026-10-13&checkout=2026-10-14&group_adults=2&req_adults=2&no_rooms=1&group_children=0&req_children=0&hpos=8&hapos=284&sr_order=popularity&srpvid=21039c9fdc8c0948&srepoch=1790633929&all_sr_blocks=839376914_429619396_2_0_0&highlighted_blocks=839376914_429619396_2_0_0&matching_block_id=839376914_429619396_2_0_0&sr_pri_blocks=839376914_429619396_2_0_0__8000&from=searchresults,Hotel Orlando by PLI,106,2026-10-13,2026-09-29T05:23:30.240473,https://www.booking.com/searchresults.html?ss=London&group_adults=2&no_rooms=1&group_children=0&checkin=2026-10-13&checkout=2026-10-14&selected_currency=USD&chal_t=1790633780949&force_referer=,orlando,Hammersmith and Fulham,London,5.2,Average,2256
https://www.booking.com/hotel/gb/alexandra-hotel.html?aid=304142&label=gen173nr-10CAQoggJCDXNlYXJjaF9sb25kb25IM1gEaPQBiAEBmAEzuAEXyAEM2AED6AEB-AEBiAIBqAIBuAK-zuvVBsACAdICJGFhMjY4NjU1LWI5MTQtNDIzOC1iY2MxLThkMTc2ZGY1MTZiM9gCAeACAQ&ucfs=1&arphpl=1&checkin=2026-10-13&checkout=2026-10-14&group_adults=2&req_adults=2&no_rooms=1&group_children=0&req_children=0&hpos=9&hapos=285&sr_order=popularity&srpvid=21039c9fdc8c0948&srepoch=1790633929&all_sr_blocks=20369_0_2_1_0&highlighted_blocks=20369_0_2_1_0&matching_block_id=20369_0_2_1_0&sr_pri_blocks=20369_0_2_1_0__11486&from=searchresults,Alexandra Hotel,152,2026-10-13,2026-09-29T05:23:30.417555,https://www.booking.com/searchresults.html?ss=London&group_adults=2&no_rooms=1&group_children=0&checkin=2026-10-13&checkout=2026-10-14&selected_currency=USD&chal_t=1790633780949&force_referer=,alexandra-hotel,Westminster Borough,London,7.0,Good,5456
https://www.booking.com/hotel/gb/euston-mews.html?aid=304142&label=gen173nr-10CAQoggJCDXNlYXJjaF9sb25kb25IM1gEaPQBiAEBmAEzuAEXyAEM2AED6AEB-AEBiAIBqAIBuAK-zuvVBsACAdICJGFhMjY4NjU1LWI5MTQtNDIzOC1iY2MxLThkMTc2ZGY1MTZiM9gCAeACAQ&ucfs=1&arphpl=1&checkin=2026-10-13&checkout=2026-10-14&group_adults=2&req_adults=2&no_rooms=1&group_children=0&req_children=0&hpos=10&hapos=286&sr_order=popularity&srpvid=21039c9fdc8c0948&srepoch=1790633929&all_sr_blocks=1715159303_443235412_0_0_0&highlighted_blocks=1715159303_443235412_0_0_0&matching_block_id=1715159303_443235412_0_0_0&sr_pri_blocks=1715159303_443235412_0_0_0__10494&from=searchresults,Euston Mews,139,2026-10-13,2026-09-29T05:23:30.571003,https://www.booking.com/searchresults.html?ss=London&group_adults=2&no_rooms=1&group_children=0&checkin=2026-10-13&checkout=2026-10-14&selected_currency=USD&chal_t=1790633780949&force_referer=,euston-mews,Camden,London,9.0,Wonderful,1
https://www.booking.com/hotel/gb/amazing-3-bed-apartment-in-camden-town.html?aid=304142&label=gen173nr-10CAQoggJCDXNlYXJjaF9sb25kb25IM1gEaPQBiAEBmAEzuAEXyAEM2AED6AEB-AEBiAIBqAIBuAK-zuvVBsACAdICJGFhMjY4NjU1LWI5MTQtNDIzOC1iY2MxLThkMTc2ZGY1MTZiM9gCAeACAQ&ucfs=1&arphpl=1&checkin=2026-10-13&checkout=2026-10-14&group_adults=2&req_adults=2&no_rooms=1&group_children=0&req_children=0&hpos=11&hapos=287&sr_order=popularity&srpvid=21039c9fdc8c0948&srepoch=1790633929&all_sr_blocks=1703851901_442013660_7_0_0&highlighted_blocks=1703851901_442013660_7_0_0&matching_block_id=1703851901_442013660_7_0_0&sr_pri_blocks=1703851901_442013660_7_0_0__29242&from=searchresults,Amazing 3-Bed Apartment in CAMDEN TOWN,387,2026-10-13,2026-09-29T05:23:30.718972,https://www.booking.com/searchresults.html?ss=London&group_adults=2&no_rooms=1&group_children=0&checkin=2026-10-13&checkout=2026-10-14&selected_currency=USD&chal_t=1790633780949&force_referer=,amazing-3-bed-apartment-in-camden-town,Camden,London,7.0,Good,4
https://www.booking.com/hotel/gb/islington-creed.html?aid=304142&label=gen173nr-10CAQoggJCDXNlYXJjaF9sb25kb25IM1gEaPQBiAEBmAEzuAEXyAEM2AED6AEB-AEBiAIBqAIBuAK-zuvVBsACAdICJGFhMjY4NjU1LWI5MTQtNDIzOC1iY2MxLThkMTc2ZGY1MTZiM9gCAeACAQ&ucfs=1&arphpl=1&checkin=2026-10-13&checkout=2026-10-14&group_adults=2&req_adults=2&no_rooms=1&group_children=0&req_children=0&hpos=12&hapos=288&sr_order=popularity&srpvid=21039c9fdc8c0948&srepoch=1790633929&all_sr_blocks=287150603_108290673_0_0_0&highlighted_blocks=287150603_108290673_0_0_0&matching_block_id=287150603_108290673_0_0_0&sr_pri_blocks=287150603_108290673_0_0_0__9570&from=searchresults,Islington Quarter,127,2026-10-13,2026-09-29T05:23:30.856743,https://www.booking.com/searchresults.html?ss=London&group_adults=2&no_rooms=1&group_children=0&checkin=2026-10-13&checkout=2026-10-14&selected_currency=USD&chal_t=1790633780949&force_referer=,islington-creed,Islington,London,6.0,Average,400
https://www.booking.com/hotel/gb/roseview-alexandra-palace.html?aid=304142&label=gen173nr-10CAQoggJCDXNlYXJjaF9sb25kb25IM1gEaPQBiAEBmAEzuAEXyAEM2AED6AEB-AEBiAIBqAIBuAK-zuvVBsACAdICJGFhMjY4NjU1LWI5MTQtNDIzOC1iY2MxLThkMTc2ZGY1MTZiM9gCAeACAQ&ucfs=1&arphpl=1&checkin=2026-10-13&checkout=2026-10-14&group_adults=2&req_adults=2&no_rooms=1&group_children=0&req_children=0&hpos=13&hapos=289&sr_order=popularity&srpvid=21039c9fdc8c0948&srepoch=1790633929&all_sr_blocks=72639905_97915828_0_0_0&highlighted_blocks=72639905_97915828_0_0_0&matching_block_id=72639905_97915828_0_0_0&sr_pri_blocks=72639905_97915828_0_0_0__10358&from=searchresults,Roseview Alexandra Palace Hotel,137,2026-10-13,2026-09-29T05:23:31.036538,https://www.booking.com/searchresults.html?ss=London&group_adults=2&no_rooms=1&group_children=0&checkin=2026-10-13&checkout=2026-10-14&selected_currency=USD&chal_t=1790633780949&force_referer=,roseview-alexandra-palace,Muswell Hill,London,7.3,Good,1195
https://www.booking.com/hotel/gb/cricklewood-lodge.html?aid=304142&label=gen173nr-10CAQoggJCDXNlYXJjaF9sb25kb25IM1gEaPQBiAEBmAEzuAEXyAEM2AED6AEB-AEBiAIBqAIBuAK-zuvVBsACAdICJGFhMjY4NjU1LWI5MTQtNDIzOC1iY2MxLThkMTc2ZGY1MTZiM9gCAeACAQ&ucfs=1&arphpl=1&checkin=2026-10-13&checkout=2026-10-14&group_adults=2&req_adults=2&no_rooms=1&group_children=0&req_children=0&hpos=14&hapos=290&sr_order=popularity&srpvid=21039c9fdc8c0948&srepoch=1790633929&all_sr_blocks=125753401_0_2_0_0&highlighted_blocks=125753401_0_2_0_0&matching_block_id=125753401_0_2_0_0&sr_pri_blocks=125753401_0_2_0_0__5839&from=searchresults,Cricklewood Lodge Hotel,77,2026-10-13,2026-09-29T05:23:31.224410,https://www.booking.com/searchresults.html?ss=London&group_adults=2&no_rooms=1&group_children=0&checkin=2026-10-13&checkout=2026-10-14&selected_currency=USD&chal_t=1790633780949&force_referer=,cricklewood-lodge,Brent,London,6.6,Average,1202
https://www.booking.com/hotel/gb/the-house-of-toby.html?aid=304142&label=gen173nr-10CAQoggJCDXNlYXJjaF9sb25kb25IM1gEaPQBiAEBmAEzuAEXyAEM2AED6AEB-AEBiAIBqAIBuAK-zuvVBsACAdICJGFhMjY4NjU1LWI5MTQtNDIzOC1iY2MxLThkMTc2ZGY1MTZiM9gCAeACAQ&ucfs=1&arphpl=1&checkin=2026-10-13&checkout=2026-10-14&group_adults=2&req_adults=2&no_rooms=1&group_children=0&req_children=0&hpos=15&hapos=291&sr_order=popularity&srpvid=21039c9fdc8c0948&srepoch=1790633929&all_sr_blocks=208810002_295487856_2_0_0&highlighted_blocks=208810002_295487856_2_0_0&matching_block_id=208810002_295487856_2_0_0&sr_pri_blocks=208810002_295487856_2_0_0__26140&from=searchresults,The House of Toby,346,2026-10-13,2026-09-29T05:23:31.408610,https://www.booking.com/searchresults.html?ss=London&group_adults=2&no_rooms=1&group_children=0&checkin=2026-10-13&checkout=2026-10-14&selected_currency=USD&chal_t=1790633780949&force_referer=,the-house-of-toby,Camden,London,8.1,Very Good,1835
https://www.booking.com/hotel/gb/deluxe-two-bedroom-vauxhall-apartment.html?aid=304142&label=gen173nr-10CAQoggJCDXNlYXJjaF9sb25kb25IM1gEaPQBiAEBmAEzuAEXyAEM2AED6AEB-AEBiAIBqAIBuAK-zuvVBsACAdICJGFhMjY4NjU1LWI5MTQtNDIzOC1iY2MxLThkMTc2ZGY1MTZiM9gCAeACAQ&ucfs=1&arphpl=1&checkin=2026-10-13&checkout=2026-10-14&group_adults=2&req_adults=2&no_rooms=1&group_children=0&req_children=0&hpos=16&hapos=292&sr_order=popularity&srpvid=21039c9fdc8c0948&srepoch=1790633929&all_sr_blocks=1393221201_411255375_4_0_0&highlighted_blocks=1393221201_411255375_4_0_0&matching_block_id=1393221201_411255375_4_0_0&sr_pri_blocks=1393221201_411255375_4_0_0__24338&from=searchresults,Deluxe Two-Bedroom Vauxhall Apartment,322,2026-10-13,2026-09-29T05:23:32.368744,https://www.booking.com/searchresults.html?ss=London&group_adults=2&no_rooms=1&group_children=0&checkin=2026-10-13&checkout=2026-10-14&selected_currency=USD&chal_t=1790633780949&force_referer=,deluxe-two-bedroom-vauxhall-apartment,Lambeth,London,8.3,Very Good,58
https://www.booking.com/hotel/gb/kingsolomonhotel.html?aid=304142&label=gen173nr-10CAQoggJCDXNlYXJjaF9sb25kb25IM1gEaPQBiAEBmAEzuAEXyAEM2AED6AEB-AEBiAIBqAIBuAK-zuvVBsACAdICJGFhMjY4NjU1LWI5MTQtNDIzOC1iY2MxLThkMTc2ZGY1MTZiM9gCAeACAQ&ucfs=1&arphpl=1&checkin=2026-10-13&checkout=2026-10-14&group_adults=2&req_adults=2&no_rooms=1&group_children=0&req_children=0&hpos=17&hapos=293&sr_order=popularity&srpvid=21039c9fdc8c0948&srepoch=1790633929&all_sr_blocks=10227542_0_2_0_0&highlighted_blocks=10227542_0_2_0_0&matching_block_id=10227542_0_2_0_0&sr_pri_blocks=10227542_0_2_0_0__7531&from=searchresults,King Solomon Hotel- Golders Green,100,2026-10-13,2026-09-29T05:23:32.669286,https://www.booking.com/searchresults.html?ss=London&group_adults=2&no_rooms=1&group_children=0&checkin=2026-10-13&checkout=2026-10-14&selected_currency=USD&chal_t=1790633780949&force_referer=,kingsolomonhotel,Golders Green,London,6.9,Average,1731
https://www.booking.com/hotel/gb/dukeofleinsterhotel.html?aid=304142&label=gen173nr-10CAQoggJCDXNlYXJjaF9sb25kb25IM1gEaPQBiAEBmAEzuAEXyAEM2AED6AEB-AEBiAIBqAIBuAK-zuvVBsACAdICJGFhMjY4NjU1LWI5MTQtNDIzOC1iY2MxLThkMTc2ZGY1MTZiM9gCAeACAQ&ucfs=1&arphpl=1&checkin=2026-10-13&checkout=2026-10-14&group_adults=2&req_adults=2&no_rooms=1&group_children=0&req_children=0&hpos=18&hapos=294&sr_order=popularity&srpvid=21039c9fdc8c0948&srepoch=1790633929&all_sr_blocks=10415701_0_2_0_0&highlighted_blocks=10415701_0_2_0_0&matching_block_id=10415701_0_2_0_0&sr_pri_blocks=10415701_0_2_0_0__17705&from=searchresults,Duke Of Leinster Hotel,235,2026-10-13,2026-09-29T05:23:32.808231,https://www.booking.com/searchresults.html?ss=London&group_adults=2&no_rooms=1&group_children=0&checkin=2026-10-13&checkout=2026-10-14&selected_currency=USD&chal_t=1790633780949&force_referer=,dukeofleinsterhotel,Westminster Borough,London,7.3,Good,1488
https://www.booking.com/hotel/gb/roomzzz-london-stratford.html?aid=304142&label=gen173nr-10CAQoggJCDXNlYXJjaF9sb25kb25IM1gEaPQBiAEBmAEzuAEXyAEM2AED6AEB-AEBiAIBqAIBuAK-zuvVBsACAdICJGFhMjY4NjU1LWI5MTQtNDIzOC1iY2MxLThkMTc2ZGY1MTZiM9gCAeACAQ&ucfs=1&arphpl=1&checkin=2026-10-13&checkout=2026-10-14&group_adults=2&req_adults=2&no_rooms=1&group_children=0&req_children=0&hpos=19&hapos=295&sr_order=popularity&srpvid=21039c9fdc8c0948&srepoch=1790633929&all_sr_blocks=339330801_0_2_0_0&highlighted_blocks=339330801_0_2_0_0&matching_block_id=339330801_0_2_0_0&sr_pri_blocks=339330801_0_2_0_0__19234&from=searchresults,Roomzzz London Stratford,255,2026-10-13,2026-09-29T05:23:32.952893,https://www.booking.com/searchresults.html?ss=London&group_adults=2&no_rooms=1&group_children=0&checkin=2026-10-13&checkout=2026-10-14&selected_currency=USD&chal_t=1790633780949&force_referer=,roomzzz-london-stratford,Newham,London,8.9,Excellent,742
https://www.booking.com/hotel/gb/sheraton-park-tower.html?aid=304142&label=gen173nr-10CAQoggJCDXNlYXJjaF9sb25kb25IM1gEaPQBiAEBmAEzuAEXyAEM2AED6AEB-AEBiAIBqAIBuAK-zuvVBsACAdICJGFhMjY4NjU1LWI5MTQtNDIzOC1iY2MxLThkMTc2ZGY1MTZiM9gCAeACAQ&ucfs=1&arphpl=1&checkin=2026-10-13&checkout=2026-10-14&group_adults=2&req_adults=2&no_rooms=1&group_children=0&req_children=0&hpos=1&hapos=296&sr_order=popularity&srpvid=21039c9fdc8c0948&srepoch=1790633935&all_sr_blocks=3387909_95154684_0_2_0&highlighted_blocks=3387909_95154684_0_2_0&matching_block_id=3387909_95154684_0_2_0&sr_pri_blocks=3387909_95154684_0_2_0__49100&from_sustainable_property_sr=1&from=searchresults,"The Park Tower Knightsbridge, a Luxury Collection Hotel, London",651,2026-10-13,2026-09-29T05:23:33.099230,https://www.booking.com/searchresults.html?ss=London&group_adults=2&no_rooms=1&group_children=0&checkin=2026-10-13&checkout=2026-10-14&selected_currency=USD&chal_t=1790633780949&force_referer=,sheraton-park-tower,Westminster Borough,London,7.8,Good,776
https://www.booking.com/hotel/gb/radissonblunewprovidencewharf.html?aid=304142&label=gen173nr-10CAQoggJCDXNlYXJjaF9sb25kb25IM1gEaPQBiAEBmAEzuAEXyAEM2AED6AEB-AEBiAIBqAIBuAK-zuvVBsACAdICJGFhMjY4NjU1LWI5MTQtNDIzOC1iY2MxLThkMTc2ZGY1MTZiM9gCAeACAQ&ucfs=1&arphpl=1&checkin=2026-10-13&checkout=2026-10-14&group_adults=2&req_adults=2&no_rooms=1&group_children=0&req_children=0&hpos=2&hapos=297&sr_order=popularity&srpvid=21039c9fdc8c0948&srepoch=1790633935&all_sr_blocks=3535231_95156567_3_2_0&highlighted_blocks=3535231_95156567_3_2_0&matching_block_id=3535231_95156567_3_2_0&sr_pri_blocks=3535231_95156567_3_2_0__39330&from_sustainable_property_sr=1&from=searchresults,"Radisson Blu Hotel, London Canary Wharf East",521,2026-10-13,2026-09-29T05:23:33.225537,https://www.booking.com/searchresults.html?ss=London&group_adults=2&no_rooms=1&group_children=0&checkin=2026-10-13&checkout=2026-10-14&selected_currency=USD&chal_t=1790633780949&force_referer=,radissonblunewprovidencewharf,Tower Hamlets,London,8.3,Very Good,7940
https://www.booking.com/hotel/gb/thistletower.html?aid=304142&label=gen173nr-10CAQoggJCDXNlYXJjaF9sb25kb25IM1gEaPQBiAEBmAEzuAEXyAEM2AED6AEB-AEBiAIBqAIBuAK-zuvVBsACAdICJGFhMjY4NjU1LWI5MTQtNDIzOC1iY2MxLThkMTc2ZGY1MTZiM9gCAeACAQ&ucfs=1&arphpl=1&checkin=2026-10-13&checkout=2026-10-14&group_adults=2&req_adults=2&no_rooms=1&group_children=0&req_children=0&hpos=3&hapos=298&sr_order=popularity&srpvid=21039c9fdc8c0948&srepoch=1790633935&all_sr_blocks=22059368_0_2_0_0&highlighted_blocks=22059368_0_2_0_0&matching_block_id=22059368_0_2_0_0&sr_pri_blocks=22059368_0_2_0_0__34209&from_sustainable_property_sr=1&from=searchresults,"The Tower Hotel, by Thistle",453,2026-10-13,2026-09-29T05:23:33.356810,https://www.booking.com/searchresults.html?ss=London&group_adults=2&no_rooms=1&group_children=0&checkin=2026-10-13&checkout=2026-10-14&selected_currency=USD&chal_t=1790633780949&force_referer=,thistletower,Tower Hamlets,London,7.8,Good,19845
https://www.booking.com/hotel/gb/catherine-house.html?aid=304142&label=gen173nr-10CAQoggJCDXNlYXJjaF9sb25kb25IM1gEaPQBiAEBmAEzuAEXyAEM2AED6AEB-AEBiAIBqAIBuAK-zuvVBsACAdICJGFhMjY4NjU1LWI5MTQtNDIzOC1iY2MxLThkMTc2ZGY1MTZiM9gCAeACAQ&ucfs=1&arphpl=1&checkin=2026-10-13&checkout=2026-10-14&group_adults=2&req_adults=2&no_rooms=1&group_children=0&req_children=0&hpos=4&hapos=299&sr_order=popularity&srpvid=21039c9fdc8c0948&srepoch=1790633935&all_sr_blocks=1602807204_431237588_3_0_0&highlighted_blocks=1602807204_431237588_3_0_0&matching_block_id=1602807204_431237588_3_0_0&sr_pri_blocks=1602807204_431237588_3_0_0__5882&from=searchresults,Catherines House Kings Cross Area,78,2026-10-13,2026-09-29T05:23:33.484666,https://www.booking.com/searchresults.html?ss=London&group_adults=2&no_rooms=1&group_children=0&checkin=2026-10-13&checkout=2026-10-14&selected_currency=USD&chal_t=1790633780949&force_referer=,catherine-house,Islington,London,4.1,Poor,98
https://www.booking.com/hotel/gb/the-heart-of-riverside-london.html?aid=304142&label=gen173nr-10CAQoggJCDXNlYXJjaF9sb25kb25IM1gEaPQBiAEBmAEzuAEXyAEM2AED6AEB-AEBiAIBqAIBuAK-zuvVBsACAdICJGFhMjY4NjU1LWI5MTQtNDIzOC1iY2MxLThkMTc2ZGY1MTZiM9gCAeACAQ&ucfs=1&arphpl=1&checkin=2026-10-13&checkout=2026-10-14&group_adults=2&req_adults=2&no_rooms=1&group_children=0&req_children=0&hpos=5&hapos=300&sr_order=popularity&srpvid=21039c9fdc8c0948&srepoch=1790633935&all_sr_blocks=1700712501_441718799_6_0_0&highlighted_blocks=1700712501_441718799_6_0_0&matching_block_id=1700712501_441718799_6_0_0&sr_pri_blocks=1700712501_441718799_6_0_0__28875&from=searchresults,The Heart of Riverside London,383,2026-10-13,2026-09-29T05:23:33.635789,https://www.booking.com/searchresults.html?ss=London&group_adults=2&no_rooms=1&group_children=0&checkin=2026-10-13&checkout=2026-10-14&selected_currency=USD&chal_t=1790633780949&force_referer=,the-heart-of-riverside-london,Lambeth,London,6.0,Average,3
https://www.booking.com/hotel/gb/the-park-victoria.html?aid=304142&label=gen173nr-10CAQoggJCDXNlYXJjaF9sb25kb25IM1gEaPQBiAEBmAEzuAEXyAEM2AED6AEB-AEBiAIBqAIBuAK-zuvVBsACAdICJGFhMjY4NjU1LWI5MTQtNDIzOC1iY2MxLThkMTc2ZGY1MTZiM9gCAeACAQ&ucfs=1&arphpl=1&checkin=2026-10-13&checkout=2026-10-14&group_adults=2&req_adults=2&no_rooms=1&group_children=0&req_children=0&hpos=6&hapos=301&sr_order=popularity&srpvid=21039c9fdc8c0948&srepoch=1790633935&all_sr_blocks=27014808_175978873_0_0_0&highlighted_blocks=27014808_175978873_0_0_0&matching_block_id=27014808_175978873_0_0_0&sr_pri_blocks=27014808_175978873_0_0_0__11520&from=searchresults,The Park Hotel,153,2026-10-13,2026-09-29T05:23:33.761513,https://www.booking.com/searchresults.html?ss=London&group_adults=2&no_rooms=1&group_children=0&checkin=2026-10-13&checkout=2026-10-14&selected_currency=USD&chal_t=1790633780949&force_referer=,the-park-victoria,Westminster Borough,London,7.1,Good,1570
https://www.booking.com/hotel/gb/hand-amp-flower.html?aid=304142&label=gen173nr-10CAQoggJCDXNlYXJjaF9sb25kb25IM1gEaPQBiAEBmAEzuAEXyAEM2AED6AEB-AEBiAIBqAIBuAK-zuvVBsACAdICJGFhMjY4NjU1LWI5MTQtNDIzOC1iY2MxLThkMTc2ZGY1MTZiM9gCAeACAQ&ucfs=1&arphpl=1&checkin=2026-10-13&checkout=2026-10-14&group_adults=2&req_adults=2&no_rooms=1&group_children=0&req_children=0&hpos=7&hapos=302&sr_order=popularity&srpvid=21039c9fdc8c0948&srepoch=1790633935&all_sr_blocks=0_0_2_1_0&highlighted_blocks=0_0_2_1_0&matching_block_id=0_0_2_1_0&sr_pri_blocks=0_0_2_1_0__24842&from_sustainable_property_sr=1&from=searchresults,Hand & Flower,329,2026-10-13,2026-09-29T05:23:33.855103,https://www.booking.com/searchresults.html?ss=London&group_adults=2&no_rooms=1&group_children=0&checkin=2026-10-13&checkout=2026-10-14&selected_currency=USD&chal_t=1790633780949&force_referer=,hand-amp-flower,Hammersmith and Fulham,London,9.1,Wonderful,651
https://www.booking.com/hotel/gb/anlaby-apartments-greater-london.html?aid=304142&label=gen173nr-10CAQoggJCDXNlYXJjaF9sb25kb25IM1gEaPQBiAEBmAEzuAEXyAEM2AED6AEB-AEBiAIBqAIBuAK-zuvVBsACAdICJGFhMjY4NjU1LWI5MTQtNDIzOC1iY2MxLThkMTc2ZGY1MTZiM9gCAeACAQ&ucfs=1&arphpl=1&checkin=2026-10-13&checkout=2026-10-14&group_adults=2&req_adults=2&no_rooms=1&group_children=0&req_children=0&hpos=8&hapos=303&sr_order=popularity&srpvid=21039c9fdc8c0948&srepoch=1790633935&all_sr_blocks=1628646901_433470866_2_0_0&highlighted_blocks=1628646901_433470866_2_0_0&matching_block_id=1628646901_433470866_2_0_0&sr_pri_blocks=1628646901_433470866_2_0_0__24900&from=searchresults,Anlaby Apartments,330,2026-10-13,2026-09-29T05:23:34.006032,https://www.booking.com/searchresults.html?ss=London&group_adults=2&no_rooms=1&group_children=0&checkin=2026-10-13&checkout=2026-10-14&selected_currency=USD&chal_t=1790633780949&force_referer=,anlaby-apartments-greater-london,Hackney,London,7.3,Good,3
https://www.booking.com/hotel/gb/easyhotel-city-shoreditch.html?aid=304142&label=gen173nr-10CAQoggJCDXNlYXJjaF9sb25kb25IM1gEaPQBiAEBmAEzuAEXyAEM2AED6AEB-AEBiAIBqAIBuAK-zuvVBsACAdICJGFhMjY4NjU1LWI5MTQtNDIzOC1iY2MxLThkMTc2ZGY1MTZiM9gCAeACAQ&ucfs=1&arphpl=1&checkin=2026-10-13&checkout=2026-10-14&group_adults=2&req_adults=2&no_rooms=1&group_children=0&req_children=0&hpos=9&hapos=304&sr_order=popularity&srpvid=21039c9fdc8c0948&srepoch=1790633935&all_sr_blocks=154128808_99118149_0_0_0&highlighted_blocks=154128808_99118149_0_0_0&matching_block_id=154128808_99118149_0_0_0&sr_pri_blocks=154128808_99118149_0_0_0__20442&from=searchresults,easyHotel London City Shoreditch,271,2026-10-13,2026-09-29T05:23:34.103663,https://www.booking.com/searchresults.html?ss=London&group_adults=2&no_rooms=1&group_children=0&checkin=2026-10-13&checkout=2026-10-14&selected_currency=USD&chal_t=1790633780949&force_referer=,easyhotel-city-shoreditch,Islington,London,7.1,Good,1461
https://www.booking.com/hotel/gb/great-northern-london.html?aid=304142&label=gen173nr-10CAQoggJCDXNlYXJjaF9sb25kb25IM1gEaPQBiAEBmAEzuAEXyAEM2AED6AEB-AEBiAIBqAIBuAK-zuvVBsACAdICJGFhMjY4NjU1LWI5MTQtNDIzOC1iY2MxLThkMTc2ZGY1MTZiM9gCAeACAQ&ucfs=1&arphpl=1&checkin=2026-10-13&checkout=2026-10-14&group_adults=2&req_adults=2&no_rooms=1&group_children=0&req_children=0&hpos=10&hapos=305&sr_order=popularity&srpvid=21039c9fdc8c0948&srepoch=1790633935&all_sr_blocks=48807714_94474004_2_42_0&highlighted_blocks=48807714_94474004_2_42_0&matching_block_id=48807714_94474004_2_42_0&sr_pri_blocks=48807714_94474004_2_42_0__36086&from_sustainable_property_sr=1&from=searchresults,"Kaya Great Northern Hotel, London",478,2026-10-13,2026-09-29T05:23:34.201207,https://www.booking.com/searchresults.html?ss=London&group_adults=2&no_rooms=1&group_children=0&checkin=2026-10-13&checkout=2026-10-14&selected_currency=USD&chal_t=1790633780949&force_referer=,great-northern-london,Camden,London,8.8,Excellent,1280
https://www.booking.com/hotel/gb/citizenm-tower-of-london-london.html?aid=304142&label=gen173nr-10CAQoggJCDXNlYXJjaF9sb25kb25IM1gEaPQBiAEBmAEzuAEXyAEM2AED6AEB-AEBiAIBqAIBuAK-zuvVBsACAdICJGFhMjY4NjU1LWI5MTQtNDIzOC1iY2MxLThkMTc2ZGY1MTZiM9gCAeACAQ&ucfs=1&arphpl=1&checkin=2026-10-13&checkout=2026-10-14&group_adults=2&req_adults=2&no_rooms=1&group_children=0&req_children=0&hpos=11&hapos=306&sr_order=popularity&srpvid=21039c9fdc8c0948&srepoch=1790633935&all_sr_blocks=186549107_92062967_0_2_0&highlighted_blocks=186549107_92062967_0_2_0&matching_block_id=186549107_92062967_0_2_0&sr_pri_blocks=186549107_92062967_0_2_0__38300&from=searchresults,citizenM Tower of London,507,2026-10-13,2026-09-29T05:23:34.289606,https://www.booking.com/searchresults.html?ss=London&group_adults=2&no_rooms=1&group_children=0&checkin=2026-10-13&checkout=2026-10-14&selected_currency=USD&chal_t=1790633780949&force_referer=,citizenm-tower-of-london-london,City of London,London,8.6,Excellent,8611
https://www.booking.com/hotel/gb/116950.html?aid=304142&label=gen173nr-10CAQoggJCDXNlYXJjaF9sb25kb25IM1gEaPQBiAEBmAEzuAEXyAEM2AED6AEB-AEBiAIBqAIBuAK-zuvVBsACAdICJGFhMjY4NjU1LWI5MTQtNDIzOC1iY2MxLThkMTc2ZGY1MTZiM9gCAeACAQ&ucfs=1&arphpl=1&checkin=2026-10-13&checkout=2026-10-14&group_adults=2&req_adults=2&no_rooms=1&group_children=0&req_children=0&hpos=12&hapos=307&sr_order=popularity&srpvid=21039c9fdc8c0948&srepoch=1790633935&all_sr_blocks=11695001_0_2_0_0&highlighted_blocks=11695001_0_2_0_0&matching_block_id=11695001_0_2_0_0&sr_pri_blocks=11695001_0_2_0_0__13165&from=searchresults,The Brompton Hotel,174,2026-10-13,2026-09-29T05:23:34.375301,https://www.booking.com/searchresults.html?ss=London&group_adults=2&no_rooms=1&group_children=0&checkin=2026-10-13&checkout=2026-10-14&selected_currency=USD&chal_t=1790633780949&force_referer=,116950,Kensington and Chelsea,London,7.3,Good,628
https://www.booking.com/hotel/gb/elmwood.html?aid=304142&label=gen173nr-10CAQoggJCDXNlYXJjaF9sb25kb25IM1gEaPQBiAEBmAEzuAEXyAEM2AED6AEB-AEBiAIBqAIBuAK-zuvVBsACAdICJGFhMjY4NjU1LWI5MTQtNDIzOC1iY2MxLThkMTc2ZGY1MTZiM9gCAeACAQ&ucfs=1&arphpl=1&checkin=2026-10-13&checkout=2026-10-14&group_adults=2&req_adults=2&no_rooms=1&group_children=0&req_children=0&hpos=13&hapos=308&sr_order=popularity&srpvid=21039c9fdc8c0948&srepoch=1790633935&all_sr_blocks=4855904_0_2_0_0&highlighted_blocks=4855904_0_2_0_0&matching_block_id=4855904_0_2_0_0&sr_pri_blocks=4855904_0_2_0_0__15695&from=searchresults,Elmwood Hotel,208,2026-10-13,2026-09-29T05:23:34.475228,https://www.booking.com/searchresults.html?ss=London&group_adults=2&no_rooms=1&group_children=0&checkin=2026-10-13&checkout=2026-10-14&selected_currency=USD&chal_t=1790633780949&force_referer=,elmwood,Camden,London,6.5,Average,2200
https://www.booking.com/hotel/gb/bridgehotel.html?aid=304142&label=gen173nr-10CAQoggJCDXNlYXJjaF9sb25kb25IM1gEaPQBiAEBmAEzuAEXyAEM2AED6AEB-AEBiAIBqAIBuAK-zuvVBsACAdICJGFhMjY4NjU1LWI5MTQtNDIzOC1iY2MxLThkMTc2ZGY1MTZiM9gCAeACAQ&ucfs=1&arphpl=1&checkin=2026-10-13&checkout=2026-10-14&group_adults=2&req_adults=2&no_rooms=1&group_children=0&req_children=0&hpos=14&hapos=309&sr_order=popularity&srpvid=21039c9fdc8c0948&srepoch=1790633935&all_sr_blocks=74463_88652168_0_1_0&highlighted_blocks=74463_88652168_0_1_0&matching_block_id=74463_88652168_0_1_0&sr_pri_blocks=74463_88652168_0_1_0__22263&from=searchresults,City London Hotel,295,2026-10-13,2026-09-29T05:23:34.598339,https://www.booking.com/searchresults.html?ss=London&group_adults=2&no_rooms=1&group_children=0&checkin=2026-10-13&checkout=2026-10-14&selected_currency=USD&chal_t=1790633780949&force_referer=,bridgehotel,Southwark,London,8.1,Very Good,2259
https://www.booking.com/hotel/gb/queensway-apartments-by-citystaylondon.html?aid=304142&label=gen173nr-10CAQoggJCDXNlYXJjaF9sb25kb25IM1gEaPQBiAEBmAEzuAEXyAEM2AED6AEB-AEBiAIBqAIBuAK-zuvVBsACAdICJGFhMjY4NjU1LWI5MTQtNDIzOC1iY2MxLThkMTc2ZGY1MTZiM9gCAeACAQ&ucfs=1&arphpl=1&checkin=2026-10-13&checkout=2026-10-14&group_adults=2&req_adults=2&no_rooms=1&group_children=0&req_children=0&hpos=15&hapos=310&sr_order=popularity&srpvid=21039c9fdc8c0948&srepoch=1790633935&all_sr_blocks=1563991601_427495758_6_0_0&highlighted_blocks=1563991601_427495758_6_0_0&matching_block_id=1563991601_427495758_6_0_0&sr_pri_blocks=1563991601_427495758_6_0_0__36754&from=searchresults,Queensway Apartments by Citystaylondon,487,2026-10-13,2026-09-29T05:23:34.691284,https://www.booking.com/searchresults.html?ss=London&group_adults=2&no_rooms=1&group_children=0&checkin=2026-10-13&checkout=2026-10-14&selected_currency=USD&chal_t=1790633780949&force_referer=,queensway-apartments-by-citystaylondon,Westminster Borough,London,8.5,Very Good,42
https://www.booking.com/hotel/gb/doubletree-by-hilton-angel-kings-cross.html?aid=304142&label=gen173nr-10CAQoggJCDXNlYXJjaF9sb25kb25IM1gEaPQBiAEBmAEzuAEXyAEM2AED6AEB-AEBiAIBqAIBuAK-zuvVBsACAdICJGFhMjY4NjU1LWI5MTQtNDIzOC1iY2MxLThkMTc2ZGY1MTZiM9gCAeACAQ&ucfs=1&arphpl=1&checkin=2026-10-13&checkout=2026-10-14&group_adults=2&req_adults=2&no_rooms=1&group_children=0&req_children=0&hpos=16&hapos=311&sr_order=popularity&srpvid=21039c9fdc8c0948&srepoch=1790633935&all_sr_blocks=3648932_95159053_2_42_0&highlighted_blocks=3648932_95159053_2_42_0&matching_block_id=3648932_95159053_2_42_0&sr_pri_blocks=3648932_95159053_2_42_0__35121&from=searchresults,DoubleTree by Hilton London Angel Kings Cross,465,2026-10-13,2026-09-29T05:23:34.784144,https://www.booking.com/searchresults.html?ss=London&group_adults=2&no_rooms=1&group_children=0&checkin=2026-10-13&checkout=2026-10-14&selected_currency=USD&chal_t=1790633780949&force_referer=,doubletree-by-hilton-angel-kings-cross,Islington,London,8.1,Very Good,4194
https://www.booking.com/hotel/gb/london-chigwell-best-western-signature-collection.html?aid=304142&label=gen173nr-10CAQoggJCDXNlYXJjaF9sb25kb25IM1gEaPQBiAEBmAEzuAEXyAEM2AED6AEB-AEBiAIBqAIBuAK-zuvVBsACAdICJGFhMjY4NjU1LWI5MTQtNDIzOC1iY2MxLThkMTc2ZGY1MTZiM9gCAeACAQ&ucfs=1&arphpl=1&checkin=2026-10-13&checkout=2026-10-14&group_adults=2&req_adults=2&no_rooms=1&group_children=0&req_children=0&hpos=17&hapos=312&sr_order=popularity&srpvid=21039c9fdc8c0948&srepoch=1790633935&all_sr_blocks=21721055_91466978_2_2_0&highlighted_blocks=21721055_91466978_2_2_0&matching_block_id=21721055_91466978_2_2_0&sr_pri_blocks=21721055_91466978_2_2_0__15210&from_sustainable_property_sr=1&from=searchresults,"London Chigwell Prince Regent Hotel, BW Signature Collection",202,2026-10-13,2026-09-29T05:23:34.860091,https://www.booking.com/searchresults.html?ss=London&group_adults=2&no_rooms=1&group_children=0&checkin=2026-10-13&checkout=2026-10-14&selected_currency=USD&chal_t=1790633780949&force_referer=,london-chigwell-best-western-signature-collection,Unknown,London,7.2,Good,1156
https://www.booking.com/hotel/gb/the-wolfpack-inn.html?aid=304142&label=gen173nr-10CAQoggJCDXNlYXJjaF9sb25kb25IM1gEaPQBiAEBmAEzuAEXyAEM2AED6AEB-AEBiAIBqAIBuAK-zuvVBsACAdICJGFhMjY4NjU1LWI5MTQtNDIzOC1iY2MxLThkMTc2ZGY1MTZiM9gCAeACAQ&ucfs=1&arphpl=1&checkin=2026-10-13&checkout=2026-10-14&group_adults=2&req_adults=2&no_rooms=1&group_children=0&req_children=0&hpos=18&hapos=313&sr_order=popularity&srpvid=21039c9fdc8c0948&srepoch=1790633935&all_sr_blocks=797674801_339969104_0_0_0&highlighted_blocks=797674801_339969104_0_0_0&matching_block_id=797674801_339969104_0_0_0&sr_pri_blocks=797674801_339969104_0_0_0__17010&from=searchresults,The Wolfpack Inn,225,2026-10-13,2026-09-29T05:23:34.952969,https://www.booking.com/searchresults.html?ss=London&group_adults=2&no_rooms=1&group_children=0&checkin=2026-10-13&checkout=2026-10-14&selected_currency=USD&chal_t=1790633780949&force_referer=,the-wolfpack-inn,Hammersmith and Fulham,London,7.8,Good,569
https://www.booking.com/hotel/gb/zedwell-knightsbridge-greater-london.html?aid=304142&label=gen173nr-10CAQoggJCDXNlYXJjaF9sb25kb25IM1gEaPQBiAEBmAEzuAEXyAEM2AED6AEB-AEBiAIBqAIBuAK-zuvVBsACAdICJGFhMjY4NjU1LWI5MTQtNDIzOC1iY2MxLThkMTc2ZGY1MTZiM9gCAeACAQ&ucfs=1&arphpl=1&checkin=2026-10-13&checkout=2026-10-14&group_adults=2&req_adults=2&no_rooms=1&group_children=0&req_children=0&hpos=19&hapos=314&sr_order=popularity&srpvid=21039c9fdc8c0948&srepoch=1790633935&all_sr_blocks=1327984402_405387352_2_0_0&highlighted_blocks=1327984402_405387352_2_0_0&matching_block_id=1327984402_405387352_2_0_0&sr_pri_blocks=1327984402_405387352_2_0_0__20048&from_sustainable_property_sr=1&from=searchresults,Zedwell Hotel Knightsbridge,266,2026-10-13,2026-09-29T05:23:35.054629,https://www.booking.com/searchresults.html?ss=London&group_adults=2&no_rooms=1&group_children=0&checkin=2026-10-13&checkout=2026-10-14&selected_currency=USD&chal_t=1790633780949&force_referer=,zedwell-knightsbridge-greater-london,Westminster Borough,London,7.7,Good,1015
https://www.booking.com/hotel/gb/four-stars.html?aid=304142&label=gen173nr-10CAQoggJCDXNlYXJjaF9sb25kb25IM1gEaPQBiAEBmAEzuAEXyAEM2AED6AEB-AEBiAIBqAIBuAK-zuvVBsACAdICJGFhMjY4NjU1LWI5MTQtNDIzOC1iY2MxLThkMTc2ZGY1MTZiM9gCAeACAQ&ucfs=1&arphpl=1&checkin=2026-10-13&checkout=2026-10-14&group_adults=2&req_adults=2&no_rooms=1&group_children=0&req_children=0&hpos=20&hapos=315&sr_order=popularity&srpvid=21039c9fdc8c0948&srepoch=1790633935&all_sr_blocks=330943801_414964651_2_0_0&highlighted_blocks=330943801_414964651_2_0_0&matching_block_id=330943801_414964651_2_0_0&sr_pri_blocks=330943801_414964651_2_0_0__7400&from=searchresults,Four Stars Hotel,98,2026-10-13,2026-09-29T05:23:35.125375,https://www.booking.com/searchresults.html?ss=London&group_adults=2&no_rooms=1&group_children=0&checkin=2026-10-13&checkout=2026-10-14&selected_currency=USD&chal_t=1790633780949&force_referer=,four-stars,Westminster Borough,London,4.9,Poor,1488
https://www.booking.com/hotel/gb/villas-apart.html?aid=304142&label=gen173nr-10CAQoggJCDXNlYXJjaF9sb25kb25IM1gEaPQBiAEBmAEzuAEXyAEM2AED6AEB-AEBiAIBqAIBuAK-zuvVBsACAdICJGFhMjY4NjU1LWI5MTQtNDIzOC1iY2MxLThkMTc2ZGY1MTZiM9gCAeACAQ&ucfs=1&arphpl=1&checkin=2026-10-13&checkout=2026-10-14&group_adults=2&req_adults=2&no_rooms=1&group_children=0&req_children=0&hpos=1&hapos=316&sr_order=popularity&srpvid=21039c9fdc8c0948&srepoch=1790633942&all_sr_blocks=1457375104_419530266_0_2_0&highlighted_blocks=1457375104_419530266_0_2_0&matching_block_id=1457375104_419530266_0_2_0&sr_pri_blocks=1457375104_419530266_0_2_0__23226&from=searchresults,Villas Apart Hotel,308,2026-10-13,2026-09-29T05:23:35.198243,https://www.booking.com/searchresults.html?ss=London&group_adults=2&no_rooms=1&group_children=0&checkin=2026-10-13&checkout=2026-10-14&selected_currency=USD&chal_t=1790633780949&force_referer=,villas-apart,Islington,London,8.5,Very Good,270
https://www.booking.com/hotel/gb/ibis-styles-london-gloucester-road.html?aid=304142&label=gen173nr-10CAQoggJCDXNlYXJjaF9sb25kb25IM1gEaPQBiAEBmAEzuAEXyAEM2AED6AEB-AEBiAIBqAIBuAK-zuvVBsACAdICJGFhMjY4NjU1LWI5MTQtNDIzOC1iY2MxLThkMTc2ZGY1MTZiM9gCAeACAQ&ucfs=1&arphpl=1&checkin=2026-10-13&checkout=2026-10-14&group_adults=2&req_adults=2&no_rooms=1&group_children=0&req_children=0&hpos=2&hapos=317&sr_order=popularity&srpvid=21039c9fdc8c0948&srepoch=1790633942&all_sr_blocks=3498109_95156255_2_2_0&highlighted_blocks=3498109_95156255_2_2_0&matching_block_id=3498109_95156255_2_2_0&sr_pri_blocks=3498109_95156255_2_2_0__25900&from_sustainable_property_sr=1&from=searchresults,ibis Styles London Gloucester Road,343,2026-10-13,2026-09-29T05:23:35.274524,https://www.booking.com/searchresults.html?ss=London&group_adults=2&no_rooms=1&group_children=0&checkin=2026-10-13&checkout=2026-10-14&selected_currency=USD&chal_t=1790633780949&force_referer=,ibis-styles-london-gloucester-road,Kensington and Chelsea,London,8.2,Very Good,2396
https://www.booking.com/hotel/gb/moonlight.html?aid=304142&label=gen173nr-10CAQoggJCDXNlYXJjaF9sb25kb25IM1gEaPQBiAEBmAEzuAEXyAEM2AED6AEB-AEBiAIBqAIBuAK-zuvVBsACAdICJGFhMjY4NjU1LWI5MTQtNDIzOC1iY2MxLThkMTc2ZGY1MTZiM9gCAeACAQ&ucfs=1&arphpl=1&checkin=2026-10-13&checkout=2026-10-14&group_adults=2&req_adults=2&no_rooms=1&group_children=0&req_children=0&hpos=3&hapos=318&sr_order=popularity&srpvid=21039c9fdc8c0948&srepoch=1790633942&all_sr_blocks=184254004_91745261_0_0_0&highlighted_blocks=184254004_91745261_0_0_0&matching_block_id=184254004_91745261_0_0_0&sr_pri_blocks=184254004_91745261_0_0_0__20649&from=searchresults,The Prime London Hotel,274,2026-10-13,2026-09-29T05:23:35.354450,https://www.booking.com/searchresults.html?ss=London&group_adults=2&no_rooms=1&group_children=0&checkin=2026-10-13&checkout=2026-10-14&selected_currency=USD&chal_t=1790633780949&force_referer=,moonlight,Kensington and Chelsea,London,8.1,Very Good,2046
https://www.booking.com/hotel/gb/bakery-house-by-nestor.html?aid=304142&label=gen173nr-10CAQoggJCDXNlYXJjaF9sb25kb25IM1gEaPQBiAEBmAEzuAEXyAEM2AED6AEB-AEBiAIBqAIBuAK-zuvVBsACAdICJGFhMjY4NjU1LWI5MTQtNDIzOC1iY2MxLThkMTc2ZGY1MTZiM9gCAeACAQ&ucfs=1&arphpl=1&checkin=2026-10-13&checkout=2026-10-14&group_adults=2&req_adults=2&no_rooms=1&group_children=0&req_children=0&hpos=4&hapos=319&sr_order=popularity&srpvid=21039c9fdc8c0948&srepoch=1790633942&all_sr_blocks=1412271101_444376553_2_0_0&highlighted_blocks=1412271101_444376553_2_0_0&matching_block_id=1412271101_444376553_2_0_0&sr_pri_blocks=1412271101_444376553_2_0_0__23317&from=searchresults,Bakery House by Nestor,309,2026-10-13,2026-09-29T05:23:35.458537,https://www.booking.com/searchresults.html?ss=London&group_adults=2&no_rooms=1&group_children=0&checkin=2026-10-13&checkout=2026-10-14&selected_currency=USD&chal_t=1790633780949&force_referer=,bakery-house-by-nestor,Hammersmith and Fulham,London,7.4,Good,130
https://www.booking.com/hotel/gb/portobello-london.html?aid=304142&label=gen173nr-10CAQoggJCDXNlYXJjaF9sb25kb25IM1gEaPQBiAEBmAEzuAEXyAEM2AED6AEB-AEBiAIBqAIBuAK-zuvVBsACAdICJGFhMjY4NjU1LWI5MTQtNDIzOC1iY2MxLThkMTc2ZGY1MTZiM9gCAeACAQ&ucfs=1&arphpl=1&checkin=2026-10-13&checkout=2026-10-14&group_adults=2&req_adults=2&no_rooms=1&group_children=0&req_children=0&hpos=5&hapos=320&sr_order=popularity&srpvid=21039c9fdc8c0948&srepoch=1790633942&all_sr_blocks=29035102_418101694_2_2_0&highlighted_blocks=29035102_418101694_2_2_0&matching_block_id=29035102_418101694_2_2_0&sr_pri_blocks=29035102_418101694_2_2_0__39270&from=searchresults,The Portobello Hotel,520,2026-10-13,2026-09-29T05:23:35.537662,https://www.booking.com/searchresults.html?ss=London&group_adults=2&no_rooms=1&group_children=0&checkin=2026-10-13&checkout=2026-10-14&selected_currency=USD&chal_t=1790633780949&force_referer=,portobello-london,Kensington and Chelsea,London,8.7,Excellent,355
https://www.booking.com/hotel/gb/premier-by-eurotraveller.html?aid=304142&label=gen173nr-10CAQoggJCDXNlYXJjaF9sb25kb25IM1gEaPQBiAEBmAEzuAEXyAEM2AED6AEB-AEBiAIBqAIBuAK-zuvVBsACAdICJGFhMjY4NjU1LWI5MTQtNDIzOC1iY2MxLThkMTc2ZGY1MTZiM9gCAeACAQ&ucfs=1&arphpl=1&checkin=2026-10-13&checkout=2026-10-14&group_adults=2&req_adults=2&no_rooms=1&group_children=0&req_children=0&hpos=6&hapos=321&sr_order=popularity&srpvid=21039c9fdc8c0948&srepoch=1790633942&all_sr_blocks=3527904_89673390_0_2_0&highlighted_blocks=3527904_89673390_0_2_0&matching_block_id=3527904_89673390_0_2_0&sr_pri_blocks=3527904_89673390_0_2_0__19522&from=searchresults,Eurotraveller Hotel - Premier - Tower Bridge,259,2026-10-13,2026-09-29T05:23:35.610305,https://www.booking.com/searchresults.html?ss=London&group_adults=2&no_rooms=1&group_children=0&checkin=2026-10-13&checkout=2026-10-14&selected_currency=USD&chal_t=1790633780949&force_referer=,premier-by-eurotraveller,Southwark,London,8.2,Very Good,4084
https://www.booking.com/hotel/gb/london-gatwick-inn.html?aid=304142&label=gen173nr-10CAQoggJCDXNlYXJjaF9sb25kb25IM1gEaPQBiAEBmAEzuAEXyAEM2AED6AEB-AEBiAIBqAIBuAK-zuvVBsACAdICJGFhMjY4NjU1LWI5MTQtNDIzOC1iY2MxLThkMTc2ZGY1MTZiM9gCAeACAQ&ucfs=1&arphpl=1&checkin=2026-10-13&checkout=2026-10-14&group_adults=2&req_adults=2&no_rooms=1&group_children=0&req_children=0&hpos=7&hapos=322&sr_order=popularity&srpvid=21039c9fdc8c0948&srepoch=1790633942&all_sr_blocks=1315766909_0_2_0_0&highlighted_blocks=1315766909_0_2_0_0&matching_block_id=1315766909_0_2_0_0&sr_pri_blocks=1315766909_0_2_0_0__9532&from=searchresults,London Gatwick Inn,126,2026-10-13,2026-09-29T05:23:35.686401,https://www.booking.com/searchresults.html?ss=London&group_adults=2&no_rooms=1&group_children=0&checkin=2026-10-13&checkout=2026-10-14&selected_currency=USD&chal_t=1790633780949&force_referer=,london-gatwick-inn,Unknown,London,8.0,Very Good,445
https://www.booking.com/hotel/gb/urban-retreat-near-the-thames.html?aid=304142&label=gen173nr-10CAQoggJCDXNlYXJjaF9sb25kb25IM1gEaPQBiAEBmAEzuAEXyAEM2AED6AEB-AEBiAIBqAIBuAK-zuvVBsACAdICJGFhMjY4NjU1LWI5MTQtNDIzOC1iY2MxLThkMTc2ZGY1MTZiM9gCAeACAQ&ucfs=1&arphpl=1&checkin=2026-10-13&checkout=2026-10-14&group_adults=2&req_adults=2&no_rooms=1&group_children=0&req_children=0&hpos=8&hapos=323&sr_order=popularity&srpvid=21039c9fdc8c0948&srepoch=1790633942&all_sr_blocks=1348602101_407198647_6_0_0&highlighted_blocks=1348602101_407198647_6_0_0&matching_block_id=1348602101_407198647_6_0_0&sr_pri_blocks=1348602101_407198647_6_0_0__39270&from=searchresults,Luxury 3-BR near Tower Bridge Family & Business Ready,520,2026-10-13,2026-09-29T05:23:35.756305,https://www.booking.com/searchresults.html?ss=London&group_adults=2&no_rooms=1&group_children=0&checkin=2026-10-13&checkout=2026-10-14&selected_currency=USD&chal_t=1790633780949&force_referer=,urban-retreat-near-the-thames,Southwark,London,9.1,Wonderful,47
https://www.booking.com/hotel/gb/president.html?aid=304142&label=gen173nr-10CAQoggJCDXNlYXJjaF9sb25kb25IM1gEaPQBiAEBmAEzuAEXyAEM2AED6AEB-AEBiAIBqAIBuAK-zuvVBsACAdICJGFhMjY4NjU1LWI5MTQtNDIzOC1iY2MxLThkMTc2ZGY1MTZiM9gCAeACAQ&ucfs=1&arphpl=1&checkin=2026-10-13&checkout=2026-10-14&group_adults=2&req_adults=2&no_rooms=1&group_children=0&req_children=0&hpos=9&hapos=324&sr_order=popularity&srpvid=21039c9fdc8c0948&srepoch=1790633942&all_sr_blocks=911184802_362402170_2_2_0&highlighted_blocks=911184802_362402170_2_2_0&matching_block_id=911184802_362402170_2_2_0&sr_pri_blocks=911184802_362402170_2_2_0__26460&from_sustainable_property_sr=1&from=searchresults,President Hotel,351,2026-10-13,2026-09-29T05:23:35.833771,https://www.booking.com/searchresults.html?ss=London&group_adults=2&no_rooms=1&group_children=0&checkin=2026-10-13&checkout=2026-10-14&selected_currency=USD&chal_t=1790633780949&force_referer=,president,Camden,London,8.0,Very Good,9033
https://www.booking.com/hotel/gb/jarvis-ealing.html?aid=304142&label=gen173nr-10CAQoggJCDXNlYXJjaF9sb25kb25IM1gEaPQBiAEBmAEzuAEXyAEM2AED6AEB-AEBiAIBqAIBuAK-zuvVBsACAdICJGFhMjY4NjU1LWI5MTQtNDIzOC1iY2MxLThkMTc2ZGY1MTZiM9gCAeACAQ&ucfs=1&arphpl=1&checkin=2026-10-13&checkout=2026-10-14&group_adults=2&req_adults=2&no_rooms=1&group_children=0&req_children=0&hpos=10&hapos=325&sr_order=popularity&srpvid=21039c9fdc8c0948&srepoch=1790633942&all_sr_blocks=6836_91296629_2_42_0&highlighted_blocks=6836_91296629_2_42_0&matching_block_id=6836_91296629_2_42_0&sr_pri_blocks=6836_91296629_2_42_0__21068&from_sustainable_property_sr=1&from=searchresults,DoubleTree by Hilton London Ealing,279,2026-10-13,2026-09-29T05:23:35.906553,https://www.booking.com/searchresults.html?ss=London&group_adults=2&no_rooms=1&group_children=0&checkin=2026-10-13&checkout=2026-10-14&selected_currency=USD&chal_t=1790633780949&force_referer=,jarvis-ealing,Ealing,London,8.2,Very Good,1604
https://www.booking.com/hotel/gb/the-bloomsbury.html?aid=304142&label=gen173nr-10CAQoggJCDXNlYXJjaF9sb25kb25IM1gEaPQBiAEBmAEzuAEXyAEM2AED6AEB-AEBiAIBqAIBuAK-zuvVBsACAdICJGFhMjY4NjU1LWI5MTQtNDIzOC1iY2MxLThkMTc2ZGY1MTZiM9gCAeACAQ&ucfs=1&arphpl=1&checkin=2026-10-13&checkout=2026-10-14&group_adults=2&req_adults=2&no_rooms=1&group_children=0&req_children=0&hpos=11&hapos=326&sr_order=popularity&srpvid=21039c9fdc8c0948&srepoch=1790633942&all_sr_blocks=3629005_95158722_2_2_0&highlighted_blocks=3629005_95158722_2_2_0&matching_block_id=3629005_95158722_2_2_0&sr_pri_blocks=3629005_95158722_2_2_0__49500&from_sustainable_property_sr=1&from=searchresults,The Bloomsbury Hotel,656,2026-10-13,2026-09-29T05:23:35.991160,https://www.booking.com/searchresults.html?ss=London&group_adults=2&no_rooms=1&group_children=0&checkin=2026-10-13&checkout=2026-10-14&selected_currency=USD&chal_t=1790633780949&force_referer=,the-bloomsbury,Camden,London,8.9,Excellent,914
https://www.booking.com/hotel/gb/goodenough-club.html?aid=304142&label=gen173nr-10CAQoggJCDXNlYXJjaF9sb25kb25IM1gEaPQBiAEBmAEzuAEXyAEM2AED6AEB-AEBiAIBqAIBuAK-zuvVBsACAdICJGFhMjY4NjU1LWI5MTQtNDIzOC1iY2MxLThkMTc2ZGY1MTZiM9gCAeACAQ&ucfs=1&arphpl=1&checkin=2026-10-13&checkout=2026-10-14&group_adults=2&req_adults=2&no_rooms=1&group_children=0&req_children=0&hpos=12&hapos=327&sr_order=popularity&srpvid=21039c9fdc8c0948&srepoch=1790633942&all_sr_blocks=4391043_0_2_0_0&highlighted_blocks=4391043_0_2_0_0&matching_block_id=4391043_0_2_0_0&sr_pri_blocks=4391043_0_2_0_0__33488&from=searchresults,The Goodenough Hotel London,444,2026-10-13,2026-09-29T05:23:36.073185,https://www.booking.com/searchresults.html?ss=London&group_adults=2&no_rooms=1&group_children=0&checkin=2026-10-13&checkout=2026-10-14&selected_currency=USD&chal_t=1790633780949&force_referer=,goodenough-club,Camden,London,8.1,Very Good,2670
https://www.booking.com/hotel/gb/victoria-studios.html?aid=304142&label=gen173nr-10CAQoggJCDXNlYXJjaF9sb25kb25IM1gEaPQBiAEBmAEzuAEXyAEM2AED6AEB-AEBiAIBqAIBuAK-zuvVBsACAdICJGFhMjY4NjU1LWI5MTQtNDIzOC1iY2MxLThkMTc2ZGY1MTZiM9gCAeACAQ&ucfs=1&arphpl=1&checkin=2026-10-13&checkout=2026-10-14&group_adults=2&req_adults=2&no_rooms=1&group_children=0&req_children=0&hpos=13&hapos=328&sr_order=popularity&srpvid=21039c9fdc8c0948&srepoch=1790633942&all_sr_blocks=881144901_357357917_2_0_0&highlighted_blocks=881144901_357357917_2_0_0&matching_block_id=881144901_357357917_2_0_0&sr_pri_blocks=881144901_357357917_2_0_0__8010&from=searchresults,Victoria Studios,106,2026-10-13,2026-09-29T05:23:36.188841,https://www.booking.com/searchresults.html?ss=London&group_adults=2&no_rooms=1&group_children=0&checkin=2026-10-13&checkout=2026-10-14&selected_currency=USD&chal_t=1790633780949&force_referer=,victoria-studios,Brent,London,7.3,Good,3011
https://www.booking.com/hotel/gb/stamford-bridge-hotel-london.html?aid=304142&label=gen173nr-10CAQoggJCDXNlYXJjaF9sb25kb25IM1gEaPQBiAEBmAEzuAEXyAEM2AED6AEB-AEBiAIBqAIBuAK-zuvVBsACAdICJGFhMjY4NjU1LWI5MTQtNDIzOC1iY2MxLThkMTc2ZGY1MTZiM9gCAeACAQ&ucfs=1&arphpl=1&checkin=2026-10-13&checkout=2026-10-14&group_adults=2&req_adults=2&no_rooms=1&group_children=0&req_children=0&hpos=14&hapos=329&sr_order=popularity&srpvid=21039c9fdc8c0948&srepoch=1790633942&all_sr_blocks=11626728_99043268_2_2_0&highlighted_blocks=11626728_99043268_2_2_0&matching_block_id=11626728_99043268_2_2_0&sr_pri_blocks=11626728_99043268_2_2_0__24210&from_sustainable_property_sr=1&from=searchresults,Stamford Bridge Hotel London,321,2026-10-13,2026-09-29T05:23:36.261998,https://www.booking.com/searchresults.html?ss=London&group_adults=2&no_rooms=1&group_children=0&checkin=2026-10-13&checkout=2026-10-14&selected_currency=USD&chal_t=1790633780949&force_referer=,stamford-bridge-hotel-london,Hammersmith and Fulham,London,7.8,Good,5738
https://www.booking.com/hotel/gb/stylish-1br-flat-near-canary-wharf-free-parking.html?aid=304142&label=gen173nr-10CAQoggJCDXNlYXJjaF9sb25kb25IM1gEaPQBiAEBmAEzuAEXyAEM2AED6AEB-AEBiAIBqAIBuAK-zuvVBsACAdICJGFhMjY4NjU1LWI5MTQtNDIzOC1iY2MxLThkMTc2ZGY1MTZiM9gCAeACAQ&ucfs=1&arphpl=1&checkin=2026-10-13&checkout=2026-10-14&group_adults=2&req_adults=2&no_rooms=1&group_children=0&req_children=0&hpos=15&hapos=330&sr_order=popularity&srpvid=21039c9fdc8c0948&srepoch=1790633942&all_sr_blocks=1638695901_434164691_2_0_0&highlighted_blocks=1638695901_434164691_2_0_0&matching_block_id=1638695901_434164691_2_0_0&sr_pri_blocks=1638695901_434164691_2_0_0__14108&from=searchresults,Stylish 1BR Flat Close to Canary Wharf,187,2026-10-13,2026-09-29T05:23:36.334842,https://www.booking.com/searchresults.html?ss=London&group_adults=2&no_rooms=1&group_children=0&checkin=2026-10-13&checkout=2026-10-14&selected_currency=USD&chal_t=1790633780949&force_referer=,stylish-1br-flat-near-canary-wharf-free-parking,Tower Hamlets,London,9.7,Exceptional,3
https://www.booking.com/hotel/gb/hotellily.html?aid=304142&label=gen173nr-10CAQoggJCDXNlYXJjaF9sb25kb25IM1gEaPQBiAEBmAEzuAEXyAEM2AED6AEB-AEBiAIBqAIBuAK-zuvVBsACAdICJGFhMjY4NjU1LWI5MTQtNDIzOC1iY2MxLThkMTc2ZGY1MTZiM9gCAeACAQ&ucfs=1&arphpl=1&checkin=2026-10-13&checkout=2026-10-14&group_adults=2&req_adults=2&no_rooms=1&group_children=0&req_children=0&hpos=16&hapos=331&sr_order=popularity&srpvid=21039c9fdc8c0948&srepoch=1790633942&all_sr_blocks=4175705_0_2_0_0&highlighted_blocks=4175705_0_2_0_0&matching_block_id=4175705_0_2_0_0&sr_pri_blocks=4175705_0_2_0_0__7022&from=searchresults,Hotel Lily,93,2026-10-13,2026-09-29T05:23:36.416505,https://www.booking.com/searchresults.html?ss=London&group_adults=2&no_rooms=1&group_children=0&checkin=2026-10-13&checkout=2026-10-14&selected_currency=USD&chal_t=1790633780949&force_referer=,hotellily,Hammersmith and Fulham,London,4.3,Poor,3281
https://www.booking.com/hotel/gb/luxury-en-suite-w-balcony.html?aid=304142&label=gen173nr-10CAQoggJCDXNlYXJjaF9sb25kb25IM1gEaPQBiAEBmAEzuAEXyAEM2AED6AEB-AEBiAIBqAIBuAK-zuvVBsACAdICJGFhMjY4NjU1LWI5MTQtNDIzOC1iY2MxLThkMTc2ZGY1MTZiM9gCAeACAQ&ucfs=1&arphpl=1&checkin=2026-10-13&checkout=2026-10-14&group_adults=2&req_adults=2&no_rooms=1&group_children=0&req_children=0&hpos=17&hapos=332&sr_order=popularity&srpvid=21039c9fdc8c0948&srepoch=1790633942&all_sr_blocks=1675213602_439267646_2_0_0&highlighted_blocks=1675213602_439267646_2_0_0&matching_block_id=1675213602_439267646_2_0_0&sr_pri_blocks=1675213602_439267646_2_0_0__21600&from=searchresults,Suites and Apartments,286,2026-10-13,2026-09-29T05:23:36.501895,https://www.booking.com/searchresults.html?ss=London&group_adults=2&no_rooms=1&group_children=0&checkin=2026-10-13&checkout=2026-10-14&selected_currency=USD&chal_t=1790633780949&force_referer=,luxury-en-suite-w-balcony,Newham,London,8.3,Very Good,28
https://www.booking.com/hotel/gb/marylebone-apartments-greater-london2.html?aid=304142&label=gen173nr-10CAQoggJCDXNlYXJjaF9sb25kb25IM1gEaPQBiAEBmAEzuAEXyAEM2AED6AEB-AEBiAIBqAIBuAK-zuvVBsACAdICJGFhMjY4NjU1LWI5MTQtNDIzOC1iY2MxLThkMTc2ZGY1MTZiM9gCAeACAQ&ucfs=1&arphpl=1&checkin=2026-10-13&checkout=2026-10-14&group_adults=2&req_adults=2&no_rooms=1&group_children=0&req_children=0&hpos=18&hapos=333&sr_order=popularity&srpvid=21039c9fdc8c0948&srepoch=1790633942&all_sr_blocks=1261094502_398726875_0_0_0&highlighted_blocks=1261094502_398726875_0_0_0&matching_block_id=1261094502_398726875_0_0_0&sr_pri_blocks=1261094502_398726875_0_0_0__29133&from=searchresults,Marylebone by Excel Apartments,386,2026-10-13,2026-09-29T05:23:36.582841,https://www.booking.com/searchresults.html?ss=London&group_adults=2&no_rooms=1&group_children=0&checkin=2026-10-13&checkout=2026-10-14&selected_currency=USD&chal_t=1790633780949&force_referer=,marylebone-apartments-greater-london2,Westminster Borough,London,7.0,Good,342
https://www.booking.com/hotel/gb/hoteloliver.html?aid=304142&label=gen173nr-10CAQoggJCDXNlYXJjaF9sb25kb25IM1gEaPQBiAEBmAEzuAEXyAEM2AED6AEB-AEBiAIBqAIBuAK-zuvVBsACAdICJGFhMjY4NjU1LWI5MTQtNDIzOC1iY2MxLThkMTc2ZGY1MTZiM9gCAeACAQ&ucfs=1&arphpl=1&checkin=2026-10-13&checkout=2026-10-14&group_adults=2&req_adults=2&no_rooms=1&group_children=0&req_children=0&hpos=19&hapos=334&sr_order=popularity&srpvid=21039c9fdc8c0948&srepoch=1790633942&all_sr_blocks=4613_91909296_0_0_0&highlighted_blocks=4613_91909296_0_0_0&matching_block_id=4613_91909296_0_0_0&sr_pri_blocks=4613_91909296_0_0_0__13200&from=searchresults,"Hotel Oliver, 198 Cromwell Road SW50SN",175,2026-10-13,2026-09-29T05:23:36.682026,https://www.booking.com/searchresults.html?ss=London&group_adults=2&no_rooms=1&group_children=0&checkin=2026-10-13&checkout=2026-10-14&selected_currency=USD&chal_t=1790633780949&force_referer=,hoteloliver,Kensington and Chelsea,London,7.1,Good,1564
https://www.booking.com/hotel/gb/holiday-lets-london-iffley-5.html?aid=304142&label=gen173nr-10CAQoggJCDXNlYXJjaF9sb25kb25IM1gEaPQBiAEBmAEzuAEXyAEM2AED6AEB-AEBiAIBqAIBuAK-zuvVBsACAdICJGFhMjY4NjU1LWI5MTQtNDIzOC1iY2MxLThkMTc2ZGY1MTZiM9gCAeACAQ&ucfs=1&arphpl=1&checkin=2026-10-13&checkout=2026-10-14&group_adults=2&req_adults=2&no_rooms=1&group_children=0&req_children=0&hpos=20&hapos=335&sr_order=popularity&srpvid=21039c9fdc8c0948&srepoch=1790633942&all_sr_blocks=976131702_369969992_0_0_0&highlighted_blocks=976131702_369969992_0_0_0&matching_block_id=976131702_369969992_0_0_0&sr_pri_blocks=976131702_369969992_0_0_0__6570&from=searchresults,Holiday Lets London 5,87,2026-10-13,2026-09-29T05:23:36.803014,https://www.booking.com/searchresults.html?ss=London&group_adults=2&no_rooms=1&group_children=0&checkin=2026-10-13&checkout=2026-10-14&selected_currency=USD&chal_t=1790633780949&force_referer=,holiday-lets-london-iffley-5,Hammersmith and Fulham,London,8.5,Very Good,60
https://www.booking.com/hotel/gb/zedwell-greenwich.html?aid=304142&label=gen173nr-10CAQoggJCDXNlYXJjaF9sb25kb25IM1gEaPQBiAEBmAEzuAEXyAEM2AED6AEB-AEBiAIBqAIBuAK-zuvVBsACAdICJGFhMjY4NjU1LWI5MTQtNDIzOC1iY2MxLThkMTc2ZGY1MTZiM9gCAeACAQ&ucfs=1&arphpl=1&checkin=2026-10-13&checkout=2026-10-14&group_adults=2&req_adults=2&no_rooms=1&group_children=0&req_children=0&hpos=1&hapos=336&sr_order=popularity&srpvid=21039c9fdc8c0948&srepoch=1790633957&all_sr_blocks=1055782303_0_2_0_0&highlighted_blocks=1055782303_0_2_0_0&matching_block_id=1055782303_0_2_0_0&sr_pri_blocks=1055782303_0_2_0_0__10676&from_sustainable_property_sr=1&from=searchresults,Zedwell Hotel Greenwich,141,2026-10-13,2026-09-29T05:23:36.921677,https://www.booking.com/searchresults.html?ss=London&group_adults=2&no_rooms=1&group_children=0&checkin=2026-10-13&checkout=2026-10-14&selected_currency=USD&chal_t=1790633780949&force_referer=,zedwell-greenwich,Greenwich,London,7.4,Good,4856
https://www.booking.com/hotel/gb/renovated-flat-near-finsbury-park-manor-house.html?aid=304142&label=gen173nr-10CAQoggJCDXNlYXJjaF9sb25kb25IM1gEaPQBiAEBmAEzuAEXyAEM2AED6AEB-AEBiAIBqAIBuAK-zuvVBsACAdICJGFhMjY4NjU1LWI5MTQtNDIzOC1iY2MxLThkMTc2ZGY1MTZiM9gCAeACAQ&ucfs=1&arphpl=1&checkin=2026-10-13&checkout=2026-10-14&group_adults=2&req_adults=2&no_rooms=1&group_children=0&req_children=0&hpos=2&hapos=337&sr_order=popularity&srpvid=21039c9fdc8c0948&srepoch=1790633957&all_sr_blocks=1221842601_396322840_5_0_0&highlighted_blocks=1221842601_396322840_5_0_0&matching_block_id=1221842601_396322840_5_0_0&sr_pri_blocks=1221842601_396322840_5_0_0__9488&from=searchresults,Stylish 1 Bedroom Flat - 5 Guest London- F1,126,2026-10-13,2026-09-29T05:23:37.138136,https://www.booking.com/searchresults.html?ss=London&group_adults=2&no_rooms=1&group_children=0&checkin=2026-10-13&checkout=2026-10-14&selected_currency=USD&chal_t=1790633780949&force_referer=,renovated-flat-near-finsbury-park-manor-house,Unknown,London,8.5,Very Good,93
https://www.booking.com/hotel/gb/limehome-london-queen-victoria-street.html?aid=304142&label=gen173nr-10CAQoggJCDXNlYXJjaF9sb25kb25IM1gEaPQBiAEBmAEzuAEXyAEM2AED6AEB-AEBiAIBqAIBuAK-zuvVBsACAdICJGFhMjY4NjU1LWI5MTQtNDIzOC1iY2MxLThkMTc2ZGY1MTZiM9gCAeACAQ&ucfs=1&arphpl=1&checkin=2026-10-13&checkout=2026-10-14&group_adults=2&req_adults=2&no_rooms=1&group_children=0&req_children=0&hpos=3&hapos=338&sr_order=popularity&srpvid=21039c9fdc8c0948&srepoch=1790633957&all_sr_blocks=1626223102_433304237_2_0_0&highlighted_blocks=1626223102_433304237_2_0_0&matching_block_id=1626223102_433304237_2_0_0&sr_pri_blocks=1626223102_433304237_2_0_0__36540&from=searchresults,Limehome London St Paul's,484,2026-10-13,2026-09-29T05:23:37.275813,https://www.booking.com/searchresults.html?ss=London&group_adults=2&no_rooms=1&group_children=0&checkin=2026-10-13&checkout=2026-10-14&selected_currency=USD&chal_t=1790633780949&force_referer=,limehome-london-queen-victoria-street,City of London,London,7.7,Good,68
https://www.booking.com/hotel/gb/indigo-london-kensington-earl-s-court.html?aid=304142&label=gen173nr-10CAQoggJCDXNlYXJjaF9sb25kb25IM1gEaPQBiAEBmAEzuAEXyAEM2AED6AEB-AEBiAIBqAIBuAK-zuvVBsACAdICJGFhMjY4NjU1LWI5MTQtNDIzOC1iY2MxLThkMTc2ZGY1MTZiM9gCAeACAQ&ucfs=1&arphpl=1&checkin=2026-10-13&checkout=2026-10-14&group_adults=2&req_adults=2&no_rooms=1&group_children=0&req_children=0&hpos=4&hapos=339&sr_order=popularity&srpvid=21039c9fdc8c0948&srepoch=1790633957&all_sr_blocks=44379906_102727326_2_1_0&highlighted_blocks=44379906_102727326_2_1_0&matching_block_id=44379906_102727326_2_1_0&sr_pri_blocks=44379906_102727326_2_1_0__28600&from_sustainable_property_sr=1&from=searchresults,Hotel Indigo London - Kensington by IHG,379,2026-10-13,2026-09-29T05:23:37.441357,https://www.booking.com/searchresults.html?ss=London&group_adults=2&no_rooms=1&group_children=0&checkin=2026-10-13&checkout=2026-10-14&selected_currency=USD&chal_t=1790633780949&force_referer=,indigo-london-kensington-earl-s-court,Kensington and Chelsea,London,8.2,Very Good,1368
https://www.booking.com/hotel/gb/elyseehotel.html?aid=304142&label=gen173nr-10CAQoggJCDXNlYXJjaF9sb25kb25IM1gEaPQBiAEBmAEzuAEXyAEM2AED6AEB-AEBiAIBqAIBuAK-zuvVBsACAdICJGFhMjY4NjU1LWI5MTQtNDIzOC1iY2MxLThkMTc2ZGY1MTZiM9gCAeACAQ&ucfs=1&arphpl=1&checkin=2026-10-13&checkout=2026-10-14&group_adults=2&req_adults=2&no_rooms=1&group_children=0&req_children=0&hpos=5&hapos=340&sr_order=popularity&srpvid=21039c9fdc8c0948&srepoch=1790633957&all_sr_blocks=11215109_0_2_0_0&highlighted_blocks=11215109_0_2_0_0&matching_block_id=11215109_0_2_0_0&sr_pri_blocks=11215109_0_2_0_0__18087&from=searchresults,Elysee Hyde Park,240,2026-10-13,2026-09-29T05:23:37.599348,https://www.booking.com/searchresults.html?ss=London&group_adults=2&no_rooms=1&group_children=0&checkin=2026-10-13&checkout=2026-10-14&selected_currency=USD&chal_t=1790633780949&force_referer=,elyseehotel,Westminster Borough,London,7.9,Good,3625
https://www.booking.com/hotel/gb/the-exhibitionist.html?aid=304142&label=gen173nr-10CAQoggJCDXNlYXJjaF9sb25kb25IM1gEaPQBiAEBmAEzuAEXyAEM2AED6AEB-AEBiAIBqAIBuAK-zuvVBsACAdICJGFhMjY4NjU1LWI5MTQtNDIzOC1iY2MxLThkMTc2ZGY1MTZiM9gCAeACAQ&ucfs=1&arphpl=1&checkin=2026-10-13&checkout=2026-10-14&group_adults=2&req_adults=2&no_rooms=1&group_children=0&req_children=0&hpos=6&hapos=341&sr_order=popularity&srpvid=21039c9fdc8c0948&srepoch=1790633957&all_sr_blocks=12307814_110876071_0_2_0&highlighted_blocks=12307814_110876071_0_2_0&matching_block_id=12307814_110876071_0_2_0&sr_pri_blocks=12307814_110876071_0_2_0__37900&from=searchresults,The Exhibitionist Hotel,502,2026-10-13,2026-09-29T05:23:37.758015,https://www.booking.com/searchresults.html?ss=London&group_adults=2&no_rooms=1&group_children=0&checkin=2026-10-13&checkout=2026-10-14&selected_currency=USD&chal_t=1790633780949&force_referer=,the-exhibitionist,Kensington and Chelsea,London,8.4,Very Good,2889
https://www.booking.com/hotel/gb/westferry-deluxe-three-bedroom-apartment-with-patio.html?aid=304142&label=gen173nr-10CAQoggJCDXNlYXJjaF9sb25kb25IM1gEaPQBiAEBmAEzuAEXyAEM2AED6AEB-AEBiAIBqAIBuAK-zuvVBsACAdICJGFhMjY4NjU1LWI5MTQtNDIzOC1iY2MxLThkMTc2ZGY1MTZiM9gCAeACAQ&ucfs=1&arphpl=1&checkin=2026-10-13&checkout=2026-10-14&group_adults=2&req_adults=2&no_rooms=1&group_children=0&req_children=0&hpos=7&hapos=342&sr_order=popularity&srpvid=21039c9fdc8c0948&srepoch=1790633957&all_sr_blocks=1720963001_443777725_2_0_0&highlighted_blocks=1720963001_443777725_2_0_0&matching_block_id=1720963001_443777725_2_0_0&sr_pri_blocks=1720963001_443777725_2_0_0__15506&from=searchresults,Westferry Deluxe Three-Bedroom Apartment with Patio,205,2026-10-13,2026-09-29T05:23:37.867816,https://www.booking.com/searchresults.html?ss=London&group_adults=2&no_rooms=1&group_children=0&checkin=2026-10-13&checkout=2026-10-14&selected_currency=USD&chal_t=1790633780949&force_referer=,westferry-deluxe-three-bedroom-apartment-with-patio,Tower Hamlets,London,10.0,Exceptional,4
https://www.booking.com/hotel/gb/central-london-studios.html?aid=304142&label=gen173nr-10CAQoggJCDXNlYXJjaF9sb25kb25IM1gEaPQBiAEBmAEzuAEXyAEM2AED6AEB-AEBiAIBqAIBuAK-zuvVBsACAdICJGFhMjY4NjU1LWI5MTQtNDIzOC1iY2MxLThkMTc2ZGY1MTZiM9gCAeACAQ&ucfs=1&arphpl=1&checkin=2026-10-13&checkout=2026-10-14&group_adults=2&req_adults=2&no_rooms=1&group_children=0&req_children=0&hpos=8&hapos=343&sr_order=popularity&srpvid=21039c9fdc8c0948&srepoch=1790633957&all_sr_blocks=1376214501_409754307_0_0_0&highlighted_blocks=1376214501_409754307_0_0_0&matching_block_id=1376214501_409754307_0_0_0&sr_pri_blocks=1376214501_409754307_0_0_0__12031&from=searchresults,Central London Studios,159,2026-10-13,2026-09-29T05:23:37.991234,https://www.booking.com/searchresults.html?ss=London&group_adults=2&no_rooms=1&group_children=0&checkin=2026-10-13&checkout=2026-10-14&selected_currency=USD&chal_t=1790633780949&force_referer=,central-london-studios,Southwark,London,6.0,Average,62
https://www.booking.com/hotel/gb/the-grapevine-london.html?aid=304142&label=gen173nr-10CAQoggJCDXNlYXJjaF9sb25kb25IM1gEaPQBiAEBmAEzuAEXyAEM2AED6AEB-AEBiAIBqAIBuAK-zuvVBsACAdICJGFhMjY4NjU1LWI5MTQtNDIzOC1iY2MxLThkMTc2ZGY1MTZiM9gCAeACAQ&ucfs=1&arphpl=1&checkin=2026-10-13&checkout=2026-10-14&group_adults=2&req_adults=2&no_rooms=1&group_children=0&req_children=0&hpos=9&hapos=344&sr_order=popularity&srpvid=21039c9fdc8c0948&srepoch=1790633957&all_sr_blocks=27315301_91917156_0_0_0&highlighted_blocks=27315301_91917156_0_0_0&matching_block_id=27315301_91917156_0_0_0&sr_pri_blocks=27315301_91917156_0_0_0__10500&from=searchresults,The Grapevine Hotel,139,2026-10-13,2026-09-29T05:23:38.085000,https://www.booking.com/searchresults.html?ss=London&group_adults=2&no_rooms=1&group_children=0&checkin=2026-10-13&checkout=2026-10-14&selected_currency=USD&chal_t=1790633780949&force_referer=,the-grapevine-london,Westminster Borough,London,6.1,Average,1855
https://www.booking.com/hotel/gb/smart-studio-near-elephant-and-castle.html?aid=304142&label=gen173nr-10CAQoggJCDXNlYXJjaF9sb25kb25IM1gEaPQBiAEBmAEzuAEXyAEM2AED6AEB-AEBiAIBqAIBuAK-zuvVBsACAdICJGFhMjY4NjU1LWI5MTQtNDIzOC1iY2MxLThkMTc2ZGY1MTZiM9gCAeACAQ&ucfs=1&arphpl=1&checkin=2026-10-13&checkout=2026-10-14&group_adults=2&req_adults=2&no_rooms=1&group_children=0&req_children=0&hpos=10&hapos=345&sr_order=popularity&srpvid=21039c9fdc8c0948&srepoch=1790633957&all_sr_blocks=1601525901_431100346_2_0_0&highlighted_blocks=1601525901_431100346_2_0_0&matching_block_id=1601525901_431100346_2_0_0&sr_pri_blocks=1601525901_431100346_2_0_0__5363&from=searchresults,Smart Studio Near Elephant and Castle,71,2026-10-13,2026-09-29T05:23:38.191757,https://www.booking.com/searchresults.html?ss=London&group_adults=2&no_rooms=1&group_children=0&checkin=2026-10-13&checkout=2026-10-14&selected_currency=USD&chal_t=1790633780949&force_referer=,smart-studio-near-elephant-and-castle,Southwark,London,7.3,Good,18
https://www.booking.com/hotel/gb/charming-studio-in-upscale-neighbourhood.html?aid=304142&label=gen173nr-10CAQoggJCDXNlYXJjaF9sb25kb25IM1gEaPQBiAEBmAEzuAEXyAEM2AED6AEB-AEBiAIBqAIBuAK-zuvVBsACAdICJGFhMjY4NjU1LWI5MTQtNDIzOC1iY2MxLThkMTc2ZGY1MTZiM9gCAeACAQ&ucfs=1&arphpl=1&checkin=2026-10-13&checkout=2026-10-14&group_adults=2&req_adults=2&no_rooms=1&group_children=0&req_children=0&hpos=11&hapos=346&sr_order=popularity&srpvid=21039c9fdc8c0948&srepoch=1790633957&all_sr_blocks=1682607601_439998122_2_0_0&highlighted_blocks=1682607601_439998122_2_0_0&matching_block_id=1682607601_439998122_2_0_0&sr_pri_blocks=1682607601_439998122_2_0_0__15678&from=searchresults,Charming Studio in Upscale Neighbourhood,208,2026-10-13,2026-09-29T05:23:38.337036,https://www.booking.com/searchresults.html?ss=London&group_adults=2&no_rooms=1&group_children=0&checkin=2026-10-13&checkout=2026-10-14&selected_currency=USD&chal_t=1790633780949&force_referer=,charming-studio-in-upscale-neighbourhood,Islington,London,6.5,Average,2
https://www.booking.com/hotel/gb/holm-bloomsbury.html?aid=304142&label=gen173nr-10CAQoggJCDXNlYXJjaF9sb25kb25IM1gEaPQBiAEBmAEzuAEXyAEM2AED6AEB-AEBiAIBqAIBuAK-zuvVBsACAdICJGFhMjY4NjU1LWI5MTQtNDIzOC1iY2MxLThkMTc2ZGY1MTZiM9gCAeACAQ&ucfs=1&arphpl=1&checkin=2026-10-13&checkout=2026-10-14&group_adults=2&req_adults=2&no_rooms=1&group_children=0&req_children=0&hpos=12&hapos=347&sr_order=popularity&srpvid=21039c9fdc8c0948&srepoch=1790633957&all_sr_blocks=1682310701_439964735_2_0_0&highlighted_blocks=1682310701_439964735_2_0_0&matching_block_id=1682310701_439964735_2_0_0&sr_pri_blocks=1682310701_439964735_2_0_0__25630&from=searchresults,Holm Bloomsbury,340,2026-10-13,2026-09-29T05:23:38.422034,https://www.booking.com/searchresults.html?ss=London&group_adults=2&no_rooms=1&group_children=0&checkin=2026-10-13&checkout=2026-10-14&selected_currency=USD&chal_t=1790633780949&force_referer=,holm-bloomsbury,Camden,London,7.0,Good,3
https://www.booking.com/hotel/gb/cosy-one-bedroom-flat-with-private-parking.html?aid=304142&label=gen173nr-10CAQoggJCDXNlYXJjaF9sb25kb25IM1gEaPQBiAEBmAEzuAEXyAEM2AED6AEB-AEBiAIBqAIBuAK-zuvVBsACAdICJGFhMjY4NjU1LWI5MTQtNDIzOC1iY2MxLThkMTc2ZGY1MTZiM9gCAeACAQ&ucfs=1&arphpl=1&checkin=2026-10-13&checkout=2026-10-14&group_adults=2&req_adults=2&no_rooms=1&group_children=0&req_children=0&hpos=13&hapos=348&sr_order=popularity&srpvid=21039c9fdc8c0948&srepoch=1790633957&all_sr_blocks=1484152801_419885990_2_0_0&highlighted_blocks=1484152801_419885990_2_0_0&matching_block_id=1484152801_419885990_2_0_0&sr_pri_blocks=1484152801_419885990_2_0_0__9467&from=searchresults,Cosy One Bedroom Flat With Private Parking,125,2026-10-13,2026-09-29T05:23:38.538855,https://www.booking.com/searchresults.html?ss=London&group_adults=2&no_rooms=1&group_children=0&checkin=2026-10-13&checkout=2026-10-14&selected_currency=USD&chal_t=1790633780949&force_referer=,cosy-one-bedroom-flat-with-private-parking,Newham,London,7.6,Good,56
https://www.booking.com/hotel/gb/shangri-la-at-the-shard-london.html?aid=304142&label=gen173nr-10CAQoggJCDXNlYXJjaF9sb25kb25IM1gEaPQBiAEBmAEzuAEXyAEM2AED6AEB-AEBiAIBqAIBuAK-zuvVBsACAdICJGFhMjY4NjU1LWI5MTQtNDIzOC1iY2MxLThkMTc2ZGY1MTZiM9gCAeACAQ&ucfs=1&arphpl=1&checkin=2026-10-13&checkout=2026-10-14&group_adults=2&req_adults=2&no_rooms=1&group_children=0&req_children=0&hpos=14&hapos=349&sr_order=popularity&srpvid=21039c9fdc8c0948&srepoch=1790633957&all_sr_blocks=86614702_93946882_2_2_0_384157&highlighted_blocks=86614702_93946882_2_2_0_384157&matching_block_id=86614702_93946882_2_2_0_384157&sr_pri_blocks=86614702_93946882_2_2_0_384157_82500&from=searchresults,"Shangri-La The Shard, London",1093,2026-10-13,2026-09-29T05:23:38.669164,https://www.booking.com/searchresults.html?ss=London&group_adults=2&no_rooms=1&group_children=0&checkin=2026-10-13&checkout=2026-10-14&selected_currency=USD&chal_t=1790633780949&force_referer=,shangri-la-at-the-shard-london,Southwark,London,9.0,Wonderful,1635
https://www.booking.com/hotel/gb/thirty-sussex.html?aid=304142&label=gen173nr-10CAQoggJCDXNlYXJjaF9sb25kb25IM1gEaPQBiAEBmAEzuAEXyAEM2AED6AEB-AEBiAIBqAIBuAK-zuvVBsACAdICJGFhMjY4NjU1LWI5MTQtNDIzOC1iY2MxLThkMTc2ZGY1MTZiM9gCAeACAQ&ucfs=1&arphpl=1&checkin=2026-10-13&checkout=2026-10-14&group_adults=2&req_adults=2&no_rooms=1&group_children=0&req_children=0&hpos=15&hapos=350&sr_order=popularity&srpvid=21039c9fdc8c0948&srepoch=1790633957&all_sr_blocks=323170509_171280961_3_0_0&highlighted_blocks=323170509_171280961_3_0_0&matching_block_id=323170509_171280961_3_0_0&sr_pri_blocks=323170509_171280961_3_0_0__22183&from=searchresults,Paddington Townhouse Hotel by OYO,294,2026-10-13,2026-09-29T05:23:38.785826,https://www.booking.com/searchresults.html?ss=London&group_adults=2&no_rooms=1&group_children=0&checkin=2026-10-13&checkout=2026-10-14&selected_currency=USD&chal_t=1790633780949&force_referer=,thirty-sussex,Westminster Borough,London,8.1,Very Good,85
https://www.booking.com/hotel/gb/lovely-home-in-newham.html?aid=304142&label=gen173nr-10CAQoggJCDXNlYXJjaF9sb25kb25IM1gEaPQBiAEBmAEzuAEXyAEM2AED6AEB-AEBiAIBqAIBuAK-zuvVBsACAdICJGFhMjY4NjU1LWI5MTQtNDIzOC1iY2MxLThkMTc2ZGY1MTZiM9gCAeACAQ&ucfs=1&arphpl=1&checkin=2026-10-13&checkout=2026-10-14&group_adults=2&req_adults=2&no_rooms=1&group_children=0&req_children=0&hpos=16&hapos=351&sr_order=popularity&srpvid=21039c9fdc8c0948&srepoch=1790633957&all_sr_blocks=1715424504_444474710_2_0_0&highlighted_blocks=1715424504_444474710_2_0_0&matching_block_id=1715424504_444474710_2_0_0&sr_pri_blocks=1715424504_444474710_2_0_0__6417&from=searchresults,Lovely Home in Newham,85,2026-10-13,2026-09-29T05:23:38.881867,https://www.booking.com/searchresults.html?ss=London&group_adults=2&no_rooms=1&group_children=0&checkin=2026-10-13&checkout=2026-10-14&selected_currency=USD&chal_t=1790633780949&force_referer=,lovely-home-in-newham,Newham,London,8.5,Very Good,2
https://www.booking.com/hotel/gb/four-points-flex-by-sheraton-london-victoria.html?aid=304142&label=gen173nr-10CAQoggJCDXNlYXJjaF9sb25kb25IM1gEaPQBiAEBmAEzuAEXyAEM2AED6AEB-AEBiAIBqAIBuAK-zuvVBsACAdICJGFhMjY4NjU1LWI5MTQtNDIzOC1iY2MxLThkMTc2ZGY1MTZiM9gCAeACAQ&ucfs=1&arphpl=1&checkin=2026-10-13&checkout=2026-10-14&group_adults=2&req_adults=2&no_rooms=1&group_children=0&req_children=0&hpos=17&hapos=352&sr_order=popularity&srpvid=21039c9fdc8c0948&srepoch=1790633957&all_sr_blocks=12135731_94309135_0_0_0&highlighted_blocks=12135731_94309135_0_0_0&matching_block_id=12135731_94309135_0_0_0&sr_pri_blocks=12135731_94309135_0_0_0__27900&from=searchresults,Four Points Flex by Sheraton London Victoria,370,2026-10-13,2026-09-29T05:23:39.001182,https://www.booking.com/searchresults.html?ss=London&group_adults=2&no_rooms=1&group_children=0&checkin=2026-10-13&checkout=2026-10-14&selected_currency=USD&chal_t=1790633780949&force_referer=,four-points-flex-by-sheraton-london-victoria,Westminster Borough,London,8.3,Very Good,20
https://www.booking.com/hotel/gb/ark-shoreditch.html?aid=304142&label=gen173nr-10CAQoggJCDXNlYXJjaF9sb25kb25IM1gEaPQBiAEBmAEzuAEXyAEM2AED6AEB-AEBiAIBqAIBuAK-zuvVBsACAdICJGFhMjY4NjU1LWI5MTQtNDIzOC1iY2MxLThkMTc2ZGY1MTZiM9gCAeACAQ&ucfs=1&arphpl=1&checkin=2026-10-13&checkout=2026-10-14&group_adults=2&req_adults=2&no_rooms=1&group_children=0&req_children=0&hpos=18&hapos=353&sr_order=popularity&srpvid=21039c9fdc8c0948&srepoch=1790633957&all_sr_blocks=1620062902_432833038_0_0_0&highlighted_blocks=1620062902_432833038_0_0_0&matching_block_id=1620062902_432833038_0_0_0&sr_pri_blocks=1620062902_432833038_0_0_0__25245&from=searchresults,ARK Shoreditch,334,2026-10-13,2026-09-29T05:23:39.105590,https://www.booking.com/searchresults.html?ss=London&group_adults=2&no_rooms=1&group_children=0&checkin=2026-10-13&checkout=2026-10-14&selected_currency=USD&chal_t=1790633780949&force_referer=,ark-shoreditch,Tower Hamlets,London,8.3,Very Good,24
https://www.booking.com/hotel/gb/carlton-annexe.html?aid=304142&label=gen173nr-10CAQoggJCDXNlYXJjaF9sb25kb25IM1gEaPQBiAEBmAEzuAEXyAEM2AED6AEB-AEBiAIBqAIBuAK-zuvVBsACAdICJGFhMjY4NjU1LWI5MTQtNDIzOC1iY2MxLThkMTc2ZGY1MTZiM9gCAeACAQ&ucfs=1&arphpl=1&checkin=2026-10-13&checkout=2026-10-14&group_adults=2&req_adults=2&no_rooms=1&group_children=0&req_children=0&hpos=19&hapos=354&sr_order=popularity&srpvid=21039c9fdc8c0948&srepoch=1790633957&all_sr_blocks=1487868401_420252115_2_0_0&highlighted_blocks=1487868401_420252115_2_0_0&matching_block_id=1487868401_420252115_2_0_0&sr_pri_blocks=1487868401_420252115_2_0_0__12825&from=searchresults,Carlton Hotel annexe,170,2026-10-13,2026-09-29T05:23:39.234620,https://www.booking.com/searchresults.html?ss=London&group_adults=2&no_rooms=1&group_children=0&checkin=2026-10-13&checkout=2026-10-14&selected_currency=USD&chal_t=1790633780949&force_referer=,carlton-annexe,Camden,London,6.3,Average,155
https://www.booking.com/hotel/gb/sanctuaryhousehotel.html?aid=304142&label=gen173nr-10CAQoggJCDXNlYXJjaF9sb25kb25IM1gEaPQBiAEBmAEzuAEXyAEM2AED6AEB-AEBiAIBqAIBuAK-zuvVBsACAdICJGFhMjY4NjU1LWI5MTQtNDIzOC1iY2MxLThkMTc2ZGY1MTZiM9gCAeACAQ&ucfs=1&arphpl=1&checkin=2026-10-13&checkout=2026-10-14&group_adults=2&req_adults=2&no_rooms=1&group_children=0&req_children=0&hpos=20&hapos=355&sr_order=popularity&srpvid=21039c9fdc8c0948&srepoch=1790633957&all_sr_blocks=106772_0_2_1_0&highlighted_blocks=106772_0_2_1_0&matching_block_id=106772_0_2_1_0&sr_pri_blocks=106772_0_2_1_0__41749&from_sustainable_property_sr=1&from=searchresults,The Sanctuary House Hotel,553,2026-10-13,2026-09-29T05:23:39.356816,https://www.booking.com/searchresults.html?ss=London&group_adults=2&no_rooms=1&group_children=0&checkin=2026-10-13&checkout=2026-10-14&selected_currency=USD&chal_t=1790633780949&force_referer=,sanctuaryhousehotel,Westminster Borough,London,8.9,Excellent,1234
https://www.booking.com/hotel/gb/89-messina-avenue.html?aid=304142&label=gen173nr-10CAQoggJCDXNlYXJjaF9sb25kb25IM1gEaPQBiAEBmAEzuAEXyAEM2AED6AEB-AEBiAIBqAIBuAK-zuvVBsACAdICJGFhMjY4NjU1LWI5MTQtNDIzOC1iY2MxLThkMTc2ZGY1MTZiM9gCAeACAQ&ucfs=1&arphpl=1&checkin=2026-10-13&checkout=2026-10-14&group_adults=2&req_adults=2&no_rooms=1&group_children=0&req_children=0&hpos=1&hapos=356&sr_order=popularity&srpvid=21039c9fdc8c0948&srepoch=1790633966&all_sr_blocks=534425202_189214252_2_0_0&highlighted_blocks=534425202_189214252_2_0_0&matching_block_id=534425202_189214252_2_0_0&sr_pri_blocks=534425202_189214252_2_0_0__8900&from=searchresults,Messina Studios,118,2026-10-13,2026-09-29T05:23:39.467807,https://www.booking.com/searchresults.html?ss=London&group_adults=2&no_rooms=1&group_children=0&checkin=2026-10-13&checkout=2026-10-14&selected_currency=USD&chal_t=1790633780949&force_referer=,89-messina-avenue,Camden,London,7.4,Good,1065
https://www.booking.com/hotel/gb/cove-landmark-pinnacle.html?aid=304142&label=gen173nr-10CAQoggJCDXNlYXJjaF9sb25kb25IM1gEaPQBiAEBmAEzuAEXyAEM2AED6AEB-AEBiAIBqAIBuAK-zuvVBsACAdICJGFhMjY4NjU1LWI5MTQtNDIzOC1iY2MxLThkMTc2ZGY1MTZiM9gCAeACAQ&ucfs=1&arphpl=1&checkin=2026-10-13&checkout=2026-10-14&group_adults=2&req_adults=2&no_rooms=1&group_children=0&req_children=0&hpos=2&hapos=357&sr_order=popularity&srpvid=21039c9fdc8c0948&srepoch=1790633966&all_sr_blocks=762517901_333362662_0_2_0_1177091&highlighted_blocks=762517901_333362662_0_2_0_1177091&matching_block_id=762517901_333362662_0_2_0_1177091&sr_pri_blocks=762517901_333362662_0_2_0_1177091_33700&from=searchresults,Cove Landmark Pinnacle,447,2026-10-13,2026-09-29T05:23:39.574440,https://www.booking.com/searchresults.html?ss=London&group_adults=2&no_rooms=1&group_children=0&checkin=2026-10-13&checkout=2026-10-14&selected_currency=USD&chal_t=1790633780949&force_referer=,cove-landmark-pinnacle,Tower Hamlets,London,8.2,Very Good,960
https://www.booking.com/hotel/gb/plaistow-budget-friendly-stay.html?aid=304142&label=gen173nr-10CAQoggJCDXNlYXJjaF9sb25kb25IM1gEaPQBiAEBmAEzuAEXyAEM2AED6AEB-AEBiAIBqAIBuAK-zuvVBsACAdICJGFhMjY4NjU1LWI5MTQtNDIzOC1iY2MxLThkMTc2ZGY1MTZiM9gCAeACAQ&ucfs=1&arphpl=1&checkin=2026-10-13&checkout=2026-10-14&group_adults=2&req_adults=2&no_rooms=1&group_children=0&req_children=0&hpos=3&hapos=358&sr_order=popularity&srpvid=21039c9fdc8c0948&srepoch=1790633966&all_sr_blocks=1541438703_425531119_0_0_0&highlighted_blocks=1541438703_425531119_0_0_0&matching_block_id=1541438703_425531119_0_0_0&sr_pri_blocks=1541438703_425531119_0_0_0__5309&from=searchresults,London Budget-Friendly Stay,70,2026-10-13,2026-09-29T05:23:39.685210,https://www.booking.com/searchresults.html?ss=London&group_adults=2&no_rooms=1&group_children=0&checkin=2026-10-13&checkout=2026-10-14&selected_currency=USD&chal_t=1790633780949&force_referer=,plaistow-budget-friendly-stay,Newham,London,7.5,Good,268
https://www.booking.com/hotel/gb/pont-a-hotel-london-kings-cross.html?aid=304142&label=gen173nr-10CAQoggJCDXNlYXJjaF9sb25kb25IM1gEaPQBiAEBmAEzuAEXyAEM2AED6AEB-AEBiAIBqAIBuAK-zuvVBsACAdICJGFhMjY4NjU1LWI5MTQtNDIzOC1iY2MxLThkMTc2ZGY1MTZiM9gCAeACAQ&ucfs=1&arphpl=1&checkin=2026-10-13&checkout=2026-10-14&group_adults=2&req_adults=2&no_rooms=1&group_children=0&req_children=0&hpos=4&hapos=359&sr_order=popularity&srpvid=21039c9fdc8c0948&srepoch=1790633966&all_sr_blocks=170848204_180155588_0_2_0_808046&highlighted_blocks=170848204_180155588_0_2_0_808046&matching_block_id=170848204_180155588_0_2_0_808046&sr_pri_blocks=170848204_180155588_0_2_0_808046_19157&from_sustainable_property_sr=1&from=searchresults,Point A Hotel London Kings Cross – St Pancras,254,2026-10-13,2026-09-29T05:23:39.800188,https://www.booking.com/searchresults.html?ss=London&group_adults=2&no_rooms=1&group_children=0&checkin=2026-10-13&checkout=2026-10-14&selected_currency=USD&chal_t=1790633780949&force_referer=,pont-a-hotel-london-kings-cross,Camden,London,7.8,Good,7315
https://www.booking.com/hotel/gb/large-double-bedroom-10-minutes-to-central-london.html?aid=304142&label=gen173nr-10CAQoggJCDXNlYXJjaF9sb25kb25IM1gEaPQBiAEBmAEzuAEXyAEM2AED6AEB-AEBiAIBqAIBuAK-zuvVBsACAdICJGFhMjY4NjU1LWI5MTQtNDIzOC1iY2MxLThkMTc2ZGY1MTZiM9gCAeACAQ&ucfs=1&arphpl=1&checkin=2026-10-13&checkout=2026-10-14&group_adults=2&req_adults=2&no_rooms=1&group_children=0&req_children=0&hpos=5&hapos=360&sr_order=popularity&srpvid=21039c9fdc8c0948&srepoch=1790633966&all_sr_blocks=1280643201_400978703_2_0_0&highlighted_blocks=1280643201_400978703_2_0_0&matching_block_id=1280643201_400978703_2_0_0&sr_pri_blocks=1280643201_400978703_2_0_0__7681&from=searchresults,Large Double Bedroom 10 minutes to Central London,102,2026-10-13,2026-09-29T05:23:39.923340,https://www.booking.com/searchresults.html?ss=London&group_adults=2&no_rooms=1&group_children=0&checkin=2026-10-13&checkout=2026-10-14&selected_currency=USD&chal_t=1790633780949&force_referer=,large-double-bedroom-10-minutes-to-central-london,Brent,London,9.6,Exceptional,83
https://www.booking.com/hotel/gb/st-george-39-s-wembley.html?aid=304142&label=gen173nr-10CAQoggJCDXNlYXJjaF9sb25kb25IM1gEaPQBiAEBmAEzuAEXyAEM2AED6AEB-AEBiAIBqAIBuAK-zuvVBsACAdICJGFhMjY4NjU1LWI5MTQtNDIzOC1iY2MxLThkMTc2ZGY1MTZiM9gCAeACAQ&ucfs=1&arphpl=1&checkin=2026-10-13&checkout=2026-10-14&group_adults=2&req_adults=2&no_rooms=1&group_children=0&req_children=0&hpos=6&hapos=361&sr_order=popularity&srpvid=21039c9fdc8c0948&srepoch=1790633966&all_sr_blocks=0_0_2_0_0&highlighted_blocks=0_0_2_0_0&matching_block_id=0_0_2_0_0&sr_pri_blocks=0_0_2_0_0__11763&from=searchresults,St George's Hotel - Wembley,156,2026-10-13,2026-09-29T05:23:40.054703,https://www.booking.com/searchresults.html?ss=London&group_adults=2&no_rooms=1&group_children=0&checkin=2026-10-13&checkout=2026-10-14&selected_currency=USD&chal_t=1790633780949&force_referer=,st-george-39-s-wembley,Brent,London,7.3,Good,3462
https://www.booking.com/hotel/gb/flat-9-camden-parkway.html?aid=304142&label=gen173nr-10CAQoggJCDXNlYXJjaF9sb25kb25IM1gEaPQBiAEBmAEzuAEXyAEM2AED6AEB-AEBiAIBqAIBuAK-zuvVBsACAdICJGFhMjY4NjU1LWI5MTQtNDIzOC1iY2MxLThkMTc2ZGY1MTZiM9gCAeACAQ&ucfs=1&arphpl=1&checkin=2026-10-13&checkout=2026-10-14&group_adults=2&req_adults=2&no_rooms=1&group_children=0&req_children=0&hpos=7&hapos=362&sr_order=popularity&srpvid=21039c9fdc8c0948&srepoch=1790633966&all_sr_blocks=1570036901_428091526_2_0_0&highlighted_blocks=1570036901_428091526_2_0_0&matching_block_id=1570036901_428091526_2_0_0&sr_pri_blocks=1570036901_428091526_2_0_0__9075&from=searchresults,Camden Parkway Studio Flat 9,120,2026-10-13,2026-09-29T05:23:40.150201,https://www.booking.com/searchresults.html?ss=London&group_adults=2&no_rooms=1&group_children=0&checkin=2026-10-13&checkout=2026-10-14&selected_currency=USD&chal_t=1790633780949&force_referer=,flat-9-camden-parkway,Camden,London,6.6,Average,30
https://www.booking.com/hotel/gb/westferry-studio.html?aid=304142&label=gen173nr-10CAQoggJCDXNlYXJjaF9sb25kb25IM1gEaPQBiAEBmAEzuAEXyAEM2AED6AEB-AEBiAIBqAIBuAK-zuvVBsACAdICJGFhMjY4NjU1LWI5MTQtNDIzOC1iY2MxLThkMTc2ZGY1MTZiM9gCAeACAQ&ucfs=1&arphpl=1&checkin=2026-10-13&checkout=2026-10-14&group_adults=2&req_adults=2&no_rooms=1&group_children=0&req_children=0&hpos=8&hapos=363&sr_order=popularity&srpvid=21039c9fdc8c0948&srepoch=1790633966&all_sr_blocks=1251829901_408151749_3_0_0&highlighted_blocks=1251829901_408151749_3_0_0&matching_block_id=1251829901_408151749_3_0_0&sr_pri_blocks=1251829901_408151749_3_0_0__12742&from=searchresults,Westferry Two-Bedroom Deluxe Apartment,169,2026-10-13,2026-09-29T05:23:40.235443,https://www.booking.com/searchresults.html?ss=London&group_adults=2&no_rooms=1&group_children=0&checkin=2026-10-13&checkout=2026-10-14&selected_currency=USD&chal_t=1790633780949&force_referer=,westferry-studio,Tower Hamlets,London,8.0,Very Good,102
https://www.booking.com/hotel/gb/oliverplazahotel.html?aid=304142&label=gen173nr-10CAQoggJCDXNlYXJjaF9sb25kb25IM1gEaPQBiAEBmAEzuAEXyAEM2AED6AEB-AEBiAIBqAIBuAK-zuvVBsACAdICJGFhMjY4NjU1LWI5MTQtNDIzOC1iY2MxLThkMTc2ZGY1MTZiM9gCAeACAQ&ucfs=1&arphpl=1&checkin=2026-10-13&checkout=2026-10-14&group_adults=2&req_adults=2&no_rooms=1&group_children=0&req_children=0&hpos=9&hapos=364&sr_order=popularity&srpvid=21039c9fdc8c0948&srepoch=1790633966&all_sr_blocks=14046_88651888_2_0_0&highlighted_blocks=14046_88651888_2_0_0&matching_block_id=14046_88651888_2_0_0&sr_pri_blocks=14046_88651888_2_0_0__19305&from=searchresults,Oliver Plaza Hotel,256,2026-10-13,2026-09-29T05:23:40.308521,https://www.booking.com/searchresults.html?ss=London&group_adults=2&no_rooms=1&group_children=0&checkin=2026-10-13&checkout=2026-10-14&selected_currency=USD&chal_t=1790633780949&force_referer=,oliverplazahotel,Kensington and Chelsea,London,8.3,Very Good,3008
https://www.booking.com/hotel/gb/the-collection-stays-chelsea.html?aid=304142&label=gen173nr-10CAQoggJCDXNlYXJjaF9sb25kb25IM1gEaPQBiAEBmAEzuAEXyAEM2AED6AEB-AEBiAIBqAIBuAK-zuvVBsACAdICJGFhMjY4NjU1LWI5MTQtNDIzOC1iY2MxLThkMTc2ZGY1MTZiM9gCAeACAQ&ucfs=1&arphpl=1&checkin=2026-10-13&checkout=2026-10-14&group_adults=2&req_adults=2&no_rooms=1&group_children=0&req_children=0&hpos=10&hapos=365&sr_order=popularity&srpvid=21039c9fdc8c0948&srepoch=1790633966&all_sr_blocks=1578882209_428989791_0_0_0&highlighted_blocks=1578882209_428989791_0_0_0&matching_block_id=1578882209_428989791_0_0_0&sr_pri_blocks=1578882209_428989791_0_0_0__16867&from=searchresults,The Collection Stays Chelsea,223,2026-10-13,2026-09-29T05:23:40.434232,https://www.booking.com/searchresults.html?ss=London&group_adults=2&no_rooms=1&group_children=0&checkin=2026-10-13&checkout=2026-10-14&selected_currency=USD&chal_t=1790633780949&force_referer=,the-collection-stays-chelsea,Kensington and Chelsea,London,8.6,Excellent,42
https://www.booking.com/hotel/gb/dolphin-london.html?aid=304142&label=gen173nr-10CAQoggJCDXNlYXJjaF9sb25kb25IM1gEaPQBiAEBmAEzuAEXyAEM2AED6AEB-AEBiAIBqAIBuAK-zuvVBsACAdICJGFhMjY4NjU1LWI5MTQtNDIzOC1iY2MxLThkMTc2ZGY1MTZiM9gCAeACAQ&ucfs=1&arphpl=1&checkin=2026-10-13&checkout=2026-10-14&group_adults=2&req_adults=2&no_rooms=1&group_children=0&req_children=0&hpos=11&hapos=366&sr_order=popularity&srpvid=21039c9fdc8c0948&srepoch=1790633966&all_sr_blocks=0_0_2_0_0&highlighted_blocks=0_0_2_0_0&matching_block_id=0_0_2_0_0&sr_pri_blocks=0_0_2_0_0__18593&from=searchresults,Dolphin Hotel,246,2026-10-13,2026-09-29T05:23:40.563695,https://www.booking.com/searchresults.html?ss=London&group_adults=2&no_rooms=1&group_children=0&checkin=2026-10-13&checkout=2026-10-14&selected_currency=USD&chal_t=1790633780949&force_referer=,dolphin-london,Westminster Borough,London,7.2,Good,957
https://www.booking.com/hotel/gb/london-plaza-serviced-apartments-london.html?aid=304142&label=gen173nr-10CAQoggJCDXNlYXJjaF9sb25kb25IM1gEaPQBiAEBmAEzuAEXyAEM2AED6AEB-AEBiAIBqAIBuAK-zuvVBsACAdICJGFhMjY4NjU1LWI5MTQtNDIzOC1iY2MxLThkMTc2ZGY1MTZiM9gCAeACAQ&ucfs=1&arphpl=1&checkin=2026-10-13&checkout=2026-10-14&group_adults=2&req_adults=2&no_rooms=1&group_children=0&req_children=0&hpos=12&hapos=367&sr_order=popularity&srpvid=21039c9fdc8c0948&srepoch=1790633966&all_sr_blocks=177703048_90978762_0_0_0&highlighted_blocks=177703048_90978762_0_0_0&matching_block_id=177703048_90978762_0_0_0&sr_pri_blocks=177703048_90978762_0_0_0__19156&from=searchresults,MSK Superior,254,2026-10-13,2026-09-29T05:23:40.645399,https://www.booking.com/searchresults.html?ss=London&group_adults=2&no_rooms=1&group_children=0&checkin=2026-10-13&checkout=2026-10-14&selected_currency=USD&chal_t=1790633780949&force_referer=,london-plaza-serviced-apartments-london,Westminster Borough,London,7.4,Good,2339
https://www.booking.com/hotel/gb/melville.html?aid=304142&label=gen173nr-10CAQoggJCDXNlYXJjaF9sb25kb25IM1gEaPQBiAEBmAEzuAEXyAEM2AED6AEB-AEBiAIBqAIBuAK-zuvVBsACAdICJGFhMjY4NjU1LWI5MTQtNDIzOC1iY2MxLThkMTc2ZGY1MTZiM9gCAeACAQ&ucfs=1&arphpl=1&checkin=2026-10-13&checkout=2026-10-14&group_adults=2&req_adults=2&no_rooms=1&group_children=0&req_children=0&hpos=13&hapos=368&sr_order=popularity&srpvid=21039c9fdc8c0948&srepoch=1790633966&all_sr_blocks=3436514_95155369_5_0_0&highlighted_blocks=3436514_95155369_5_0_0&matching_block_id=3436514_95155369_5_0_0&sr_pri_blocks=3436514_95155369_5_0_0__20419&from=searchresults,The Melville Hotel by Rokxy- Kings Cross,271,2026-10-13,2026-09-29T05:23:40.739753,https://www.booking.com/searchresults.html?ss=London&group_adults=2&no_rooms=1&group_children=0&checkin=2026-10-13&checkout=2026-10-14&selected_currency=USD&chal_t=1790633780949&force_referer=,melville,Camden,London,5.7,Average,2274
https://www.booking.com/hotel/gb/comfortable-2br-flat-1-min-to-tube-sleeps-6.html?aid=304142&label=gen173nr-10CAQoggJCDXNlYXJjaF9sb25kb25IM1gEaPQBiAEBmAEzuAEXyAEM2AED6AEB-AEBiAIBqAIBuAK-zuvVBsACAdICJGFhMjY4NjU1LWI5MTQtNDIzOC1iY2MxLThkMTc2ZGY1MTZiM9gCAeACAQ&ucfs=1&arphpl=1&checkin=2026-10-13&checkout=2026-10-14&group_adults=2&req_adults=2&no_rooms=1&group_children=0&req_children=0&hpos=14&hapos=369&sr_order=popularity&srpvid=21039c9fdc8c0948&srepoch=1790633966&all_sr_blocks=1330833601_408637396_0_0_0&highlighted_blocks=1330833601_408637396_0_0_0&matching_block_id=1330833601_408637396_0_0_0&sr_pri_blocks=1330833601_408637396_0_0_0__17453&from=searchresults,"Comfortable 2BR Flat - 1 Min to Tube, Sleeps 6",231,2026-10-13,2026-09-29T05:23:40.871729,https://www.booking.com/searchresults.html?ss=London&group_adults=2&no_rooms=1&group_children=0&checkin=2026-10-13&checkout=2026-10-14&selected_currency=USD&chal_t=1790633780949&force_referer=,comfortable-2br-flat-1-min-to-tube-sleeps-6,Lambeth,London,7.5,Good,14
https://www.booking.com/hotel/gb/sidneyhotel.html?aid=304142&label=gen173nr-10CAQoggJCDXNlYXJjaF9sb25kb25IM1gEaPQBiAEBmAEzuAEXyAEM2AED6AEB-AEBiAIBqAIBuAK-zuvVBsACAdICJGFhMjY4NjU1LWI5MTQtNDIzOC1iY2MxLThkMTc2ZGY1MTZiM9gCAeACAQ&ucfs=1&arphpl=1&checkin=2026-10-13&checkout=2026-10-14&group_adults=2&req_adults=2&no_rooms=1&group_children=0&req_children=0&hpos=15&hapos=370&sr_order=popularity&srpvid=21039c9fdc8c0948&srepoch=1790633966&all_sr_blocks=12147307_100095835_0_0_0&highlighted_blocks=12147307_100095835_0_0_0&matching_block_id=12147307_100095835_0_0_0&sr_pri_blocks=12147307_100095835_0_0_0__19140&from=searchresults,Sidney Hotel London-Victoria,254,2026-10-13,2026-09-29T05:23:40.972937,https://www.booking.com/searchresults.html?ss=London&group_adults=2&no_rooms=1&group_children=0&checkin=2026-10-13&checkout=2026-10-14&selected_currency=USD&chal_t=1790633780949&force_referer=,sidneyhotel,Westminster Borough,London,8.3,Very Good,10208
https://www.booking.com/hotel/gb/central-london-flats-near-seven-sisters.html?aid=304142&label=gen173nr-10CAQoggJCDXNlYXJjaF9sb25kb25IM1gEaPQBiAEBmAEzuAEXyAEM2AED6AEB-AEBiAIBqAIBuAK-zuvVBsACAdICJGFhMjY4NjU1LWI5MTQtNDIzOC1iY2MxLThkMTc2ZGY1MTZiM9gCAeACAQ&ucfs=1&arphpl=1&checkin=2026-10-13&checkout=2026-10-14&group_adults=2&req_adults=2&no_rooms=1&group_children=0&req_children=0&hpos=16&hapos=371&sr_order=popularity&srpvid=21039c9fdc8c0948&srepoch=1790633966&all_sr_blocks=1255155104_398037345_4_0_0&highlighted_blocks=1255155104_398037345_4_0_0&matching_block_id=1255155104_398037345_4_0_0&sr_pri_blocks=1255155104_398037345_4_0_0__13203&from=searchresults,Central Apartments by AIA near Tottenham Hotspur,175,2026-10-13,2026-09-29T05:23:41.107899,https://www.booking.com/searchresults.html?ss=London&group_adults=2&no_rooms=1&group_children=0&checkin=2026-10-13&checkout=2026-10-14&selected_currency=USD&chal_t=1790633780949&force_referer=,central-london-flats-near-seven-sisters,Unknown,London,8.3,Very Good,20
https://www.booking.com/hotel/gb/the-prince-akatoki.html?aid=304142&label=gen173nr-10CAQoggJCDXNlYXJjaF9sb25kb25IM1gEaPQBiAEBmAEzuAEXyAEM2AED6AEB-AEBiAIBqAIBuAK-zuvVBsACAdICJGFhMjY4NjU1LWI5MTQtNDIzOC1iY2MxLThkMTc2ZGY1MTZiM9gCAeACAQ&ucfs=1&arphpl=1&checkin=2026-10-13&checkout=2026-10-14&group_adults=2&req_adults=2&no_rooms=1&group_children=0&req_children=0&hpos=17&hapos=372&sr_order=popularity&srpvid=21039c9fdc8c0948&srepoch=1790633966&all_sr_blocks=33885001_91922904_2_2_0&highlighted_blocks=33885001_91922904_2_2_0&matching_block_id=33885001_91922904_2_2_0&sr_pri_blocks=33885001_91922904_2_2_0__55100&from=searchresults,The Prince Akatoki London,730,2026-10-13,2026-09-29T05:23:41.247627,https://www.booking.com/searchresults.html?ss=London&group_adults=2&no_rooms=1&group_children=0&checkin=2026-10-13&checkout=2026-10-14&selected_currency=USD&chal_t=1790633780949&force_referer=,the-prince-akatoki,Westminster Borough,London,8.9,Excellent,1045
https://www.booking.com/hotel/gb/st-pancras-inn-greater-london4.html?aid=304142&label=gen173nr-10CAQoggJCDXNlYXJjaF9sb25kb25IM1gEaPQBiAEBmAEzuAEXyAEM2AED6AEB-AEBiAIBqAIBuAK-zuvVBsACAdICJGFhMjY4NjU1LWI5MTQtNDIzOC1iY2MxLThkMTc2ZGY1MTZiM9gCAeACAQ&ucfs=1&arphpl=1&checkin=2026-10-13&checkout=2026-10-14&group_adults=2&req_adults=2&no_rooms=1&group_children=0&req_children=0&hpos=18&hapos=373&sr_order=popularity&srpvid=21039c9fdc8c0948&srepoch=1790633966&all_sr_blocks=1026605708_375419435_0_2_0_873814&highlighted_blocks=1026605708_375419435_0_2_0_873814&matching_block_id=1026605708_375419435_0_2_0_873814&sr_pri_blocks=1026605708_375419435_0_2_0_873814_19577&from=searchresults,St Pancras Inn,259,2026-10-13,2026-09-29T05:23:41.365417,https://www.booking.com/searchresults.html?ss=London&group_adults=2&no_rooms=1&group_children=0&checkin=2026-10-13&checkout=2026-10-14&selected_currency=USD&chal_t=1790633780949&force_referer=,st-pancras-inn-greater-london4,Islington,London,7.2,Good,2381
https://www.booking.com/hotel/gb/private-rooms-in-euston-central-london-135.html?aid=304142&label=gen173nr-10CAQoggJCDXNlYXJjaF9sb25kb25IM1gEaPQBiAEBmAEzuAEXyAEM2AED6AEB-AEBiAIBqAIBuAK-zuvVBsACAdICJGFhMjY4NjU1LWI5MTQtNDIzOC1iY2MxLThkMTc2ZGY1MTZiM9gCAeACAQ&ucfs=1&arphpl=1&checkin=2026-10-13&checkout=2026-10-14&group_adults=2&req_adults=2&no_rooms=1&group_children=0&req_children=0&hpos=19&hapos=374&sr_order=popularity&srpvid=21039c9fdc8c0948&srepoch=1790633966&all_sr_blocks=1133167409_387223572_2_0_0&highlighted_blocks=1133167409_387223572_2_0_0&matching_block_id=1133167409_387223572_2_0_0&sr_pri_blocks=1133167409_387223572_2_0_0__8500&from=searchresults,"Lovely Private Rooms in Euston, Central London",113,2026-10-13,2026-09-29T05:23:41.470516,https://www.booking.com/searchresults.html?ss=London&group_adults=2&no_rooms=1&group_children=0&checkin=2026-10-13&checkout=2026-10-14&selected_currency=USD&chal_t=1790633780949&force_referer=,private-rooms-in-euston-central-london-135,Camden,London,7.5,Good,758
https://www.booking.com/hotel/gb/bakershotel.html?aid=304142&label=gen173nr-10CAQoggJCDXNlYXJjaF9sb25kb25IM1gEaPQBiAEBmAEzuAEXyAEM2AED6AEB-AEBiAIBqAIBuAK-zuvVBsACAdICJGFhMjY4NjU1LWI5MTQtNDIzOC1iY2MxLThkMTc2ZGY1MTZiM9gCAeACAQ&ucfs=1&arphpl=1&checkin=2026-10-13&checkout=2026-10-14&group_adults=2&req_adults=2&no_rooms=1&group_children=0&req_children=0&hpos=20&hapos=375&sr_order=popularity&srpvid=21039c9fdc8c0948&srepoch=1790633966&all_sr_blocks=12145309_145468756_2_1_0_797230&highlighted_blocks=12145309_145468756_2_1_0_797230&matching_block_id=12145309_145468756_2_1_0_797230&sr_pri_blocks=12145309_145468756_2_1_0_797230_14363&from=searchresults,OYO Bakers Hotel London Victoria,190,2026-10-13,2026-09-29T05:23:41.565094,https://www.booking.com/searchresults.html?ss=London&group_adults=2&no_rooms=1&group_children=0&checkin=2026-10-13&checkout=2026-10-14&selected_currency=USD&chal_t=1790633780949&force_referer=,bakershotel,Westminster Borough,London,6.8,Average,1170
https://www.booking.com/hotel/gb/mandarin-london.html?aid=304142&label=gen173nr-10CAQoggJCDXNlYXJjaF9sb25kb25IM1gEaPQBiAEBmAEzuAEXyAEM2AED6AEB-AEBiAIBqAIBuAK-zuvVBsACAdICJGFhMjY4NjU1LWI5MTQtNDIzOC1iY2MxLThkMTc2ZGY1MTZiM9gCAeACAQ&ucfs=1&arphpl=1&checkin=2026-10-13&checkout=2026-10-14&group_adults=2&req_adults=2&no_rooms=1&group_children=0&req_children=0&hpos=1&hapos=376&sr_order=popularity&srpvid=21039c9fdc8c0948&srepoch=1790633974&all_sr_blocks=709519904_295779777_2_0_0&highlighted_blocks=709519904_295779777_2_0_0&matching_block_id=709519904_295779777_2_0_0&sr_pri_blocks=709519904_295779777_2_0_0__9438&from=searchresults,Stay 45A,125,2026-10-13,2026-09-29T05:23:41.686534,https://www.booking.com/searchresults.html?ss=London&group_adults=2&no_rooms=1&group_children=0&checkin=2026-10-13&checkout=2026-10-14&selected_currency=USD&chal_t=1790633780949&force_referer=,mandarin-london,Tower Hamlets,London,6.9,Average,17
https://www.booking.com/hotel/gb/kensal-rise-london.html?aid=304142&label=gen173nr-10CAQoggJCDXNlYXJjaF9sb25kb25IM1gEaPQBiAEBmAEzuAEXyAEM2AED6AEB-AEBiAIBqAIBuAK-zuvVBsACAdICJGFhMjY4NjU1LWI5MTQtNDIzOC1iY2MxLThkMTc2ZGY1MTZiM9gCAeACAQ&ucfs=1&arphpl=1&checkin=2026-10-13&checkout=2026-10-14&group_adults=2&req_adults=2&no_rooms=1&group_children=0&req_children=0&hpos=2&hapos=377&sr_order=popularity&srpvid=21039c9fdc8c0948&srepoch=1790633974&all_sr_blocks=533163105_233983987_0_0_0&highlighted_blocks=533163105_233983987_0_0_0&matching_block_id=533163105_233983987_0_0_0&sr_pri_blocks=533163105_233983987_0_0_0__6249&from=searchresults,Station Lodge,83,2026-10-13,2026-09-29T05:23:41.794057,https://www.booking.com/searchresults.html?ss=London&group_adults=2&no_rooms=1&group_children=0&checkin=2026-10-13&checkout=2026-10-14&selected_currency=USD&chal_t=1790633780949&force_referer=,kensal-rise-london,Brent,London,8.0,Very Good,146
https://www.booking.com/hotel/gb/greencourthotel.html?aid=304142&label=gen173nr-10CAQoggJCDXNlYXJjaF9sb25kb25IM1gEaPQBiAEBmAEzuAEXyAEM2AED6AEB-AEBiAIBqAIBuAK-zuvVBsACAdICJGFhMjY4NjU1LWI5MTQtNDIzOC1iY2MxLThkMTc2ZGY1MTZiM9gCAeACAQ&ucfs=1&arphpl=1&checkin=2026-10-13&checkout=2026-10-14&group_adults=2&req_adults=2&no_rooms=1&group_children=0&req_children=0&hpos=3&hapos=378&sr_order=popularity&srpvid=21039c9fdc8c0948&srepoch=1790633974&all_sr_blocks=11026507_92158212_0_0_0&highlighted_blocks=11026507_92158212_0_0_0&matching_block_id=11026507_92158212_0_0_0&sr_pri_blocks=11026507_92158212_0_0_0__13843&from=searchresults,The Jade,183,2026-10-13,2026-09-29T05:23:41.898360,https://www.booking.com/searchresults.html?ss=London&group_adults=2&no_rooms=1&group_children=0&checkin=2026-10-13&checkout=2026-10-14&selected_currency=USD&chal_t=1790633780949&force_referer=,greencourthotel,Kensington and Chelsea,London,7.7,Good,1403
https://www.booking.com/hotel/gb/central-station-b.html?aid=304142&label=gen173nr-10CAQoggJCDXNlYXJjaF9sb25kb25IM1gEaPQBiAEBmAEzuAEXyAEM2AED6AEB-AEBiAIBqAIBuAK-zuvVBsACAdICJGFhMjY4NjU1LWI5MTQtNDIzOC1iY2MxLThkMTc2ZGY1MTZiM9gCAeACAQ&ucfs=1&arphpl=1&checkin=2026-10-13&checkout=2026-10-14&group_adults=2&req_adults=2&no_rooms=1&group_children=0&req_children=0&hpos=4&hapos=379&sr_order=popularity&srpvid=21039c9fdc8c0948&srepoch=1790633974&all_sr_blocks=32270506_105104758_2_0_0&highlighted_blocks=32270506_105104758_2_0_0&matching_block_id=32270506_105104758_2_0_0&sr_pri_blocks=32270506_105104758_2_0_0__22000&from=searchresults,Central Station,291,2026-10-13,2026-09-29T05:23:42.021694,https://www.booking.com/searchresults.html?ss=London&group_adults=2&no_rooms=1&group_children=0&checkin=2026-10-13&checkout=2026-10-14&selected_currency=USD&chal_t=1790633780949&force_referer=,central-station-b,Islington,London,6.8,Average,567
https://www.booking.com/hotel/gb/adria.html?aid=304142&label=gen173nr-10CAQoggJCDXNlYXJjaF9sb25kb25IM1gEaPQBiAEBmAEzuAEXyAEM2AED6AEB-AEBiAIBqAIBuAK-zuvVBsACAdICJGFhMjY4NjU1LWI5MTQtNDIzOC1iY2MxLThkMTc2ZGY1MTZiM9gCAeACAQ&ucfs=1&arphpl=1&checkin=2026-10-13&checkout=2026-10-14&group_adults=2&req_adults=2&no_rooms=1&group_children=0&req_children=0&hpos=5&hapos=380&sr_order=popularity&srpvid=21039c9fdc8c0948&srepoch=1790633974&all_sr_blocks=40672802_88652425_2_2_0&highlighted_blocks=40672802_88652425_2_2_0&matching_block_id=40672802_88652425_2_2_0&sr_pri_blocks=40672802_88652425_2_2_0__57668&from=searchresults,The Adria,764,2026-10-13,2026-09-29T05:23:42.137183,https://www.booking.com/searchresults.html?ss=London&group_adults=2&no_rooms=1&group_children=0&checkin=2026-10-13&checkout=2026-10-14&selected_currency=USD&chal_t=1790633780949&force_referer=,adria,Kensington and Chelsea,London,9.1,Wonderful,736
https://www.booking.com/hotel/gb/kastay-london.html?aid=304142&label=gen173nr-10CAQoggJCDXNlYXJjaF9sb25kb25IM1gEaPQBiAEBmAEzuAEXyAEM2AED6AEB-AEBiAIBqAIBuAK-zuvVBsACAdICJGFhMjY4NjU1LWI5MTQtNDIzOC1iY2MxLThkMTc2ZGY1MTZiM9gCAeACAQ&ucfs=1&arphpl=1&checkin=2026-10-13&checkout=2026-10-14&group_adults=2&req_adults=2&no_rooms=1&group_children=0&req_children=0&hpos=6&hapos=381&sr_order=popularity&srpvid=21039c9fdc8c0948&srepoch=1790633974&all_sr_blocks=1535257901_425028160_2_0_0&highlighted_blocks=1535257901_425028160_2_0_0&matching_block_id=1535257901_425028160_2_0_0&sr_pri_blocks=1535257901_425028160_2_0_0__9159&from=searchresults,KAStay london,121,2026-10-13,2026-09-29T05:23:42.224038,https://www.booking.com/searchresults.html?ss=London&group_adults=2&no_rooms=1&group_children=0&checkin=2026-10-13&checkout=2026-10-14&selected_currency=USD&chal_t=1790633780949&force_referer=,kastay-london,Lewisham,London,8.9,Excellent,29
https://www.booking.com/hotel/gb/native-verso.html?aid=304142&label=gen173nr-10CAQoggJCDXNlYXJjaF9sb25kb25IM1gEaPQBiAEBmAEzuAEXyAEM2AED6AEB-AEBiAIBqAIBuAK-zuvVBsACAdICJGFhMjY4NjU1LWI5MTQtNDIzOC1iY2MxLThkMTc2ZGY1MTZiM9gCAeACAQ&ucfs=1&arphpl=1&checkin=2026-10-13&checkout=2026-10-14&group_adults=2&req_adults=2&no_rooms=1&group_children=0&req_children=0&hpos=7&hapos=382&sr_order=popularity&srpvid=21039c9fdc8c0948&srepoch=1790633974&all_sr_blocks=1505354702_423046825_4_0_0&highlighted_blocks=1505354702_423046825_4_0_0&matching_block_id=1505354702_423046825_4_0_0&sr_pri_blocks=1505354702_423046825_4_0_0__33750&from=searchresults,Native Verso,447,2026-10-13,2026-09-29T05:23:42.319163,https://www.booking.com/searchresults.html?ss=London&group_adults=2&no_rooms=1&group_children=0&checkin=2026-10-13&checkout=2026-10-14&selected_currency=USD&chal_t=1790633780949&force_referer=,native-verso,Southwark,London,8.7,Excellent,7
https://www.booking.com/hotel/gb/adam-short-stay-london2.html?aid=304142&label=gen173nr-10CAQoggJCDXNlYXJjaF9sb25kb25IM1gEaPQBiAEBmAEzuAEXyAEM2AED6AEB-AEBiAIBqAIBuAK-zuvVBsACAdICJGFhMjY4NjU1LWI5MTQtNDIzOC1iY2MxLThkMTc2ZGY1MTZiM9gCAeACAQ&ucfs=1&arphpl=1&checkin=2026-10-13&checkout=2026-10-14&group_adults=2&req_adults=2&no_rooms=1&group_children=0&req_children=0&hpos=8&hapos=383&sr_order=popularity&srpvid=21039c9fdc8c0948&srepoch=1790633974&all_sr_blocks=1308415101_408577814_0_0_0&highlighted_blocks=1308415101_408577814_0_0_0&matching_block_id=1308415101_408577814_0_0_0&sr_pri_blocks=1308415101_408577814_0_0_0__5683&from=searchresults,Adam Short Stay,75,2026-10-13,2026-09-29T05:23:42.420067,https://www.booking.com/searchresults.html?ss=London&group_adults=2&no_rooms=1&group_children=0&checkin=2026-10-13&checkout=2026-10-14&selected_currency=USD&chal_t=1790633780949&force_referer=,adam-short-stay-london2,Newham,London,8.9,Excellent,327
https://www.booking.com/hotel/gb/staycity-serviced-apartments-london-greenwich-deptford-bridge-station.html?aid=304142&label=gen173nr-10CAQoggJCDXNlYXJjaF9sb25kb25IM1gEaPQBiAEBmAEzuAEXyAEM2AED6AEB-AEBiAIBqAIBuAK-zuvVBsACAdICJGFhMjY4NjU1LWI5MTQtNDIzOC1iY2MxLThkMTc2ZGY1MTZiM9gCAeACAQ&ucfs=1&arphpl=1&checkin=2026-10-13&checkout=2026-10-14&group_adults=2&req_adults=2&no_rooms=1&group_children=0&req_children=0&hpos=9&hapos=384&sr_order=popularity&srpvid=21039c9fdc8c0948&srepoch=1790633974&all_sr_blocks=72684201_88652652_2_2_0&highlighted_blocks=72684201_88652652_2_2_0&matching_block_id=72684201_88652652_2_2_0&sr_pri_blocks=72684201_88652652_2_2_0__10890&from=searchresults,Staycity Aparthotels London Deptford Bridge,144,2026-10-13,2026-09-29T05:23:42.508517,https://www.booking.com/searchresults.html?ss=London&group_adults=2&no_rooms=1&group_children=0&checkin=2026-10-13&checkout=2026-10-14&selected_currency=USD&chal_t=1790633780949&force_referer=,staycity-serviced-apartments-london-greenwich-deptford-bridge-station,Lewisham,London,0.0,No Reviews,0
https://www.booking.com/hotel/gb/the-leonard-and-apartments.html?aid=304142&label=gen173nr-10CAQoggJCDXNlYXJjaF9sb25kb25IM1gEaPQBiAEBmAEzuAEXyAEM2AED6AEB-AEBiAIBqAIBuAK-zuvVBsACAdICJGFhMjY4NjU1LWI5MTQtNDIzOC1iY2MxLThkMTc2ZGY1MTZiM9gCAeACAQ&ucfs=1&arphpl=1&checkin=2026-10-13&checkout=2026-10-14&group_adults=2&req_adults=2&no_rooms=1&group_children=0&req_children=0&hpos=10&hapos=385&sr_order=popularity&srpvid=21039c9fdc8c0948&srepoch=1790633974&all_sr_blocks=3638631_95158891_2_2_0&highlighted_blocks=3638631_95158891_2_2_0&matching_block_id=3638631_95158891_2_2_0&sr_pri_blocks=3638631_95158891_2_2_0__35640&from=searchresults,The Leonard Hotel,472,2026-10-13,2026-09-29T05:23:42.603683,https://www.booking.com/searchresults.html?ss=London&group_adults=2&no_rooms=1&group_children=0&checkin=2026-10-13&checkout=2026-10-14&selected_currency=USD&chal_t=1790633780949&force_referer=,the-leonard-and-apartments,Westminster Borough,London,8.2,Very Good,76
https://www.booking.com/hotel/gb/the-riverside-haven.html?aid=304142&label=gen173nr-10CAQoggJCDXNlYXJjaF9sb25kb25IM1gEaPQBiAEBmAEzuAEXyAEM2AED6AEB-AEBiAIBqAIBuAK-zuvVBsACAdICJGFhMjY4NjU1LWI5MTQtNDIzOC1iY2MxLThkMTc2ZGY1MTZiM9gCAeACAQ&ucfs=1&arphpl=1&checkin=2026-10-13&checkout=2026-10-14&group_adults=2&req_adults=2&no_rooms=1&group_children=0&req_children=0&hpos=11&hapos=386&sr_order=popularity&srpvid=21039c9fdc8c0948&srepoch=1790633974&all_sr_blocks=1341899705_406590103_2_0_0&highlighted_blocks=1341899705_406590103_2_0_0&matching_block_id=1341899705_406590103_2_0_0&sr_pri_blocks=1341899705_406590103_2_0_0__8500&from=searchresults,The Riverside Haven,113,2026-10-13,2026-09-29T05:23:42.703025,https://www.booking.com/searchresults.html?ss=London&group_adults=2&no_rooms=1&group_children=0&checkin=2026-10-13&checkout=2026-10-14&selected_currency=USD&chal_t=1790633780949&force_referer=,the-riverside-haven,Tower Hamlets,London,7.1,Good,398
https://www.booking.com/hotel/gb/russels-square-apartment.html?aid=304142&label=gen173nr-10CAQoggJCDXNlYXJjaF9sb25kb25IM1gEaPQBiAEBmAEzuAEXyAEM2AED6AEB-AEBiAIBqAIBuAK-zuvVBsACAdICJGFhMjY4NjU1LWI5MTQtNDIzOC1iY2MxLThkMTc2ZGY1MTZiM9gCAeACAQ&ucfs=1&arphpl=1&checkin=2026-10-13&checkout=2026-10-14&group_adults=2&req_adults=2&no_rooms=1&group_children=0&req_children=0&hpos=12&hapos=387&sr_order=popularity&srpvid=21039c9fdc8c0948&srepoch=1790633974&all_sr_blocks=1263760502_399304473_4_0_0&highlighted_blocks=1263760502_399304473_4_0_0&matching_block_id=1263760502_399304473_4_0_0&sr_pri_blocks=1263760502_399304473_4_0_0__29520&from=searchresults,LX Russell Square Apartments,391,2026-10-13,2026-09-29T05:23:42.803707,https://www.booking.com/searchresults.html?ss=London&group_adults=2&no_rooms=1&group_children=0&checkin=2026-10-13&checkout=2026-10-14&selected_currency=USD&chal_t=1790633780949&force_referer=,russels-square-apartment,Camden,London,8.2,Very Good,142
https://www.booking.com/hotel/gb/ambassadors-bloomsbury.html?aid=304142&label=gen173nr-10CAQoggJCDXNlYXJjaF9sb25kb25IM1gEaPQBiAEBmAEzuAEXyAEM2AED6AEB-AEBiAIBqAIBuAK-zuvVBsACAdICJGFhMjY4NjU1LWI5MTQtNDIzOC1iY2MxLThkMTc2ZGY1MTZiM9gCAeACAQ&ucfs=1&arphpl=1&checkin=2026-10-13&checkout=2026-10-14&group_adults=2&req_adults=2&no_rooms=1&group_children=0&req_children=0&hpos=13&hapos=388&sr_order=popularity&srpvid=21039c9fdc8c0948&srepoch=1790633974&all_sr_blocks=3463602_0_2_0_0&highlighted_blocks=3463602_0_2_0_0&matching_block_id=3463602_0_2_0_0&sr_pri_blocks=3463602_0_2_0_0__34125&from_sustainable_property_sr=1&from=searchresults,The Memoir Club,452,2026-10-13,2026-09-29T05:23:42.918248,https://www.booking.com/searchresults.html?ss=London&group_adults=2&no_rooms=1&group_children=0&checkin=2026-10-13&checkout=2026-10-14&selected_currency=USD&chal_t=1790633780949&force_referer=,ambassadors-bloomsbury,Camden,London,8.1,Very Good,2579
https://www.booking.com/hotel/gb/excel-apartments-old-street.html?aid=304142&label=gen173nr-10CAQoggJCDXNlYXJjaF9sb25kb25IM1gEaPQBiAEBmAEzuAEXyAEM2AED6AEB-AEBiAIBqAIBuAK-zuvVBsACAdICJGFhMjY4NjU1LWI5MTQtNDIzOC1iY2MxLThkMTc2ZGY1MTZiM9gCAeACAQ&ucfs=1&arphpl=1&checkin=2026-10-13&checkout=2026-10-14&group_adults=2&req_adults=2&no_rooms=1&group_children=0&req_children=0&hpos=14&hapos=389&sr_order=popularity&srpvid=21039c9fdc8c0948&srepoch=1790633974&all_sr_blocks=330420501_115523461_2_0_0&highlighted_blocks=330420501_115523461_2_0_0&matching_block_id=330420501_115523461_2_0_0&sr_pri_blocks=330420501_115523461_2_0_0__16466&from=searchresults,Barbican by Excel Apartments,218,2026-10-13,2026-09-29T05:23:43.033032,https://www.booking.com/searchresults.html?ss=London&group_adults=2&no_rooms=1&group_children=0&checkin=2026-10-13&checkout=2026-10-14&selected_currency=USD&chal_t=1790633780949&force_referer=,excel-apartments-old-street,Islington,London,7.1,Good,307
https://www.booking.com/hotel/gb/tonbridge-house-greater-london.html?aid=304142&label=gen173nr-10CAQoggJCDXNlYXJjaF9sb25kb25IM1gEaPQBiAEBmAEzuAEXyAEM2AED6AEB-AEBiAIBqAIBuAK-zuvVBsACAdICJGFhMjY4NjU1LWI5MTQtNDIzOC1iY2MxLThkMTc2ZGY1MTZiM9gCAeACAQ&ucfs=1&arphpl=1&checkin=2026-10-13&checkout=2026-10-14&group_adults=2&req_adults=2&no_rooms=1&group_children=0&req_children=0&hpos=15&hapos=390&sr_order=popularity&srpvid=21039c9fdc8c0948&srepoch=1790633974&all_sr_blocks=1508944901_422652464_4_0_0&highlighted_blocks=1508944901_422652464_4_0_0&matching_block_id=1508944901_422652464_4_0_0&sr_pri_blocks=1508944901_422652464_4_0_0__13200&from=searchresults,Tonbridge House,175,2026-10-13,2026-09-29T05:23:43.121014,https://www.booking.com/searchresults.html?ss=London&group_adults=2&no_rooms=1&group_children=0&checkin=2026-10-13&checkout=2026-10-14&selected_currency=USD&chal_t=1790633780949&force_referer=,tonbridge-house-greater-london,Camden,London,7.5,Good,56
https://www.booking.com/hotel/gb/kings-cross-euston-central-2-bedroom-apartment.html?aid=304142&label=gen173nr-10CAQoggJCDXNlYXJjaF9sb25kb25IM1gEaPQBiAEBmAEzuAEXyAEM2AED6AEB-AEBiAIBqAIBuAK-zuvVBsACAdICJGFhMjY4NjU1LWI5MTQtNDIzOC1iY2MxLThkMTc2ZGY1MTZiM9gCAeACAQ&ucfs=1&arphpl=1&checkin=2026-10-13&checkout=2026-10-14&group_adults=2&req_adults=2&no_rooms=1&group_children=0&req_children=0&hpos=16&hapos=391&sr_order=popularity&srpvid=21039c9fdc8c0948&srepoch=1790633974&all_sr_blocks=1686545401_440289276_6_0_0_1653940&highlighted_blocks=1686545401_440289276_6_0_0_1653940&matching_block_id=1686545401_440289276_6_0_0_1653940&sr_pri_blocks=1686545401_440289276_6_0_0_1653940_26407&from=searchresults,Kings Cross & Euston - Central 2 Bedroom Apartment,350,2026-10-13,2026-09-29T05:23:43.221514,https://www.booking.com/searchresults.html?ss=London&group_adults=2&no_rooms=1&group_children=0&checkin=2026-10-13&checkout=2026-10-14&selected_currency=USD&chal_t=1790633780949&force_referer=,kings-cross-euston-central-2-bedroom-apartment,Camden,London,10.0,Exceptional,1
https://www.booking.com/hotel/gb/guest-stay-in-apartment-in-stockwell-10-mins-to-central-london.html?aid=304142&label=gen173nr-10CAQoggJCDXNlYXJjaF9sb25kb25IM1gEaPQBiAEBmAEzuAEXyAEM2AED6AEB-AEBiAIBqAIBuAK-zuvVBsACAdICJGFhMjY4NjU1LWI5MTQtNDIzOC1iY2MxLThkMTc2ZGY1MTZiM9gCAeACAQ&ucfs=1&arphpl=1&checkin=2026-10-13&checkout=2026-10-14&group_adults=2&req_adults=2&no_rooms=1&group_children=0&req_children=0&hpos=17&hapos=392&sr_order=popularity&srpvid=21039c9fdc8c0948&srepoch=1790633974&all_sr_blocks=1695284101_441185409_2_0_0&highlighted_blocks=1695284101_441185409_2_0_0&matching_block_id=1695284101_441185409_2_0_0&sr_pri_blocks=1695284101_441185409_2_0_0__11138&from=searchresults,Guest Stay in Apartment in Stockwell - 10 mins to Central London,148,2026-10-13,2026-09-29T05:23:43.308004,https://www.booking.com/searchresults.html?ss=London&group_adults=2&no_rooms=1&group_children=0&checkin=2026-10-13&checkout=2026-10-14&selected_currency=USD&chal_t=1790633780949&force_referer=,guest-stay-in-apartment-in-stockwell-10-mins-to-central-london,Lambeth,London,8.4,Very Good,5
https://www.booking.com/hotel/gb/welcome-london-the-piazza.html?aid=304142&label=gen173nr-10CAQoggJCDXNlYXJjaF9sb25kb25IM1gEaPQBiAEBmAEzuAEXyAEM2AED6AEB-AEBiAIBqAIBuAK-zuvVBsACAdICJGFhMjY4NjU1LWI5MTQtNDIzOC1iY2MxLThkMTc2ZGY1MTZiM9gCAeACAQ&ucfs=1&arphpl=1&checkin=2026-10-13&checkout=2026-10-14&group_adults=2&req_adults=2&no_rooms=1&group_children=0&req_children=0&hpos=18&hapos=393&sr_order=popularity&srpvid=21039c9fdc8c0948&srepoch=1790633974&all_sr_blocks=1118137303_384658439_6_0_0&highlighted_blocks=1118137303_384658439_6_0_0&matching_block_id=1118137303_384658439_6_0_0&sr_pri_blocks=1118137303_384658439_6_0_0__41850&from=searchresults,Welcome London The Piazza,554,2026-10-13,2026-09-29T05:23:43.401027,https://www.booking.com/searchresults.html?ss=London&group_adults=2&no_rooms=1&group_children=0&checkin=2026-10-13&checkout=2026-10-14&selected_currency=USD&chal_t=1790633780949&force_referer=,welcome-london-the-piazza,Camden,London,9.1,Wonderful,132
https://www.booking.com/hotel/gb/the-peachy-homey-the-heart-of-trendy-brixton.html?aid=304142&label=gen173nr-10CAQoggJCDXNlYXJjaF9sb25kb25IM1gEaPQBiAEBmAEzuAEXyAEM2AED6AEB-AEBiAIBqAIBuAK-zuvVBsACAdICJGFhMjY4NjU1LWI5MTQtNDIzOC1iY2MxLThkMTc2ZGY1MTZiM9gCAeACAQ&ucfs=1&arphpl=1&checkin=2026-10-13&checkout=2026-10-14&group_adults=2&req_adults=2&no_rooms=1&group_children=0&req_children=0&hpos=19&hapos=394&sr_order=popularity&srpvid=21039c9fdc8c0948&srepoch=1790633974&all_sr_blocks=880706201_357286434_2_0_0&highlighted_blocks=880706201_357286434_2_0_0&matching_block_id=880706201_357286434_2_0_0&sr_pri_blocks=880706201_357286434_2_0_0__14726&from=searchresults,The Blue Door - Brixton & Clapham,195,2026-10-13,2026-09-29T05:23:43.472439,https://www.booking.com/searchresults.html?ss=London&group_adults=2&no_rooms=1&group_children=0&checkin=2026-10-13&checkout=2026-10-14&selected_currency=USD&chal_t=1790633780949&force_referer=,the-peachy-homey-the-heart-of-trendy-brixton,Lambeth,London,8.4,Very Good,38
https://www.booking.com/hotel/gb/the-judd.html?aid=304142&label=gen173nr-10CAQoggJCDXNlYXJjaF9sb25kb25IM1gEaPQBiAEBmAEzuAEXyAEM2AED6AEB-AEBiAIBqAIBuAK-zuvVBsACAdICJGFhMjY4NjU1LWI5MTQtNDIzOC1iY2MxLThkMTc2ZGY1MTZiM9gCAeACAQ&ucfs=1&arphpl=1&checkin=2026-10-13&checkout=2026-10-14&group_adults=2&req_adults=2&no_rooms=1&group_children=0&req_children=0&hpos=1&hapos=395&sr_order=popularity&srpvid=21039c9fdc8c0948&srepoch=1790633985&all_sr_blocks=23838703_361017464_0_1_0&highlighted_blocks=23838703_361017464_0_1_0&matching_block_id=23838703_361017464_0_1_0&sr_pri_blocks=23838703_361017464_0_1_0__26125&from=searchresults,The Judd Hotel,346,2026-10-13,2026-09-29T05:23:43.557645,https://www.booking.com/searchresults.html?ss=London&group_adults=2&no_rooms=1&group_children=0&checkin=2026-10-13&checkout=2026-10-14&selected_currency=USD&chal_t=1790633780949&force_referer=,the-judd,Camden,London,7.5,Good,2250
https://www.booking.com/hotel/gb/the-pilgrm.html?aid=304142&label=gen173nr-10CAQoggJCDXNlYXJjaF9sb25kb25IM1gEaPQBiAEBmAEzuAEXyAEM2AED6AEB-AEBiAIBqAIBuAK-zuvVBsACAdICJGFhMjY4NjU1LWI5MTQtNDIzOC1iY2MxLThkMTc2ZGY1MTZiM9gCAeACAQ&ucfs=1&arphpl=1&checkin=2026-10-13&checkout=2026-10-14&group_adults=2&req_adults=2&no_rooms=1&group_children=0&req_children=0&hpos=2&hapos=396&sr_order=popularity&srpvid=21039c9fdc8c0948&srepoch=1790633985&all_sr_blocks=25490518_88652268_0_2_0&highlighted_blocks=25490518_88652268_0_2_0&matching_block_id=25490518_88652268_0_2_0&sr_pri_blocks=25490518_88652268_0_2_0__27408&from=searchresults,The Pilgrm,363,2026-10-13,2026-09-29T05:23:43.637254,https://www.booking.com/searchresults.html?ss=London&group_adults=2&no_rooms=1&group_children=0&checkin=2026-10-13&checkout=2026-10-14&selected_currency=USD&chal_t=1790633780949&force_referer=,the-pilgrm,Westminster Borough,London,7.8,Good,1758
https://www.booking.com/hotel/gb/goodwood.html?aid=304142&label=gen173nr-10CAQoggJCDXNlYXJjaF9sb25kb25IM1gEaPQBiAEBmAEzuAEXyAEM2AED6AEB-AEBiAIBqAIBuAK-zuvVBsACAdICJGFhMjY4NjU1LWI5MTQtNDIzOC1iY2MxLThkMTc2ZGY1MTZiM9gCAeACAQ&ucfs=1&arphpl=1&checkin=2026-10-13&checkout=2026-10-14&group_adults=2&req_adults=2&no_rooms=1&group_children=0&req_children=0&hpos=3&hapos=397&sr_order=popularity&srpvid=21039c9fdc8c0948&srepoch=1790633985&all_sr_blocks=3807504_95162023_0_0_0&highlighted_blocks=3807504_95162023_0_0_0&matching_block_id=3807504_95162023_0_0_0&sr_pri_blocks=3807504_95162023_0_0_0__8465&from=searchresults,Goodwood Hotel,112,2026-10-13,2026-09-29T05:23:43.701825,https://www.booking.com/searchresults.html?ss=London&group_adults=2&no_rooms=1&group_children=0&checkin=2026-10-13&checkout=2026-10-14&selected_currency=USD&chal_t=1790633780949&force_referer=,goodwood,Camden,London,5.1,Average,1083
https://www.booking.com/hotel/gb/cambridge-gardens-greater-london.html?aid=304142&label=gen173nr-10CAQoggJCDXNlYXJjaF9sb25kb25IM1gEaPQBiAEBmAEzuAEXyAEM2AED6AEB-AEBiAIBqAIBuAK-zuvVBsACAdICJGFhMjY4NjU1LWI5MTQtNDIzOC1iY2MxLThkMTc2ZGY1MTZiM9gCAeACAQ&ucfs=1&arphpl=1&checkin=2026-10-13&checkout=2026-10-14&group_adults=2&req_adults=2&no_rooms=1&group_children=0&req_children=0&hpos=4&hapos=398&sr_order=popularity&srpvid=21039c9fdc8c0948&srepoch=1790633985&all_sr_blocks=1540477907_425452340_5_0_0&highlighted_blocks=1540477907_425452340_5_0_0&matching_block_id=1540477907_425452340_5_0_0&sr_pri_blocks=1540477907_425452340_5_0_0__10296&from=searchresults,Cambridge Gardens,136,2026-10-13,2026-09-29T05:23:43.768128,https://www.booking.com/searchresults.html?ss=London&group_adults=2&no_rooms=1&group_children=0&checkin=2026-10-13&checkout=2026-10-14&selected_currency=USD&chal_t=1790633780949&force_referer=,cambridge-gardens-greater-london,Brent,London,8.0,Very Good,116
https://www.booking.com/hotel/gb/crownmoran.html?aid=304142&label=gen173nr-10CAQoggJCDXNlYXJjaF9sb25kb25IM1gEaPQBiAEBmAEzuAEXyAEM2AED6AEB-AEBiAIBqAIBuAK-zuvVBsACAdICJGFhMjY4NjU1LWI5MTQtNDIzOC1iY2MxLThkMTc2ZGY1MTZiM9gCAeACAQ&ucfs=1&arphpl=1&checkin=2026-10-13&checkout=2026-10-14&group_adults=2&req_adults=2&no_rooms=1&group_children=0&req_children=0&hpos=5&hapos=399&sr_order=popularity&srpvid=21039c9fdc8c0948&srepoch=1790633985&all_sr_blocks=22004227_91467302_2_34_0&highlighted_blocks=22004227_91467302_2_34_0&matching_block_id=22004227_91467302_2_34_0&sr_pri_blocks=22004227_91467302_2_34_0__14459&from=searchresults,"The Crown London, WorldHotels Distinctive",192,2026-10-13,2026-09-29T05:23:43.847373,https://www.booking.com/searchresults.html?ss=London&group_adults=2&no_rooms=1&group_children=0&checkin=2026-10-13&checkout=2026-10-14&selected_currency=USD&chal_t=1790633780949&force_referer=,crownmoran,Unknown,London,7.2,Good,3447
https://www.booking.com/hotel/gb/blakemore.html?aid=304142&label=gen173nr-10CAQoggJCDXNlYXJjaF9sb25kb25IM1gEaPQBiAEBmAEzuAEXyAEM2AED6AEB-AEBiAIBqAIBuAK-zuvVBsACAdICJGFhMjY4NjU1LWI5MTQtNDIzOC1iY2MxLThkMTc2ZGY1MTZiM9gCAeACAQ&ucfs=1&arphpl=1&checkin=2026-10-13&checkout=2026-10-14&group_adults=2&req_adults=2&no_rooms=1&group_children=0&req_children=0&hpos=6&hapos=400&sr_order=popularity&srpvid=21039c9fdc8c0948&srepoch=1790633985&all_sr_blocks=10437503_91909176_0_42_0&highlighted_blocks=10437503_91909176_0_42_0&matching_block_id=10437503_91909176_0_42_0&sr_pri_blocks=10437503_91909176_0_42_0__24261&from=searchresults,Blakemore Hyde Park,321,2026-10-13,2026-09-29T05:23:43.956768,https://www.booking.com/searchresults.html?ss=London&group_adults=2&no_rooms=1&group_children=0&checkin=2026-10-13&checkout=2026-10-14&selected_currency=USD&chal_t=1790633780949&force_referer=,blakemore,Westminster Borough,London,8.4,Very Good,10711
https://www.booking.com/hotel/gb/radissonblusussexhotel.html?aid=304142&label=gen173nr-10CAQoggJCDXNlYXJjaF9sb25kb25IM1gEaPQBiAEBmAEzuAEXyAEM2AED6AEB-AEBiAIBqAIBuAK-zuvVBsACAdICJGFhMjY4NjU1LWI5MTQtNDIzOC1iY2MxLThkMTc2ZGY1MTZiM9gCAeACAQ&ucfs=1&arphpl=1&checkin=2026-10-13&checkout=2026-10-14&group_adults=2&req_adults=2&no_rooms=1&group_children=0&req_children=0&hpos=7&hapos=401&sr_order=popularity&srpvid=21039c9fdc8c0948&srepoch=1790633985&all_sr_blocks=21827225_178307655_2_2_0&highlighted_blocks=21827225_178307655_2_2_0&matching_block_id=21827225_178307655_2_2_0&sr_pri_blocks=21827225_178307655_2_2_0__41850&from_sustainable_property_sr=1&from=searchresults,Guild Hotel Marble Arch,554,2026-10-13,2026-09-29T05:23:44.069648,https://www.booking.com/searchresults.html?ss=London&group_adults=2&no_rooms=1&group_children=0&checkin=2026-10-13&checkout=2026-10-14&selected_currency=USD&chal_t=1790633780949&force_referer=,radissonblusussexhotel,Westminster Borough,London,6.9,Average,2095
https://www.booking.com/hotel/gb/219-flat-4-piccadilly-3rd-floor.html?aid=304142&label=gen173nr-10CAQoggJCDXNlYXJjaF9sb25kb25IM1gEaPQBiAEBmAEzuAEXyAEM2AED6AEB-AEBiAIBqAIBuAK-zuvVBsACAdICJGFhMjY4NjU1LWI5MTQtNDIzOC1iY2MxLThkMTc2ZGY1MTZiM9gCAeACAQ&ucfs=1&arphpl=1&checkin=2026-10-13&checkout=2026-10-14&group_adults=2&req_adults=2&no_rooms=1&group_children=0&req_children=0&hpos=8&hapos=402&sr_order=popularity&srpvid=21039c9fdc8c0948&srepoch=1790633985&all_sr_blocks=1666653301_444011797_2_0_0&highlighted_blocks=1666653301_444011797_2_0_0&matching_block_id=1666653301_444011797_2_0_0&sr_pri_blocks=1666653301_444011797_2_0_0__15290&from=searchresults,"Nova Kensington, Brand-New 1-Bed Flat with AC, Sleeps 3",203,2026-10-13,2026-09-29T05:23:44.155335,https://www.booking.com/searchresults.html?ss=London&group_adults=2&no_rooms=1&group_children=0&checkin=2026-10-13&checkout=2026-10-14&selected_currency=USD&chal_t=1790633780949&force_referer=,219-flat-4-piccadilly-3rd-floor,Kensington and Chelsea,London,9.3,Wonderful,4
https://www.booking.com/hotel/gb/grove-heights-notting-hill.html?aid=304142&label=gen173nr-10CAQoggJCDXNlYXJjaF9sb25kb25IM1gEaPQBiAEBmAEzuAEXyAEM2AED6AEB-AEBiAIBqAIBuAK-zuvVBsACAdICJGFhMjY4NjU1LWI5MTQtNDIzOC1iY2MxLThkMTc2ZGY1MTZiM9gCAeACAQ&ucfs=1&arphpl=1&checkin=2026-10-13&checkout=2026-10-14&group_adults=2&req_adults=2&no_rooms=1&group_children=0&req_children=0&hpos=9&hapos=403&sr_order=popularity&srpvid=21039c9fdc8c0948&srepoch=1790633985&all_sr_blocks=1374570011_420765053_6_0_0&highlighted_blocks=1374570011_420765053_6_0_0&matching_block_id=1374570011_420765053_6_0_0&sr_pri_blocks=1374570011_420765053_6_0_0__25975&from=searchresults,Grove Heights Notting Hill,344,2026-10-13,2026-09-29T05:23:44.236790,https://www.booking.com/searchresults.html?ss=London&group_adults=2&no_rooms=1&group_children=0&checkin=2026-10-13&checkout=2026-10-14&selected_currency=USD&chal_t=1790633780949&force_referer=,grove-heights-notting-hill,Westminster Borough,London,7.6,Good,567
https://www.booking.com/hotel/gb/cool-place-02-academy.html?aid=304142&label=gen173nr-10CAQoggJCDXNlYXJjaF9sb25kb25IM1gEaPQBiAEBmAEzuAEXyAEM2AED6AEB-AEBiAIBqAIBuAK-zuvVBsACAdICJGFhMjY4NjU1LWI5MTQtNDIzOC1iY2MxLThkMTc2ZGY1MTZiM9gCAeACAQ&ucfs=1&arphpl=1&checkin=2026-10-13&checkout=2026-10-14&group_adults=2&req_adults=2&no_rooms=1&group_children=0&req_children=0&hpos=10&hapos=404&sr_order=popularity&srpvid=21039c9fdc8c0948&srepoch=1790633985&all_sr_blocks=888528702_358797768_2_0_0&highlighted_blocks=888528702_358797768_2_0_0&matching_block_id=888528702_358797768_2_0_0&sr_pri_blocks=888528702_358797768_2_0_0__5105&from=searchresults,Cool Place 02 Academy,68,2026-10-13,2026-09-29T05:23:44.312290,https://www.booking.com/searchresults.html?ss=London&group_adults=2&no_rooms=1&group_children=0&checkin=2026-10-13&checkout=2026-10-14&selected_currency=USD&chal_t=1790633780949&force_referer=,cool-place-02-academy,Lambeth,London,8.3,Very Good,344
https://www.booking.com/hotel/gb/amazing-place-to-stay.html?aid=304142&label=gen173nr-10CAQoggJCDXNlYXJjaF9sb25kb25IM1gEaPQBiAEBmAEzuAEXyAEM2AED6AEB-AEBiAIBqAIBuAK-zuvVBsACAdICJGFhMjY4NjU1LWI5MTQtNDIzOC1iY2MxLThkMTc2ZGY1MTZiM9gCAeACAQ&ucfs=1&arphpl=1&checkin=2026-10-13&checkout=2026-10-14&group_adults=2&req_adults=2&no_rooms=1&group_children=0&req_children=0&hpos=11&hapos=405&sr_order=popularity&srpvid=21039c9fdc8c0948&srepoch=1790633985&all_sr_blocks=1585545501_429677132_2_0_0&highlighted_blocks=1585545501_429677132_2_0_0&matching_block_id=1585545501_429677132_2_0_0&sr_pri_blocks=1585545501_429677132_2_0_0__8991&from=searchresults,Amazing place to stay,119,2026-10-13,2026-09-29T05:23:44.391732,https://www.booking.com/searchresults.html?ss=London&group_adults=2&no_rooms=1&group_children=0&checkin=2026-10-13&checkout=2026-10-14&selected_currency=USD&chal_t=1790633780949&force_referer=,amazing-place-to-stay,Lambeth,London,7.9,Good,13
https://www.booking.com/hotel/gb/the-j-hyde-by-chapter.html?aid=304142&label=gen173nr-10CAQoggJCDXNlYXJjaF9sb25kb25IM1gEaPQBiAEBmAEzuAEXyAEM2AED6AEB-AEBiAIBqAIBuAK-zuvVBsACAdICJGFhMjY4NjU1LWI5MTQtNDIzOC1iY2MxLThkMTc2ZGY1MTZiM9gCAeACAQ&ucfs=1&arphpl=1&checkin=2026-10-13&checkout=2026-10-14&group_adults=2&req_adults=2&no_rooms=1&group_children=0&req_children=0&hpos=12&hapos=406&sr_order=popularity&srpvid=21039c9fdc8c0948&srepoch=1790633985&all_sr_blocks=1252952903_397807107_2_0_0&highlighted_blocks=1252952903_397807107_2_0_0&matching_block_id=1252952903_397807107_2_0_0&sr_pri_blocks=1252952903_397807107_2_0_0__12833&from=searchresults,The J Hyde Park Hotel,170,2026-10-13,2026-09-29T05:23:44.513361,https://www.booking.com/searchresults.html?ss=London&group_adults=2&no_rooms=1&group_children=0&checkin=2026-10-13&checkout=2026-10-14&selected_currency=USD&chal_t=1790633780949&force_referer=,the-j-hyde-by-chapter,Westminster Borough,London,7.2,Good,869
https://www.booking.com/hotel/gb/reemhotel.html?aid=304142&label=gen173nr-10CAQoggJCDXNlYXJjaF9sb25kb25IM1gEaPQBiAEBmAEzuAEXyAEM2AED6AEB-AEBiAIBqAIBuAK-zuvVBsACAdICJGFhMjY4NjU1LWI5MTQtNDIzOC1iY2MxLThkMTc2ZGY1MTZiM9gCAeACAQ&ucfs=1&arphpl=1&checkin=2026-10-13&checkout=2026-10-14&group_adults=2&req_adults=2&no_rooms=1&group_children=0&req_children=0&hpos=13&hapos=407&sr_order=popularity&srpvid=21039c9fdc8c0948&srepoch=1790633985&all_sr_blocks=3370_88651842_0_2_0&highlighted_blocks=3370_88651842_0_2_0&matching_block_id=3370_88651842_0_2_0&sr_pri_blocks=3370_88651842_0_2_0__17325&from=searchresults,Reem Hotel,230,2026-10-13,2026-09-29T05:23:44.697550,https://www.booking.com/searchresults.html?ss=London&group_adults=2&no_rooms=1&group_children=0&checkin=2026-10-13&checkout=2026-10-14&selected_currency=USD&chal_t=1790633780949&force_referer=,reemhotel,Westminster Borough,London,8.4,Very Good,1348
https://www.booking.com/hotel/gb/the-warwick-greater-london.html?aid=304142&label=gen173nr-10CAQoggJCDXNlYXJjaF9sb25kb25IM1gEaPQBiAEBmAEzuAEXyAEM2AED6AEB-AEBiAIBqAIBuAK-zuvVBsACAdICJGFhMjY4NjU1LWI5MTQtNDIzOC1iY2MxLThkMTc2ZGY1MTZiM9gCAeACAQ&ucfs=1&arphpl=1&checkin=2026-10-13&checkout=2026-10-14&group_adults=2&req_adults=2&no_rooms=1&group_children=0&req_children=0&hpos=14&hapos=408&sr_order=popularity&srpvid=21039c9fdc8c0948&srepoch=1790633985&all_sr_blocks=589202204_444376501_0_0_0&highlighted_blocks=589202204_444376501_0_0_0&matching_block_id=589202204_444376501_0_0_0&sr_pri_blocks=589202204_444376501_0_0_0__23577&from=searchresults,The Warwick By Nestor,312,2026-10-13,2026-09-29T05:23:44.886391,https://www.booking.com/searchresults.html?ss=London&group_adults=2&no_rooms=1&group_children=0&checkin=2026-10-13&checkout=2026-10-14&selected_currency=USD&chal_t=1790633780949&force_referer=,the-warwick-greater-london,Westminster Borough,London,7.3,Good,484
https://www.booking.com/hotel/gb/san-domenico-house.html?aid=304142&label=gen173nr-10CAQoggJCDXNlYXJjaF9sb25kb25IM1gEaPQBiAEBmAEzuAEXyAEM2AED6AEB-AEBiAIBqAIBuAK-zuvVBsACAdICJGFhMjY4NjU1LWI5MTQtNDIzOC1iY2MxLThkMTc2ZGY1MTZiM9gCAeACAQ&ucfs=1&arphpl=1&checkin=2026-10-13&checkout=2026-10-14&group_adults=2&req_adults=2&no_rooms=1&group_children=0&req_children=0&hpos=15&hapos=409&sr_order=popularity&srpvid=21039c9fdc8c0948&srepoch=1790633985&all_sr_blocks=25028803_91914956_0_2_0&highlighted_blocks=25028803_91914956_0_2_0&matching_block_id=25028803_91914956_0_2_0&sr_pri_blocks=25028803_91914956_0_2_0__48869&from=searchresults,San Domenico House,647,2026-10-13,2026-09-29T05:23:45.171637,https://www.booking.com/searchresults.html?ss=London&group_adults=2&no_rooms=1&group_children=0&checkin=2026-10-13&checkout=2026-10-14&selected_currency=USD&chal_t=1790633780949&force_referer=,san-domenico-house,Kensington and Chelsea,London,9.2,Wonderful,634
https://www.booking.com/hotel/gb/portobello-rooms-by-dc-london-rooms.html?aid=304142&label=gen173nr-10CAQoggJCDXNlYXJjaF9sb25kb25IM1gEaPQBiAEBmAEzuAEXyAEM2AED6AEB-AEBiAIBqAIBuAK-zuvVBsACAdICJGFhMjY4NjU1LWI5MTQtNDIzOC1iY2MxLThkMTc2ZGY1MTZiM9gCAeACAQ&ucfs=1&arphpl=1&checkin=2026-10-13&checkout=2026-10-14&group_adults=2&req_adults=2&no_rooms=1&group_children=0&req_children=0&hpos=16&hapos=410&sr_order=popularity&srpvid=21039c9fdc8c0948&srepoch=1790633985&all_sr_blocks=1366413801_408922090_2_0_0&highlighted_blocks=1366413801_408922090_2_0_0&matching_block_id=1366413801_408922090_2_0_0&sr_pri_blocks=1366413801_408922090_2_0_0__5536&from=searchresults,Portobello Rooms by PrimeCityHosts,73,2026-10-13,2026-09-29T05:23:45.337863,https://www.booking.com/searchresults.html?ss=London&group_adults=2&no_rooms=1&group_children=0&checkin=2026-10-13&checkout=2026-10-14&selected_currency=USD&chal_t=1790633780949&force_referer=,portobello-rooms-by-dc-london-rooms,Westminster Borough,London,5.9,Average,148
https://www.booking.com/hotel/gb/the-corner-london-city.html?aid=304142&label=gen173nr-10CAQoggJCDXNlYXJjaF9sb25kb25IM1gEaPQBiAEBmAEzuAEXyAEM2AED6AEB-AEBiAIBqAIBuAK-zuvVBsACAdICJGFhMjY4NjU1LWI5MTQtNDIzOC1iY2MxLThkMTc2ZGY1MTZiM9gCAeACAQ&ucfs=1&arphpl=1&checkin=2026-10-13&checkout=2026-10-14&group_adults=2&req_adults=2&no_rooms=1&group_children=0&req_children=0&hpos=17&hapos=411&sr_order=popularity&srpvid=21039c9fdc8c0948&srepoch=1790633985&all_sr_blocks=67350301_0_2_0_0&highlighted_blocks=67350301_0_2_0_0&matching_block_id=67350301_0_2_0_0&sr_pri_blocks=67350301_0_2_0_0__23698&from_sustainable_property_sr=1&from=searchresults,The Corner London City,314,2026-10-13,2026-09-29T05:23:45.504957,https://www.booking.com/searchresults.html?ss=London&group_adults=2&no_rooms=1&group_children=0&checkin=2026-10-13&checkout=2026-10-14&selected_currency=USD&chal_t=1790633780949&force_referer=,the-corner-london-city,Tower Hamlets,London,8.2,Very Good,6503
https://www.booking.com/hotel/gb/the-tudor-inn.html?aid=304142&label=gen173nr-10CAQoggJCDXNlYXJjaF9sb25kb25IM1gEaPQBiAEBmAEzuAEXyAEM2AED6AEB-AEBiAIBqAIBuAK-zuvVBsACAdICJGFhMjY4NjU1LWI5MTQtNDIzOC1iY2MxLThkMTc2ZGY1MTZiM9gCAeACAQ&ucfs=1&arphpl=1&checkin=2026-10-13&checkout=2026-10-14&group_adults=2&req_adults=2&no_rooms=1&group_children=0&req_children=0&hpos=18&hapos=412&sr_order=popularity&srpvid=21039c9fdc8c0948&srepoch=1790633985&all_sr_blocks=168787901_200338592_2_0_0&highlighted_blocks=168787901_200338592_2_0_0&matching_block_id=168787901_200338592_2_0_0&sr_pri_blocks=168787901_200338592_2_0_0__16972&from=searchresults,The Tudor Inn Hotel,225,2026-10-13,2026-09-29T05:23:45.722604,https://www.booking.com/searchresults.html?ss=London&group_adults=2&no_rooms=1&group_children=0&checkin=2026-10-13&checkout=2026-10-14&selected_currency=USD&chal_t=1790633780949&force_referer=,the-tudor-inn,Westminster Borough,London,6.7,Average,869
https://www.booking.com/hotel/gb/maryland-studio.html?aid=304142&label=gen173nr-10CAQoggJCDXNlYXJjaF9sb25kb25IM1gEaPQBiAEBmAEzuAEXyAEM2AED6AEB-AEBiAIBqAIBuAK-zuvVBsACAdICJGFhMjY4NjU1LWI5MTQtNDIzOC1iY2MxLThkMTc2ZGY1MTZiM9gCAeACAQ&ucfs=1&arphpl=1&checkin=2026-10-13&checkout=2026-10-14&group_adults=2&req_adults=2&no_rooms=1&group_children=0&req_children=0&hpos=19&hapos=413&sr_order=popularity&srpvid=21039c9fdc8c0948&srepoch=1790633985&all_sr_blocks=1414646603_413183961_2_0_0&highlighted_blocks=1414646603_413183961_2_0_0&matching_block_id=1414646603_413183961_2_0_0&sr_pri_blocks=1414646603_413183961_2_0_0__11000&from=searchresults,Maryland Studio,146,2026-10-13,2026-09-29T05:23:45.917292,https://www.booking.com/searchresults.html?ss=London&group_adults=2&no_rooms=1&group_children=0&checkin=2026-10-13&checkout=2026-10-14&selected_currency=USD&chal_t=1790633780949&force_referer=,maryland-studio,Newham,London,6.6,Average,423
https://www.booking.com/hotel/gb/stratford-green-nest.html?aid=304142&label=gen173nr-10CAQoggJCDXNlYXJjaF9sb25kb25IM1gEaPQBiAEBmAEzuAEXyAEM2AED6AEB-AEBiAIBqAIBuAK-zuvVBsACAdICJGFhMjY4NjU1LWI5MTQtNDIzOC1iY2MxLThkMTc2ZGY1MTZiM9gCAeACAQ&ucfs=1&arphpl=1&checkin=2026-10-13&checkout=2026-10-14&group_adults=2&req_adults=2&no_rooms=1&group_children=0&req_children=0&hpos=20&hapos=414&sr_order=popularity&srpvid=21039c9fdc8c0948&srepoch=1790633985&all_sr_blocks=1415085001_413217959_2_0_0&highlighted_blocks=1415085001_413217959_2_0_0&matching_block_id=1415085001_413217959_2_0_0&sr_pri_blocks=1415085001_413217959_2_0_0__6435&from=searchresults,Stratford Green Nest,85,2026-10-13,2026-09-29T05:23:46.099383,https://www.booking.com/searchresults.html?ss=London&group_adults=2&no_rooms=1&group_children=0&checkin=2026-10-13&checkout=2026-10-14&selected_currency=USD&chal_t=1790633780949&force_referer=,stratford-green-nest,Newham,London,7.0,Good,524
https://www.booking.com/hotel/gb/the-cozy-settle-stay-relax-and-unwind.html?aid=304142&label=gen173nr-10CAQoggJCDXNlYXJjaF9sb25kb25IM1gEaPQBiAEBmAEzuAEXyAEM2AED6AEB-AEBiAIBqAIBuAK-zuvVBsACAdICJGFhMjY4NjU1LWI5MTQtNDIzOC1iY2MxLThkMTc2ZGY1MTZiM9gCAeACAQ&ucfs=1&arphpl=1&checkin=2026-10-13&checkout=2026-10-14&group_adults=2&req_adults=2&no_rooms=1&group_children=0&req_children=0&hpos=1&hapos=415&sr_order=popularity&srpvid=21039c9fdc8c0948&srepoch=1790633997&all_sr_blocks=1521479601_442706800_0_0_0&highlighted_blocks=1521479601_442706800_0_0_0&matching_block_id=1521479601_442706800_0_0_0&sr_pri_blocks=1521479601_442706800_0_0_0__21458&from=searchresults,"Traditional London Flat, Minutes to Tower Bridge and City",284,2026-10-13,2026-09-29T05:23:46.354794,https://www.booking.com/searchresults.html?ss=London&group_adults=2&no_rooms=1&group_children=0&checkin=2026-10-13&checkout=2026-10-14&selected_currency=USD&chal_t=1790633780949&force_referer=,the-cozy-settle-stay-relax-and-unwind,Tower Hamlets,London,7.6,Good,17
https://www.booking.com/hotel/gb/hilton-london-canary-wharf.html?aid=304142&label=gen173nr-10CAQoggJCDXNlYXJjaF9sb25kb25IM1gEaPQBiAEBmAEzuAEXyAEM2AED6AEB-AEBiAIBqAIBuAK-zuvVBsACAdICJGFhMjY4NjU1LWI5MTQtNDIzOC1iY2MxLThkMTc2ZGY1MTZiM9gCAeACAQ&ucfs=1&arphpl=1&checkin=2026-10-13&checkout=2026-10-14&group_adults=2&req_adults=2&no_rooms=1&group_children=0&req_children=0&hpos=2&hapos=416&sr_order=popularity&srpvid=21039c9fdc8c0948&srepoch=1790633997&all_sr_blocks=3392620_95154746_2_2_0&highlighted_blocks=3392620_95154746_2_2_0&matching_block_id=3392620_95154746_2_2_0&sr_pri_blocks=3392620_95154746_2_2_0__51980&from=searchresults,Hilton London Canary Wharf,689,2026-10-13,2026-09-29T05:23:46.540550,https://www.booking.com/searchresults.html?ss=London&group_adults=2&no_rooms=1&group_children=0&checkin=2026-10-13&checkout=2026-10-14&selected_currency=USD&chal_t=1790633780949&force_referer=,hilton-london-canary-wharf,Tower Hamlets,London,8.7,Excellent,2724
https://www.booking.com/hotel/gb/guest-house-london.html?aid=304142&label=gen173nr-10CAQoggJCDXNlYXJjaF9sb25kb25IM1gEaPQBiAEBmAEzuAEXyAEM2AED6AEB-AEBiAIBqAIBuAK-zuvVBsACAdICJGFhMjY4NjU1LWI5MTQtNDIzOC1iY2MxLThkMTc2ZGY1MTZiM9gCAeACAQ&ucfs=1&arphpl=1&checkin=2026-10-13&checkout=2026-10-14&group_adults=2&req_adults=2&no_rooms=1&group_children=0&req_children=0&hpos=3&hapos=417&sr_order=popularity&srpvid=21039c9fdc8c0948&srepoch=1790633997&all_sr_blocks=117339102_93249860_0_0_0&highlighted_blocks=117339102_93249860_0_0_0&matching_block_id=117339102_93249860_0_0_0&sr_pri_blocks=117339102_93249860_0_0_0__5661&from=searchresults,Guest House London,75,2026-10-13,2026-09-29T05:23:47.187420,https://www.booking.com/searchresults.html?ss=London&group_adults=2&no_rooms=1&group_children=0&checkin=2026-10-13&checkout=2026-10-14&selected_currency=USD&chal_t=1790633780949&force_referer=,guest-house-london,Unknown,London,8.0,Very Good,179
https://www.booking.com/hotel/gb/theclarendonhotel.html?aid=304142&label=gen173nr-10CAQoggJCDXNlYXJjaF9sb25kb25IM1gEaPQBiAEBmAEzuAEXyAEM2AED6AEB-AEBiAIBqAIBuAK-zuvVBsACAdICJGFhMjY4NjU1LWI5MTQtNDIzOC1iY2MxLThkMTc2ZGY1MTZiM9gCAeACAQ&ucfs=1&arphpl=1&checkin=2026-10-13&checkout=2026-10-14&group_adults=2&req_adults=2&no_rooms=1&group_children=0&req_children=0&hpos=4&hapos=418&sr_order=popularity&srpvid=21039c9fdc8c0948&srepoch=1790633997&all_sr_blocks=61910_91909204_2_41_0&highlighted_blocks=61910_91909204_2_41_0&matching_block_id=61910_91909204_2_41_0&sr_pri_blocks=61910_91909204_2_41_0__13287&from=searchresults,The Clarendon Hotel,176,2026-10-13,2026-09-29T05:23:47.520852,https://www.booking.com/searchresults.html?ss=London&group_adults=2&no_rooms=1&group_children=0&checkin=2026-10-13&checkout=2026-10-14&selected_currency=USD&chal_t=1790633780949&force_referer=,theclarendonhotel,Lewisham,London,8.2,Very Good,4808
https://www.booking.com/hotel/gb/the-brondesbury-by-nestor.html?aid=304142&label=gen173nr-10CAQoggJCDXNlYXJjaF9sb25kb25IM1gEaPQBiAEBmAEzuAEXyAEM2AED6AEB-AEBiAIBqAIBuAK-zuvVBsACAdICJGFhMjY4NjU1LWI5MTQtNDIzOC1iY2MxLThkMTc2ZGY1MTZiM9gCAeACAQ&ucfs=1&arphpl=1&checkin=2026-10-13&checkout=2026-10-14&group_adults=2&req_adults=2&no_rooms=1&group_children=0&req_children=0&hpos=5&hapos=419&sr_order=popularity&srpvid=21039c9fdc8c0948&srepoch=1790633997&all_sr_blocks=1146630901_423403818_2_0_0&highlighted_blocks=1146630901_423403818_2_0_0&matching_block_id=1146630901_423403818_2_0_0&sr_pri_blocks=1146630901_423403818_2_0_0__24589&from=searchresults,The Brondesbury by Nestor,326,2026-10-13,2026-09-29T05:23:47.701187,https://www.booking.com/searchresults.html?ss=London&group_adults=2&no_rooms=1&group_children=0&checkin=2026-10-13&checkout=2026-10-14&selected_currency=USD&chal_t=1790633780949&force_referer=,the-brondesbury-by-nestor,Brent,London,8.0,Very Good,313
https://www.booking.com/hotel/gb/kip.html?aid=304142&label=gen173nr-10CAQoggJCDXNlYXJjaF9sb25kb25IM1gEaPQBiAEBmAEzuAEXyAEM2AED6AEB-AEBiAIBqAIBuAK-zuvVBsACAdICJGFhMjY4NjU1LWI5MTQtNDIzOC1iY2MxLThkMTc2ZGY1MTZiM9gCAeACAQ&ucfs=1&arphpl=1&checkin=2026-10-13&checkout=2026-10-14&group_adults=2&req_adults=2&no_rooms=1&group_children=0&req_children=0&hpos=6&hapos=420&sr_order=popularity&srpvid=21039c9fdc8c0948&srepoch=1790633997&all_sr_blocks=157011803_0_2_0_0&highlighted_blocks=157011803_0_2_0_0&matching_block_id=157011803_0_2_0_0&sr_pri_blocks=157011803_0_2_0_0__8317&from=searchresults,Kip Hotel,110,2026-10-13,2026-09-29T05:23:47.856399,https://www.booking.com/searchresults.html?ss=London&group_adults=2&no_rooms=1&group_children=0&checkin=2026-10-13&checkout=2026-10-14&selected_currency=USD&chal_t=1790633780949&force_referer=,kip,Hackney,London,7.1,Good,5660
https://www.booking.com/hotel/gb/kula-london-bridge.html?aid=304142&label=gen173nr-10CAQoggJCDXNlYXJjaF9sb25kb25IM1gEaPQBiAEBmAEzuAEXyAEM2AED6AEB-AEBiAIBqAIBuAK-zuvVBsACAdICJGFhMjY4NjU1LWI5MTQtNDIzOC1iY2MxLThkMTc2ZGY1MTZiM9gCAeACAQ&ucfs=1&arphpl=1&checkin=2026-10-13&checkout=2026-10-14&group_adults=2&req_adults=2&no_rooms=1&group_children=0&req_children=0&hpos=7&hapos=421&sr_order=popularity&srpvid=21039c9fdc8c0948&srepoch=1790633997&all_sr_blocks=1389885102_410972107_0_0_0&highlighted_blocks=1389885102_410972107_0_0_0&matching_block_id=1389885102_410972107_0_0_0&sr_pri_blocks=1389885102_410972107_0_0_0__33165&from=searchresults,Kula London Bridge,439,2026-10-13,2026-09-29T05:23:47.985073,https://www.booking.com/searchresults.html?ss=London&group_adults=2&no_rooms=1&group_children=0&checkin=2026-10-13&checkout=2026-10-14&selected_currency=USD&chal_t=1790633780949&force_referer=,kula-london-bridge,Southwark,London,8.4,Very Good,119
https://www.booking.com/hotel/gb/superb-bright-studio-in-kensington.html?aid=304142&label=gen173nr-10CAQoggJCDXNlYXJjaF9sb25kb25IM1gEaPQBiAEBmAEzuAEXyAEM2AED6AEB-AEBiAIBqAIBuAK-zuvVBsACAdICJGFhMjY4NjU1LWI5MTQtNDIzOC1iY2MxLThkMTc2ZGY1MTZiM9gCAeACAQ&ucfs=1&arphpl=1&checkin=2026-10-13&checkout=2026-10-14&group_adults=2&req_adults=2&no_rooms=1&group_children=0&req_children=0&hpos=8&hapos=422&sr_order=popularity&srpvid=21039c9fdc8c0948&srepoch=1790633997&all_sr_blocks=916816404_413281691_2_0_0&highlighted_blocks=916816404_413281691_2_0_0&matching_block_id=916816404_413281691_2_0_0&sr_pri_blocks=916816404_413281691_2_0_0__15633&from=searchresults,Kensington Apartments by Kirei House,207,2026-10-13,2026-09-29T05:23:48.113745,https://www.booking.com/searchresults.html?ss=London&group_adults=2&no_rooms=1&group_children=0&checkin=2026-10-13&checkout=2026-10-14&selected_currency=USD&chal_t=1790633780949&force_referer=,superb-bright-studio-in-kensington,Kensington and Chelsea,London,8.3,Very Good,76
https://www.booking.com/hotel/gb/the-boltons.html?aid=304142&label=gen173nr-10CAQoggJCDXNlYXJjaF9sb25kb25IM1gEaPQBiAEBmAEzuAEXyAEM2AED6AEB-AEBiAIBqAIBuAK-zuvVBsACAdICJGFhMjY4NjU1LWI5MTQtNDIzOC1iY2MxLThkMTc2ZGY1MTZiM9gCAeACAQ&ucfs=1&arphpl=1&checkin=2026-10-13&checkout=2026-10-14&group_adults=2&req_adults=2&no_rooms=1&group_children=0&req_children=0&hpos=9&hapos=423&sr_order=popularity&srpvid=21039c9fdc8c0948&srepoch=1790633997&all_sr_blocks=3810346_123732098_0_2_0&highlighted_blocks=3810346_123732098_0_2_0&matching_block_id=3810346_123732098_0_2_0&sr_pri_blocks=3810346_123732098_0_2_0__19800&from_sustainable_property_sr=1&from=searchresults,"Mornington Hotel London Kensington, BW Premier Collection",262,2026-10-13,2026-09-29T05:23:48.327686,https://www.booking.com/searchresults.html?ss=London&group_adults=2&no_rooms=1&group_children=0&checkin=2026-10-13&checkout=2026-10-14&selected_currency=USD&chal_t=1790633780949&force_referer=,the-boltons,Kensington and Chelsea,London,8.1,Very Good,5081
https://www.booking.com/hotel/gb/boutique-linden-gardens.html?aid=304142&label=gen173nr-10CAQoggJCDXNlYXJjaF9sb25kb25IM1gEaPQBiAEBmAEzuAEXyAEM2AED6AEB-AEBiAIBqAIBuAK-zuvVBsACAdICJGFhMjY4NjU1LWI5MTQtNDIzOC1iY2MxLThkMTc2ZGY1MTZiM9gCAeACAQ&ucfs=1&arphpl=1&checkin=2026-10-13&checkout=2026-10-14&group_adults=2&req_adults=2&no_rooms=1&group_children=0&req_children=0&hpos=10&hapos=424&sr_order=popularity&srpvid=21039c9fdc8c0948&srepoch=1790633997&all_sr_blocks=1113731003_384293649_2_0_0&highlighted_blocks=1113731003_384293649_2_0_0&matching_block_id=1113731003_384293649_2_0_0&sr_pri_blocks=1113731003_384293649_2_0_0__14190&from=searchresults,Boutique Linden Gardens 1st floor and loft apartments,188,2026-10-13,2026-09-29T05:23:48.451821,https://www.booking.com/searchresults.html?ss=London&group_adults=2&no_rooms=1&group_children=0&checkin=2026-10-13&checkout=2026-10-14&selected_currency=USD&chal_t=1790633780949&force_referer=,boutique-linden-gardens,Chiswick,London,8.8,Excellent,116
https://www.booking.com/hotel/gb/modern-studio-apartments-vauxhall.html?aid=304142&label=gen173nr-10CAQoggJCDXNlYXJjaF9sb25kb25IM1gEaPQBiAEBmAEzuAEXyAEM2AED6AEB-AEBiAIBqAIBuAK-zuvVBsACAdICJGFhMjY4NjU1LWI5MTQtNDIzOC1iY2MxLThkMTc2ZGY1MTZiM9gCAeACAQ&ucfs=1&arphpl=1&checkin=2026-10-13&checkout=2026-10-14&group_adults=2&req_adults=2&no_rooms=1&group_children=0&req_children=0&hpos=11&hapos=425&sr_order=popularity&srpvid=21039c9fdc8c0948&srepoch=1790633997&all_sr_blocks=1282267907_401149077_2_0_0&highlighted_blocks=1282267907_401149077_2_0_0&matching_block_id=1282267907_401149077_2_0_0&sr_pri_blocks=1282267907_401149077_2_0_0__7830&from=searchresults,Nine Elms Urban Suites,104,2026-10-13,2026-09-29T05:23:48.658073,https://www.booking.com/searchresults.html?ss=London&group_adults=2&no_rooms=1&group_children=0&checkin=2026-10-13&checkout=2026-10-14&selected_currency=USD&chal_t=1790633780949&force_referer=,modern-studio-apartments-vauxhall,Lambeth,London,7.5,Good,477
https://www.booking.com/hotel/gb/charlotte-rooms-by-the-perfect-host.html?aid=304142&label=gen173nr-10CAQoggJCDXNlYXJjaF9sb25kb25IM1gEaPQBiAEBmAEzuAEXyAEM2AED6AEB-AEBiAIBqAIBuAK-zuvVBsACAdICJGFhMjY4NjU1LWI5MTQtNDIzOC1iY2MxLThkMTc2ZGY1MTZiM9gCAeACAQ&ucfs=1&arphpl=1&checkin=2026-10-13&checkout=2026-10-14&group_adults=2&req_adults=2&no_rooms=1&group_children=0&req_children=0&hpos=12&hapos=426&sr_order=popularity&srpvid=21039c9fdc8c0948&srepoch=1790633997&all_sr_blocks=669749411_297715763_2_0_0&highlighted_blocks=669749411_297715763_2_0_0&matching_block_id=669749411_297715763_2_0_0&sr_pri_blocks=669749411_297715763_2_0_0__11781&from=searchresults,Charlotte Street Rooms by News Hotel,156,2026-10-13,2026-09-29T05:23:48.801686,https://www.booking.com/searchresults.html?ss=London&group_adults=2&no_rooms=1&group_children=0&checkin=2026-10-13&checkout=2026-10-14&selected_currency=USD&chal_t=1790633780949&force_referer=,charlotte-rooms-by-the-perfect-host,Camden,London,6.7,Average,155
https://www.booking.com/hotel/gb/large-central-modern-fitzrovia-flat-for-5.html?aid=304142&label=gen173nr-10CAQoggJCDXNlYXJjaF9sb25kb25IM1gEaPQBiAEBmAEzuAEXyAEM2AED6AEB-AEBiAIBqAIBuAK-zuvVBsACAdICJGFhMjY4NjU1LWI5MTQtNDIzOC1iY2MxLThkMTc2ZGY1MTZiM9gCAeACAQ&ucfs=1&arphpl=1&checkin=2026-10-13&checkout=2026-10-14&group_adults=2&req_adults=2&no_rooms=1&group_children=0&req_children=0&hpos=13&hapos=427&sr_order=popularity&srpvid=21039c9fdc8c0948&srepoch=1790633997&all_sr_blocks=1627514101_433400046_4_0_0&highlighted_blocks=1627514101_433400046_4_0_0&matching_block_id=1627514101_433400046_4_0_0&sr_pri_blocks=1627514101_433400046_4_0_0__24148&from=searchresults,Large Central Modern Fitzrovia Flat for 4,320,2026-10-13,2026-09-29T05:23:48.938978,https://www.booking.com/searchresults.html?ss=London&group_adults=2&no_rooms=1&group_children=0&checkin=2026-10-13&checkout=2026-10-14&selected_currency=USD&chal_t=1790633780949&force_referer=,large-central-modern-fitzrovia-flat-for-5,Camden,London,7.3,Good,3
https://www.booking.com/hotel/gb/home-for-the-holidays.html?aid=304142&label=gen173nr-10CAQoggJCDXNlYXJjaF9sb25kb25IM1gEaPQBiAEBmAEzuAEXyAEM2AED6AEB-AEBiAIBqAIBuAK-zuvVBsACAdICJGFhMjY4NjU1LWI5MTQtNDIzOC1iY2MxLThkMTc2ZGY1MTZiM9gCAeACAQ&ucfs=1&arphpl=1&checkin=2026-10-13&checkout=2026-10-14&group_adults=2&req_adults=2&no_rooms=1&group_children=0&req_children=0&hpos=14&hapos=428&sr_order=popularity&srpvid=21039c9fdc8c0948&srepoch=1790633997&all_sr_blocks=1523048501_423958436_3_0_0&highlighted_blocks=1523048501_423958436_3_0_0&matching_block_id=1523048501_423958436_3_0_0&sr_pri_blocks=1523048501_423958436_3_0_0__14854&from=searchresults,Home for the Holidays,197,2026-10-13,2026-09-29T05:23:49.040409,https://www.booking.com/searchresults.html?ss=London&group_adults=2&no_rooms=1&group_children=0&checkin=2026-10-13&checkout=2026-10-14&selected_currency=USD&chal_t=1790633780949&force_referer=,home-for-the-holidays,Southwark,London,8.5,Very Good,45
https://www.booking.com/hotel/gb/garner-hotel-london-victoria.html?aid=304142&label=gen173nr-10CAQoggJCDXNlYXJjaF9sb25kb25IM1gEaPQBiAEBmAEzuAEXyAEM2AED6AEB-AEBiAIBqAIBuAK-zuvVBsACAdICJGFhMjY4NjU1LWI5MTQtNDIzOC1iY2MxLThkMTc2ZGY1MTZiM9gCAeACAQ&ucfs=1&arphpl=1&checkin=2026-10-13&checkout=2026-10-14&group_adults=2&req_adults=2&no_rooms=1&group_children=0&req_children=0&hpos=15&hapos=429&sr_order=popularity&srpvid=21039c9fdc8c0948&srepoch=1790633997&all_sr_blocks=12150007_88651983_3_0_0&highlighted_blocks=12150007_88651983_3_0_0&matching_block_id=12150007_88651983_3_0_0&sr_pri_blocks=12150007_88651983_3_0_0__30200&from=searchresults,Garner Hotel London Victoria,400,2026-10-13,2026-09-29T05:23:49.138643,https://www.booking.com/searchresults.html?ss=London&group_adults=2&no_rooms=1&group_children=0&checkin=2026-10-13&checkout=2026-10-14&selected_currency=USD&chal_t=1790633780949&force_referer=,garner-hotel-london-victoria,Westminster Borough,London,7.5,Good,2862
https://www.booking.com/hotel/gb/for-students-only-press-house-in-london.html?aid=304142&label=gen173nr-10CAQoggJCDXNlYXJjaF9sb25kb25IM1gEaPQBiAEBmAEzuAEXyAEM2AED6AEB-AEBiAIBqAIBuAK-zuvVBsACAdICJGFhMjY4NjU1LWI5MTQtNDIzOC1iY2MxLThkMTc2ZGY1MTZiM9gCAeACAQ&ucfs=1&arphpl=1&checkin=2026-10-13&checkout=2026-10-14&group_adults=2&req_adults=2&no_rooms=1&group_children=0&req_children=0&hpos=16&hapos=430&sr_order=popularity&srpvid=21039c9fdc8c0948&srepoch=1790633997&all_sr_blocks=1643562604_434513602_2_0_0&highlighted_blocks=1643562604_434513602_2_0_0&matching_block_id=1643562604_434513602_2_0_0&sr_pri_blocks=1643562604_434513602_2_0_0__8959&from=searchresults,For Students Only - Press House in London,119,2026-10-13,2026-09-29T05:23:49.259102,https://www.booking.com/searchresults.html?ss=London&group_adults=2&no_rooms=1&group_children=0&checkin=2026-10-13&checkout=2026-10-14&selected_currency=USD&chal_t=1790633780949&force_referer=,for-students-only-press-house-in-london,Greenwich,London,7.3,Good,190
https://www.booking.com/hotel/gb/stockwell-residences-cloud-nine-studio.html?aid=304142&label=gen173nr-10CAQoggJCDXNlYXJjaF9sb25kb25IM1gEaPQBiAEBmAEzuAEXyAEM2AED6AEB-AEBiAIBqAIBuAK-zuvVBsACAdICJGFhMjY4NjU1LWI5MTQtNDIzOC1iY2MxLThkMTc2ZGY1MTZiM9gCAeACAQ&ucfs=1&arphpl=1&checkin=2026-10-13&checkout=2026-10-14&group_adults=2&req_adults=2&no_rooms=1&group_children=0&req_children=0&hpos=17&hapos=431&sr_order=popularity&srpvid=21039c9fdc8c0948&srepoch=1790633997&all_sr_blocks=1594568001_430483664_2_0_0&highlighted_blocks=1594568001_430483664_2_0_0&matching_block_id=1594568001_430483664_2_0_0&sr_pri_blocks=1594568001_430483664_2_0_0__14438&from=searchresults,Stockwell Residences - Cloud Nine Studio,191,2026-10-13,2026-09-29T05:23:49.420176,https://www.booking.com/searchresults.html?ss=London&group_adults=2&no_rooms=1&group_children=0&checkin=2026-10-13&checkout=2026-10-14&selected_currency=USD&chal_t=1790633780949&force_referer=,stockwell-residences-cloud-nine-studio,Lambeth,London,8.1,Very Good,11
https://www.booking.com/hotel/gb/nhow-london.html?aid=304142&label=gen173nr-10CAQoggJCDXNlYXJjaF9sb25kb25IM1gEaPQBiAEBmAEzuAEXyAEM2AED6AEB-AEBiAIBqAIBuAK-zuvVBsACAdICJGFhMjY4NjU1LWI5MTQtNDIzOC1iY2MxLThkMTc2ZGY1MTZiM9gCAeACAQ&ucfs=1&arphpl=1&checkin=2026-10-13&checkout=2026-10-14&group_adults=2&req_adults=2&no_rooms=1&group_children=0&req_children=0&hpos=18&hapos=432&sr_order=popularity&srpvid=21039c9fdc8c0948&srepoch=1790633997&all_sr_blocks=456021406_139089479_0_2_0&highlighted_blocks=456021406_139089479_0_2_0&matching_block_id=456021406_139089479_0_2_0&sr_pri_blocks=456021406_139089479_0_2_0__32670&from_sustainable_property_sr=1&from=searchresults,nhow London,433,2026-10-13,2026-09-29T05:23:49.591881,https://www.booking.com/searchresults.html?ss=London&group_adults=2&no_rooms=1&group_children=0&checkin=2026-10-13&checkout=2026-10-14&selected_currency=USD&chal_t=1790633780949&force_referer=,nhow-london,Islington,London,9.0,Wonderful,2819
https://www.booking.com/hotel/gb/cosy-rest-inn.html?aid=304142&label=gen173nr-10CAQoggJCDXNlYXJjaF9sb25kb25IM1gEaPQBiAEBmAEzuAEXyAEM2AED6AEB-AEBiAIBqAIBuAK-zuvVBsACAdICJGFhMjY4NjU1LWI5MTQtNDIzOC1iY2MxLThkMTc2ZGY1MTZiM9gCAeACAQ&ucfs=1&arphpl=1&checkin=2026-10-13&checkout=2026-10-14&group_adults=2&req_adults=2&no_rooms=1&group_children=0&req_children=0&hpos=19&hapos=433&sr_order=popularity&srpvid=21039c9fdc8c0948&srepoch=1790633997&all_sr_blocks=1702667401_441904559_3_0_0&highlighted_blocks=1702667401_441904559_3_0_0&matching_block_id=1702667401_441904559_3_0_0&sr_pri_blocks=1702667401_441904559_3_0_0__6600&from=searchresults,Cosy Rest Inn,87,2026-10-13,2026-09-29T05:23:49.774486,https://www.booking.com/searchresults.html?ss=London&group_adults=2&no_rooms=1&group_children=0&checkin=2026-10-13&checkout=2026-10-14&selected_currency=USD&chal_t=1790633780949&force_referer=,cosy-rest-inn,Lewisham,London,8.8,Excellent,6
https://www.booking.com/hotel/gb/a-to-b.html?aid=304142&label=gen173nr-10CAQoggJCDXNlYXJjaF9sb25kb25IM1gEaPQBiAEBmAEzuAEXyAEM2AED6AEB-AEBiAIBqAIBuAK-zuvVBsACAdICJGFhMjY4NjU1LWI5MTQtNDIzOC1iY2MxLThkMTc2ZGY1MTZiM9gCAeACAQ&ucfs=1&arphpl=1&checkin=2026-10-13&checkout=2026-10-14&group_adults=2&req_adults=2&no_rooms=1&group_children=0&req_children=0&hpos=20&hapos=434&sr_order=popularity&srpvid=21039c9fdc8c0948&srepoch=1790633997&all_sr_blocks=1547584103_438370161_2_1_0&highlighted_blocks=1547584103_438370161_2_1_0&matching_block_id=1547584103_438370161_2_1_0&sr_pri_blocks=1547584103_438370161_2_1_0__7333&from=searchresults,A to B Hotel,97,2026-10-13,2026-09-29T05:23:50.000512,https://www.booking.com/searchresults.html?ss=London&group_adults=2&no_rooms=1&group_children=0&checkin=2026-10-13&checkout=2026-10-14&selected_currency=USD&chal_t=1790633780949&force_referer=,a-to-b,Ealing,London,6.9,Average,445
https://www.booking.com/hotel/gb/blades.html?aid=304142&label=gen173nr-10CAQoggJCDXNlYXJjaF9sb25kb25IM1gEaPQBiAEBmAEzuAEXyAEM2AED6AEB-AEBiAIBqAIBuAK-zuvVBsACAdICJGFhMjY4NjU1LWI5MTQtNDIzOC1iY2MxLThkMTc2ZGY1MTZiM9gCAeACAQ&ucfs=1&arphpl=1&checkin=2026-10-13&checkout=2026-10-14&group_adults=2&req_adults=2&no_rooms=1&group_children=0&req_children=0&hpos=1&hapos=435&sr_order=popularity&srpvid=21039c9fdc8c0948&srepoch=1790634004&all_sr_blocks=800745104_341283702_4_0_0&highlighted_blocks=800745104_341283702_4_0_0&matching_block_id=800745104_341283702_4_0_0&sr_pri_blocks=800745104_341283702_4_0_0__22458&from=searchresults,Blades Hotel,298,2026-10-13,2026-09-29T05:23:50.207981,https://www.booking.com/searchresults.html?ss=London&group_adults=2&no_rooms=1&group_children=0&checkin=2026-10-13&checkout=2026-10-14&selected_currency=USD&chal_t=1790633780949&force_referer=,blades,Westminster Borough,London,7.8,Good,493
https://www.booking.com/hotel/gb/1-bed-garden-flat-near-aldgate-east-amp-whitechapel.html?aid=304142&label=gen173nr-10CAQoggJCDXNlYXJjaF9sb25kb25IM1gEaPQBiAEBmAEzuAEXyAEM2AED6AEB-AEBiAIBqAIBuAK-zuvVBsACAdICJGFhMjY4NjU1LWI5MTQtNDIzOC1iY2MxLThkMTc2ZGY1MTZiM9gCAeACAQ&ucfs=1&arphpl=1&checkin=2026-10-13&checkout=2026-10-14&group_adults=2&req_adults=2&no_rooms=1&group_children=0&req_children=0&hpos=2&hapos=436&sr_order=popularity&srpvid=21039c9fdc8c0948&srepoch=1790634004&all_sr_blocks=1670631501_438847483_5_0_0&highlighted_blocks=1670631501_438847483_5_0_0&matching_block_id=1670631501_438847483_5_0_0&sr_pri_blocks=1670631501_438847483_5_0_0__19433&from=searchresults,1 Bed Garden Flat near Aldgate East & Whitechapel,257,2026-10-13,2026-09-29T05:23:50.404553,https://www.booking.com/searchresults.html?ss=London&group_adults=2&no_rooms=1&group_children=0&checkin=2026-10-13&checkout=2026-10-14&selected_currency=USD&chal_t=1790633780949&force_referer=,1-bed-garden-flat-near-aldgate-east-amp-whitechapel,Tower Hamlets,London,9.0,Wonderful,3
https://www.booking.com/hotel/gb/citystay.html?aid=304142&label=gen173nr-10CAQoggJCDXNlYXJjaF9sb25kb25IM1gEaPQBiAEBmAEzuAEXyAEM2AED6AEB-AEBiAIBqAIBuAK-zuvVBsACAdICJGFhMjY4NjU1LWI5MTQtNDIzOC1iY2MxLThkMTc2ZGY1MTZiM9gCAeACAQ&ucfs=1&arphpl=1&checkin=2026-10-13&checkout=2026-10-14&group_adults=2&req_adults=2&no_rooms=1&group_children=0&req_children=0&hpos=3&hapos=437&sr_order=popularity&srpvid=21039c9fdc8c0948&srepoch=1790634004&all_sr_blocks=3640901_298153424_0_0_0&highlighted_blocks=3640901_298153424_0_0_0&matching_block_id=3640901_298153424_0_0_0&sr_pri_blocks=3640901_298153424_0_0_0__5408&from=searchresults,Citystay Hotel,72,2026-10-13,2026-09-29T05:23:50.771133,https://www.booking.com/searchresults.html?ss=London&group_adults=2&no_rooms=1&group_children=0&checkin=2026-10-13&checkout=2026-10-14&selected_currency=USD&chal_t=1790633780949&force_referer=,citystay,Tower Hamlets,London,5.8,Average,771
https://www.booking.com/hotel/gb/belmont-astoria.html?aid=304142&label=gen173nr-10CAQoggJCDXNlYXJjaF9sb25kb25IM1gEaPQBiAEBmAEzuAEXyAEM2AED6AEB-AEBiAIBqAIBuAK-zuvVBsACAdICJGFhMjY4NjU1LWI5MTQtNDIzOC1iY2MxLThkMTc2ZGY1MTZiM9gCAeACAQ&ucfs=1&arphpl=1&checkin=2026-10-13&checkout=2026-10-14&group_adults=2&req_adults=2&no_rooms=1&group_children=0&req_children=0&hpos=4&hapos=438&sr_order=popularity&srpvid=21039c9fdc8c0948&srepoch=1790634004&all_sr_blocks=18001504_0_2_0_0&highlighted_blocks=18001504_0_2_0_0&matching_block_id=18001504_0_2_0_0&sr_pri_blocks=18001504_0_2_0_0__10807&from=searchresults,Belmont Hotel,143,2026-10-13,2026-09-29T05:23:50.957236,https://www.booking.com/searchresults.html?ss=London&group_adults=2&no_rooms=1&group_children=0&checkin=2026-10-13&checkout=2026-10-14&selected_currency=USD&chal_t=1790633780949&force_referer=,belmont-astoria,Westminster Borough,London,6.5,Average,754
https://www.booking.com/hotel/gb/the-brick-lane-suites-london.html?aid=304142&label=gen173nr-10CAQoggJCDXNlYXJjaF9sb25kb25IM1gEaPQBiAEBmAEzuAEXyAEM2AED6AEB-AEBiAIBqAIBuAK-zuvVBsACAdICJGFhMjY4NjU1LWI5MTQtNDIzOC1iY2MxLThkMTc2ZGY1MTZiM9gCAeACAQ&ucfs=1&arphpl=1&checkin=2026-10-13&checkout=2026-10-14&group_adults=2&req_adults=2&no_rooms=1&group_children=0&req_children=0&hpos=5&hapos=439&sr_order=popularity&srpvid=21039c9fdc8c0948&srepoch=1790634004&all_sr_blocks=1530048801_424604783_0_0_0&highlighted_blocks=1530048801_424604783_0_0_0&matching_block_id=1530048801_424604783_0_0_0&sr_pri_blocks=1530048801_424604783_0_0_0__7663&from=searchresults,The Brick Lane Suites London,102,2026-10-13,2026-09-29T05:23:51.123857,https://www.booking.com/searchresults.html?ss=London&group_adults=2&no_rooms=1&group_children=0&checkin=2026-10-13&checkout=2026-10-14&selected_currency=USD&chal_t=1790633780949&force_referer=,the-brick-lane-suites-london,Tower Hamlets,London,7.0,Good,210
https://www.booking.com/hotel/gb/the-beverley-london.html?aid=304142&label=gen173nr-10CAQoggJCDXNlYXJjaF9sb25kb25IM1gEaPQBiAEBmAEzuAEXyAEM2AED6AEB-AEBiAIBqAIBuAK-zuvVBsACAdICJGFhMjY4NjU1LWI5MTQtNDIzOC1iY2MxLThkMTc2ZGY1MTZiM9gCAeACAQ&ucfs=1&arphpl=1&checkin=2026-10-13&checkout=2026-10-14&group_adults=2&req_adults=2&no_rooms=1&group_children=0&req_children=0&hpos=6&hapos=440&sr_order=popularity&srpvid=21039c9fdc8c0948&srepoch=1790634004&all_sr_blocks=169019804_89826009_0_0_0&highlighted_blocks=169019804_89826009_0_0_0&matching_block_id=169019804_89826009_0_0_0&sr_pri_blocks=169019804_89826009_0_0_0__29626&from=searchresults,The Beverley Hotel London - Victoria,393,2026-10-13,2026-09-29T05:23:52.419537,https://www.booking.com/searchresults.html?ss=London&group_adults=2&no_rooms=1&group_children=0&checkin=2026-10-13&checkout=2026-10-14&selected_currency=USD&chal_t=1790633780949&force_referer=,the-beverley-london,Westminster Borough,London,8.3,Very Good,1113
https://www.booking.com/hotel/gb/haven-london-near-tower-bridge.html?aid=304142&label=gen173nr-10CAQoggJCDXNlYXJjaF9sb25kb25IM1gEaPQBiAEBmAEzuAEXyAEM2AED6AEB-AEBiAIBqAIBuAK-zuvVBsACAdICJGFhMjY4NjU1LWI5MTQtNDIzOC1iY2MxLThkMTc2ZGY1MTZiM9gCAeACAQ&ucfs=1&arphpl=1&checkin=2026-10-13&checkout=2026-10-14&group_adults=2&req_adults=2&no_rooms=1&group_children=0&req_children=0&hpos=7&hapos=441&sr_order=popularity&srpvid=21039c9fdc8c0948&srepoch=1790634004&all_sr_blocks=1717710904_443461224_2_0_0&highlighted_blocks=1717710904_443461224_2_0_0&matching_block_id=1717710904_443461224_2_0_0&sr_pri_blocks=1717710904_443461224_2_0_0__12461&from=searchresults,"Hotel Haven London, near Tower Bridge",165,2026-10-13,2026-09-29T05:23:53.289164,https://www.booking.com/searchresults.html?ss=London&group_adults=2&no_rooms=1&group_children=0&checkin=2026-10-13&checkout=2026-10-14&selected_currency=USD&chal_t=1790633780949&force_referer=,haven-london-near-tower-bridge,Tower Hamlets,London,4.9,Poor,18
https://www.booking.com/hotel/gb/the-seven-sisters-house-no-01a-stylish-comfort-studios.html?aid=304142&label=gen173nr-10CAQoggJCDXNlYXJjaF9sb25kb25IM1gEaPQBiAEBmAEzuAEXyAEM2AED6AEB-AEBiAIBqAIBuAK-zuvVBsACAdICJGFhMjY4NjU1LWI5MTQtNDIzOC1iY2MxLThkMTc2ZGY1MTZiM9gCAeACAQ&ucfs=1&arphpl=1&checkin=2026-10-13&checkout=2026-10-14&group_adults=2&req_adults=2&no_rooms=1&group_children=0&req_children=0&hpos=8&hapos=442&sr_order=popularity&srpvid=21039c9fdc8c0948&srepoch=1790634004&all_sr_blocks=1390204219_410991444_2_0_0&highlighted_blocks=1390204219_410991444_2_0_0&matching_block_id=1390204219_410991444_2_0_0&sr_pri_blocks=1390204219_410991444_2_0_0__10000&from=searchresults,The Seven Sisters House - NO 01A - Stylish Comfort Studios,132,2026-10-13,2026-09-29T05:23:53.622916,https://www.booking.com/searchresults.html?ss=London&group_adults=2&no_rooms=1&group_children=0&checkin=2026-10-13&checkout=2026-10-14&selected_currency=USD&chal_t=1790633780949&force_referer=,the-seven-sisters-house-no-01a-stylish-comfort-studios,Islington,London,4.3,Poor,255
https://www.booking.com/hotel/gb/rushmore.html?aid=304142&label=gen173nr-10CAQoggJCDXNlYXJjaF9sb25kb25IM1gEaPQBiAEBmAEzuAEXyAEM2AED6AEB-AEBiAIBqAIBuAK-zuvVBsACAdICJGFhMjY4NjU1LWI5MTQtNDIzOC1iY2MxLThkMTc2ZGY1MTZiM9gCAeACAQ&ucfs=1&arphpl=1&checkin=2026-10-13&checkout=2026-10-14&group_adults=2&req_adults=2&no_rooms=1&group_children=0&req_children=0&hpos=9&hapos=443&sr_order=popularity&srpvid=21039c9fdc8c0948&srepoch=1790634004&all_sr_blocks=3984_97166034_0_0_0&highlighted_blocks=3984_97166034_0_0_0&matching_block_id=3984_97166034_0_0_0&sr_pri_blocks=3984_97166034_0_0_0__15815&from=searchresults,Rushmore Hotel,210,2026-10-13,2026-09-29T05:23:53.904138,https://www.booking.com/searchresults.html?ss=London&group_adults=2&no_rooms=1&group_children=0&checkin=2026-10-13&checkout=2026-10-14&selected_currency=USD&chal_t=1790633780949&force_referer=,rushmore,Kensington and Chelsea,London,7.7,Good,979
https://www.booking.com/hotel/gb/13-plato-road.html?aid=304142&label=gen173nr-10CAQoggJCDXNlYXJjaF9sb25kb25IM1gEaPQBiAEBmAEzuAEXyAEM2AED6AEB-AEBiAIBqAIBuAK-zuvVBsACAdICJGFhMjY4NjU1LWI5MTQtNDIzOC1iY2MxLThkMTc2ZGY1MTZiM9gCAeACAQ&ucfs=1&arphpl=1&checkin=2026-10-13&checkout=2026-10-14&group_adults=2&req_adults=2&no_rooms=1&group_children=0&req_children=0&hpos=10&hapos=444&sr_order=popularity&srpvid=21039c9fdc8c0948&srepoch=1790634004&all_sr_blocks=1255609705_398095317_2_0_0&highlighted_blocks=1255609705_398095317_2_0_0&matching_block_id=1255609705_398095317_2_0_0&sr_pri_blocks=1255609705_398095317_2_0_0__6875&from=searchresults,Premier London Rooms,91,2026-10-13,2026-09-29T05:23:54.256227,https://www.booking.com/searchresults.html?ss=London&group_adults=2&no_rooms=1&group_children=0&checkin=2026-10-13&checkout=2026-10-14&selected_currency=USD&chal_t=1790633780949&force_referer=,13-plato-road,Lambeth,London,8.0,Very Good,122
https://www.booking.com/hotel/gb/doubletree-by-hilton-london-kensigton.html?aid=304142&label=gen173nr-10CAQoggJCDXNlYXJjaF9sb25kb25IM1gEaPQBiAEBmAEzuAEXyAEM2AED6AEB-AEBiAIBqAIBuAK-zuvVBsACAdICJGFhMjY4NjU1LWI5MTQtNDIzOC1iY2MxLThkMTc2ZGY1MTZiM9gCAeACAQ&ucfs=1&arphpl=1&checkin=2026-10-13&checkout=2026-10-14&group_adults=2&req_adults=2&no_rooms=1&group_children=0&req_children=0&hpos=11&hapos=445&sr_order=popularity&srpvid=21039c9fdc8c0948&srepoch=1790634004&all_sr_blocks=30905050_94403401_2_42_0&highlighted_blocks=30905050_94403401_2_42_0&matching_block_id=30905050_94403401_2_42_0&sr_pri_blocks=30905050_94403401_2_42_0__41308&from_sustainable_property_sr=1&from=searchresults,"100 Queen's Gate Hotel London Kensington, Curio Collection by Hilton",547,2026-10-13,2026-09-29T05:23:54.535675,https://www.booking.com/searchresults.html?ss=London&group_adults=2&no_rooms=1&group_children=0&checkin=2026-10-13&checkout=2026-10-14&selected_currency=USD&chal_t=1790633780949&force_referer=,doubletree-by-hilton-london-kensigton,Kensington and Chelsea,London,8.1,Very Good,1870
https://www.booking.com/hotel/gb/central-london-b-amp-b.html?aid=304142&label=gen173nr-10CAQoggJCDXNlYXJjaF9sb25kb25IM1gEaPQBiAEBmAEzuAEXyAEM2AED6AEB-AEBiAIBqAIBuAK-zuvVBsACAdICJGFhMjY4NjU1LWI5MTQtNDIzOC1iY2MxLThkMTc2ZGY1MTZiM9gCAeACAQ&ucfs=1&arphpl=1&checkin=2026-10-13&checkout=2026-10-14&group_adults=2&req_adults=2&no_rooms=1&group_children=0&req_children=0&hpos=12&hapos=446&sr_order=popularity&srpvid=21039c9fdc8c0948&srepoch=1790634004&all_sr_blocks=1708039801_442469661_2_1_0&highlighted_blocks=1708039801_442469661_2_1_0&matching_block_id=1708039801_442469661_2_1_0&sr_pri_blocks=1708039801_442469661_2_1_0__10350&from=searchresults,Central London B&B,137,2026-10-13,2026-09-29T05:23:54.989096,https://www.booking.com/searchresults.html?ss=London&group_adults=2&no_rooms=1&group_children=0&checkin=2026-10-13&checkout=2026-10-14&selected_currency=USD&chal_t=1790633780949&force_referer=,central-london-b-amp-b,Southwark,London,5.7,Average,19
https://www.booking.com/hotel/gb/clink261.html?aid=304142&label=gen173nr-10CAQoggJCDXNlYXJjaF9sb25kb25IM1gEaPQBiAEBmAEzuAEXyAEM2AED6AEB-AEBiAIBqAIBuAK-zuvVBsACAdICJGFhMjY4NjU1LWI5MTQtNDIzOC1iY2MxLThkMTc2ZGY1MTZiM9gCAeACAQ&ucfs=1&arphpl=1&checkin=2026-10-13&checkout=2026-10-14&group_adults=2&req_adults=2&no_rooms=1&group_children=0&req_children=0&hpos=13&hapos=447&sr_order=popularity&srpvid=21039c9fdc8c0948&srepoch=1790634004&all_sr_blocks=25672108_98031255_0_2_0&highlighted_blocks=25672108_98031255_0_2_0&matching_block_id=25672108_98031255_0_2_0&sr_pri_blocks=25672108_98031255_0_2_0__13367&from=searchresults,Clink261 Hostel,177,2026-10-13,2026-09-29T05:23:55.090832,https://www.booking.com/searchresults.html?ss=London&group_adults=2&no_rooms=1&group_children=0&checkin=2026-10-13&checkout=2026-10-14&selected_currency=USD&chal_t=1790633780949&force_referer=,clink261,Camden,London,7.0,Good,5458
https://www.booking.com/hotel/gb/chiswickmoranhotel.html?aid=304142&label=gen173nr-10CAQoggJCDXNlYXJjaF9sb25kb25IM1gEaPQBiAEBmAEzuAEXyAEM2AED6AEB-AEBiAIBqAIBuAK-zuvVBsACAdICJGFhMjY4NjU1LWI5MTQtNDIzOC1iY2MxLThkMTc2ZGY1MTZiM9gCAeACAQ&ucfs=1&arphpl=1&checkin=2026-10-13&checkout=2026-10-14&group_adults=2&req_adults=2&no_rooms=1&group_children=0&req_children=0&hpos=14&hapos=448&sr_order=popularity&srpvid=21039c9fdc8c0948&srepoch=1790634004&all_sr_blocks=136269_91468132_2_2_0&highlighted_blocks=136269_91468132_2_2_0&matching_block_id=136269_91468132_2_2_0&sr_pri_blocks=136269_91468132_2_2_0__28107&from_sustainable_property_sr=1&from=searchresults,Clayton Hotel Chiswick,372,2026-10-13,2026-09-29T05:23:55.255307,https://www.booking.com/searchresults.html?ss=London&group_adults=2&no_rooms=1&group_children=0&checkin=2026-10-13&checkout=2026-10-14&selected_currency=USD&chal_t=1790633780949&force_referer=,chiswickmoranhotel,Chiswick,London,8.4,Very Good,4130
https://www.booking.com/hotel/gb/woodman-pub.html?aid=304142&label=gen173nr-10CAQoggJCDXNlYXJjaF9sb25kb25IM1gEaPQBiAEBmAEzuAEXyAEM2AED6AEB-AEBiAIBqAIBuAK-zuvVBsACAdICJGFhMjY4NjU1LWI5MTQtNDIzOC1iY2MxLThkMTc2ZGY1MTZiM9gCAeACAQ&ucfs=1&arphpl=1&checkin=2026-10-13&checkout=2026-10-14&group_adults=2&req_adults=2&no_rooms=1&group_children=0&req_children=0&hpos=15&hapos=449&sr_order=popularity&srpvid=21039c9fdc8c0948&srepoch=1790634004&all_sr_blocks=1008257713_376414283_2_0_0&highlighted_blocks=1008257713_376414283_2_0_0&matching_block_id=1008257713_376414283_2_0_0&sr_pri_blocks=1008257713_376414283_2_0_0__11385&from=searchresults,Woodman Pub,151,2026-10-13,2026-09-29T05:23:55.433409,https://www.booking.com/searchresults.html?ss=London&group_adults=2&no_rooms=1&group_children=0&checkin=2026-10-13&checkout=2026-10-14&selected_currency=USD&chal_t=1790633780949&force_referer=,woodman-pub,Unknown,London,8.0,Very Good,752
https://www.booking.com/hotel/gb/starlet-stepney.html?aid=304142&label=gen173nr-10CAQoggJCDXNlYXJjaF9sb25kb25IM1gEaPQBiAEBmAEzuAEXyAEM2AED6AEB-AEBiAIBqAIBuAK-zuvVBsACAdICJGFhMjY4NjU1LWI5MTQtNDIzOC1iY2MxLThkMTc2ZGY1MTZiM9gCAeACAQ&ucfs=1&arphpl=1&checkin=2026-10-13&checkout=2026-10-14&group_adults=2&req_adults=2&no_rooms=1&group_children=0&req_children=0&hpos=16&hapos=450&sr_order=popularity&srpvid=21039c9fdc8c0948&srepoch=1790634004&all_sr_blocks=1263150201_398965586_2_0_0&highlighted_blocks=1263150201_398965586_2_0_0&matching_block_id=1263150201_398965586_2_0_0&sr_pri_blocks=1263150201_398965586_2_0_0__6417&from=searchresults,Starlet Stepney,85,2026-10-13,2026-09-29T05:23:55.616676,https://www.booking.com/searchresults.html?ss=London&group_adults=2&no_rooms=1&group_children=0&checkin=2026-10-13&checkout=2026-10-14&selected_currency=USD&chal_t=1790633780949&force_referer=,starlet-stepney,Tower Hamlets,London,6.4,Average,316
https://www.booking.com/hotel/gb/stylish-one-bedroom-apartment-near-balham-station.html?aid=304142&label=gen173nr-10CAQoggJCDXNlYXJjaF9sb25kb25IM1gEaPQBiAEBmAEzuAEXyAEM2AED6AEB-AEBiAIBqAIBuAK-zuvVBsACAdICJGFhMjY4NjU1LWI5MTQtNDIzOC1iY2MxLThkMTc2ZGY1MTZiM9gCAeACAQ&ucfs=1&arphpl=1&checkin=2026-10-13&checkout=2026-10-14&group_adults=2&req_adults=2&no_rooms=1&group_children=0&req_children=0&hpos=17&hapos=451&sr_order=popularity&srpvid=21039c9fdc8c0948&srepoch=1790634004&all_sr_blocks=1502305001_421978967_2_0_0&highlighted_blocks=1502305001_421978967_2_0_0&matching_block_id=1502305001_421978967_2_0_0&sr_pri_blocks=1502305001_421978967_2_0_0__12192&from=searchresults,Stylish One-Bedroom Apartment near Balham Station,162,2026-10-13,2026-09-29T05:23:55.769792,https://www.booking.com/searchresults.html?ss=London&group_adults=2&no_rooms=1&group_children=0&checkin=2026-10-13&checkout=2026-10-14&selected_currency=USD&chal_t=1790633780949&force_referer=,stylish-one-bedroom-apartment-near-balham-station,Wandsworth,London,8.9,Excellent,12
https://www.booking.com/hotel/gb/guestready-charming-heritage-stay-in-london.html?aid=304142&label=gen173nr-10CAQoggJCDXNlYXJjaF9sb25kb25IM1gEaPQBiAEBmAEzuAEXyAEM2AED6AEB-AEBiAIBqAIBuAK-zuvVBsACAdICJGFhMjY4NjU1LWI5MTQtNDIzOC1iY2MxLThkMTc2ZGY1MTZiM9gCAeACAQ&ucfs=1&arphpl=1&checkin=2026-10-13&checkout=2026-10-14&group_adults=2&req_adults=2&no_rooms=1&group_children=0&req_children=0&hpos=18&hapos=452&sr_order=popularity&srpvid=21039c9fdc8c0948&srepoch=1790634004&all_sr_blocks=1343675105_422862393_3_0_0&highlighted_blocks=1343675105_422862393_3_0_0&matching_block_id=1343675105_422862393_3_0_0&sr_pri_blocks=1343675105_422862393_3_0_0__41627&from=searchresults,GuestReady - Tanner Apartments,552,2026-10-13,2026-09-29T05:23:55.870719,https://www.booking.com/searchresults.html?ss=London&group_adults=2&no_rooms=1&group_children=0&checkin=2026-10-13&checkout=2026-10-14&selected_currency=USD&chal_t=1790633780949&force_referer=,guestready-charming-heritage-stay-in-london,Southwark,London,8.9,Excellent,24
https://www.booking.com/hotel/gb/luxury-studio-in-victoria-1.html?aid=304142&label=gen173nr-10CAQoggJCDXNlYXJjaF9sb25kb25IM1gEaPQBiAEBmAEzuAEXyAEM2AED6AEB-AEBiAIBqAIBuAK-zuvVBsACAdICJGFhMjY4NjU1LWI5MTQtNDIzOC1iY2MxLThkMTc2ZGY1MTZiM9gCAeACAQ&ucfs=1&arphpl=1&checkin=2026-10-13&checkout=2026-10-14&group_adults=2&req_adults=2&no_rooms=1&group_children=0&req_children=0&hpos=1&hapos=453&sr_order=popularity&srpvid=21039c9fdc8c0948&srepoch=1790634019&all_sr_blocks=1336926601_406149267_0_0_0&highlighted_blocks=1336926601_406149267_0_0_0&matching_block_id=1336926601_406149267_0_0_0&sr_pri_blocks=1336926601_406149267_0_0_0__9900&from=searchresults,"Luxury Studio in Victoria, 7 minutes walk to Victoria Station, Room 1",131,2026-10-13,2026-09-29T05:23:56.007404,https://www.booking.com/searchresults.html?ss=London&group_adults=2&no_rooms=1&group_children=0&checkin=2026-10-13&checkout=2026-10-14&selected_currency=USD&chal_t=1790633780949&force_referer=,luxury-studio-in-victoria-1,Westminster Borough,London,6.6,Average,90
https://www.booking.com/hotel/gb/spacious-3-story-retreat-with-rooftop-terrace-and-modern-amenities-london.html?aid=304142&label=gen173nr-10CAQoggJCDXNlYXJjaF9sb25kb25IM1gEaPQBiAEBmAEzuAEXyAEM2AED6AEB-AEBiAIBqAIBuAK-zuvVBsACAdICJGFhMjY4NjU1LWI5MTQtNDIzOC1iY2MxLThkMTc2ZGY1MTZiM9gCAeACAQ&ucfs=1&arphpl=1&checkin=2026-10-13&checkout=2026-10-14&group_adults=2&req_adults=2&no_rooms=1&group_children=0&req_children=0&hpos=2&hapos=454&sr_order=popularity&srpvid=21039c9fdc8c0948&srepoch=1790634019&all_sr_blocks=1270665805_399833870_0_0_0&highlighted_blocks=1270665805_399833870_0_0_0&matching_block_id=1270665805_399833870_0_0_0&sr_pri_blocks=1270665805_399833870_0_0_0__7425&from=searchresults,Spacious 3-Storey Home with Roof Terrace and Modern Amenities,98,2026-10-13,2026-09-29T05:23:56.238967,https://www.booking.com/searchresults.html?ss=London&group_adults=2&no_rooms=1&group_children=0&checkin=2026-10-13&checkout=2026-10-14&selected_currency=USD&chal_t=1790633780949&force_referer=,spacious-3-story-retreat-with-rooftop-terrace-and-modern-amenities-london,Southwark,London,8.0,Very Good,85
https://www.booking.com/hotel/gb/chic-and-cosy-apartment-prime-location.html?aid=304142&label=gen173nr-10CAQoggJCDXNlYXJjaF9sb25kb25IM1gEaPQBiAEBmAEzuAEXyAEM2AED6AEB-AEBiAIBqAIBuAK-zuvVBsACAdICJGFhMjY4NjU1LWI5MTQtNDIzOC1iY2MxLThkMTc2ZGY1MTZiM9gCAeACAQ&ucfs=1&arphpl=1&checkin=2026-10-13&checkout=2026-10-14&group_adults=2&req_adults=2&no_rooms=1&group_children=0&req_children=0&hpos=3&hapos=455&sr_order=popularity&srpvid=21039c9fdc8c0948&srepoch=1790634019&all_sr_blocks=1578324801_428933679_0_0_0&highlighted_blocks=1578324801_428933679_0_0_0&matching_block_id=1578324801_428933679_0_0_0&sr_pri_blocks=1578324801_428933679_0_0_0__12192&from=searchresults,Chic and Cosy Apartment Prime Location,162,2026-10-13,2026-09-29T05:23:56.400211,https://www.booking.com/searchresults.html?ss=London&group_adults=2&no_rooms=1&group_children=0&checkin=2026-10-13&checkout=2026-10-14&selected_currency=USD&chal_t=1790633780949&force_referer=,chic-and-cosy-apartment-prime-location,Hammersmith and Fulham,London,6.3,Average,11
https://www.booking.com/hotel/gb/rafayel.html?aid=304142&label=gen173nr-10CAQoggJCDXNlYXJjaF9sb25kb25IM1gEaPQBiAEBmAEzuAEXyAEM2AED6AEB-AEBiAIBqAIBuAK-zuvVBsACAdICJGFhMjY4NjU1LWI5MTQtNDIzOC1iY2MxLThkMTc2ZGY1MTZiM9gCAeACAQ&ucfs=1&arphpl=1&checkin=2026-10-13&checkout=2026-10-14&group_adults=2&req_adults=2&no_rooms=1&group_children=0&req_children=0&hpos=4&hapos=456&sr_order=popularity&srpvid=21039c9fdc8c0948&srepoch=1790634019&all_sr_blocks=17155501_0_2_0_0&highlighted_blocks=17155501_0_2_0_0&matching_block_id=17155501_0_2_0_0&sr_pri_blocks=17155501_0_2_0_0__18149&from=searchresults,Rafayel Hotel & Spa,240,2026-10-13,2026-09-29T05:23:56.533161,https://www.booking.com/searchresults.html?ss=London&group_adults=2&no_rooms=1&group_children=0&checkin=2026-10-13&checkout=2026-10-14&selected_currency=USD&chal_t=1790633780949&force_referer=,rafayel,Wandsworth,London,8.0,Very Good,3775
https://www.booking.com/hotel/gb/dorset-house-at-upton-park.html?aid=304142&label=gen173nr-10CAQoggJCDXNlYXJjaF9sb25kb25IM1gEaPQBiAEBmAEzuAEXyAEM2AED6AEB-AEBiAIBqAIBuAK-zuvVBsACAdICJGFhMjY4NjU1LWI5MTQtNDIzOC1iY2MxLThkMTc2ZGY1MTZiM9gCAeACAQ&ucfs=1&arphpl=1&checkin=2026-10-13&checkout=2026-10-14&group_adults=2&req_adults=2&no_rooms=1&group_children=0&req_children=0&hpos=5&hapos=457&sr_order=popularity&srpvid=21039c9fdc8c0948&srepoch=1790634019&all_sr_blocks=1399898104_411847781_2_0_0&highlighted_blocks=1399898104_411847781_2_0_0&matching_block_id=1399898104_411847781_2_0_0&sr_pri_blocks=1399898104_411847781_2_0_0__4627&from=searchresults,OYO Dorset House at Upton Park,61,2026-10-13,2026-09-29T05:23:56.677441,https://www.booking.com/searchresults.html?ss=London&group_adults=2&no_rooms=1&group_children=0&checkin=2026-10-13&checkout=2026-10-14&selected_currency=USD&chal_t=1790633780949&force_referer=,dorset-house-at-upton-park,Newham,London,6.7,Average,347
https://www.booking.com/hotel/gb/astor-queensway.html?aid=304142&label=gen173nr-10CAQoggJCDXNlYXJjaF9sb25kb25IM1gEaPQBiAEBmAEzuAEXyAEM2AED6AEB-AEBiAIBqAIBuAK-zuvVBsACAdICJGFhMjY4NjU1LWI5MTQtNDIzOC1iY2MxLThkMTc2ZGY1MTZiM9gCAeACAQ&ucfs=1&arphpl=1&checkin=2026-10-13&checkout=2026-10-14&group_adults=2&req_adults=2&no_rooms=1&group_children=0&req_children=0&hpos=6&hapos=458&sr_order=popularity&srpvid=21039c9fdc8c0948&srepoch=1790634019&all_sr_blocks=190912420_92897393_3_0_0&highlighted_blocks=190912420_92897393_3_0_0&matching_block_id=190912420_92897393_3_0_0&sr_pri_blocks=190912420_92897393_3_0_0__10065&from=searchresults,Astor Kensington Hostel,133,2026-10-13,2026-09-29T05:23:56.766012,https://www.booking.com/searchresults.html?ss=London&group_adults=2&no_rooms=1&group_children=0&checkin=2026-10-13&checkout=2026-10-14&selected_currency=USD&chal_t=1790633780949&force_referer=,astor-queensway,Westminster Borough,London,7.9,Good,1861
https://www.booking.com/hotel/gb/stylish-two-bedroom-flat-greater-london.html?aid=304142&label=gen173nr-10CAQoggJCDXNlYXJjaF9sb25kb25IM1gEaPQBiAEBmAEzuAEXyAEM2AED6AEB-AEBiAIBqAIBuAK-zuvVBsACAdICJGFhMjY4NjU1LWI5MTQtNDIzOC1iY2MxLThkMTc2ZGY1MTZiM9gCAeACAQ&ucfs=1&arphpl=1&checkin=2026-10-13&checkout=2026-10-14&group_adults=2&req_adults=2&no_rooms=1&group_children=0&req_children=0&hpos=7&hapos=459&sr_order=popularity&srpvid=21039c9fdc8c0948&srepoch=1790634019&all_sr_blocks=1622595201_433037156_5_0_0&highlighted_blocks=1622595201_433037156_5_0_0&matching_block_id=1622595201_433037156_5_0_0&sr_pri_blocks=1622595201_433037156_5_0_0__20029&from=searchresults,Stylish Two Bedroom Flat,265,2026-10-13,2026-09-29T05:23:56.873161,https://www.booking.com/searchresults.html?ss=London&group_adults=2&no_rooms=1&group_children=0&checkin=2026-10-13&checkout=2026-10-14&selected_currency=USD&chal_t=1790633780949&force_referer=,stylish-two-bedroom-flat-greater-london,Westminster Borough,London,7.5,Good,4
https://www.booking.com/hotel/gb/london-studio-stays.html?aid=304142&label=gen173nr-10CAQoggJCDXNlYXJjaF9sb25kb25IM1gEaPQBiAEBmAEzuAEXyAEM2AED6AEB-AEBiAIBqAIBuAK-zuvVBsACAdICJGFhMjY4NjU1LWI5MTQtNDIzOC1iY2MxLThkMTc2ZGY1MTZiM9gCAeACAQ&ucfs=1&arphpl=1&checkin=2026-10-13&checkout=2026-10-14&group_adults=2&req_adults=2&no_rooms=1&group_children=0&req_children=0&hpos=8&hapos=460&sr_order=popularity&srpvid=21039c9fdc8c0948&srepoch=1790634019&all_sr_blocks=1325972803_405214522_2_0_0&highlighted_blocks=1325972803_405214522_2_0_0&matching_block_id=1325972803_405214522_2_0_0&sr_pri_blocks=1325972803_405214522_2_0_0__8010&from=searchresults,London Studio Stays,106,2026-10-13,2026-09-29T05:23:57.171926,https://www.booking.com/searchresults.html?ss=London&group_adults=2&no_rooms=1&group_children=0&checkin=2026-10-13&checkout=2026-10-14&selected_currency=USD&chal_t=1790633780949&force_referer=,london-studio-stays,Lambeth,London,7.4,Good,206
https://www.booking.com/hotel/gb/staynco-london-holborn.html?aid=304142&label=gen173nr-10CAQoggJCDXNlYXJjaF9sb25kb25IM1gEaPQBiAEBmAEzuAEXyAEM2AED6AEB-AEBiAIBqAIBuAK-zuvVBsACAdICJGFhMjY4NjU1LWI5MTQtNDIzOC1iY2MxLThkMTc2ZGY1MTZiM9gCAeACAQ&ucfs=1&arphpl=1&checkin=2026-10-13&checkout=2026-10-14&group_adults=2&req_adults=2&no_rooms=1&group_children=0&req_children=0&hpos=9&hapos=461&sr_order=popularity&srpvid=21039c9fdc8c0948&srepoch=1790634019&all_sr_blocks=790973602_338888206_2_0_0&highlighted_blocks=790973602_338888206_2_0_0&matching_block_id=790973602_338888206_2_0_0&sr_pri_blocks=790973602_338888206_2_0_0__31275&from=searchresults,Kula London Holborn,414,2026-10-13,2026-09-29T05:23:57.307048,https://www.booking.com/searchresults.html?ss=London&group_adults=2&no_rooms=1&group_children=0&checkin=2026-10-13&checkout=2026-10-14&selected_currency=USD&chal_t=1790633780949&force_referer=,staynco-london-holborn,Camden,London,8.0,Very Good,207
https://www.booking.com/hotel/gb/guyrock-apartments.html?aid=304142&label=gen173nr-10CAQoggJCDXNlYXJjaF9sb25kb25IM1gEaPQBiAEBmAEzuAEXyAEM2AED6AEB-AEBiAIBqAIBuAK-zuvVBsACAdICJGFhMjY4NjU1LWI5MTQtNDIzOC1iY2MxLThkMTc2ZGY1MTZiM9gCAeACAQ&ucfs=1&arphpl=1&checkin=2026-10-13&checkout=2026-10-14&group_adults=2&req_adults=2&no_rooms=1&group_children=0&req_children=0&hpos=10&hapos=462&sr_order=popularity&srpvid=21039c9fdc8c0948&srepoch=1790634019&all_sr_blocks=1500429903_421711095_2_0_0&highlighted_blocks=1500429903_421711095_2_0_0&matching_block_id=1500429903_421711095_2_0_0&sr_pri_blocks=1500429903_421711095_2_0_0__12750&from=searchresults,Guyrock Apartments,169,2026-10-13,2026-09-29T05:23:57.449947,https://www.booking.com/searchresults.html?ss=London&group_adults=2&no_rooms=1&group_children=0&checkin=2026-10-13&checkout=2026-10-14&selected_currency=USD&chal_t=1790633780949&force_referer=,guyrock-apartments,Southwark,London,6.3,Average,131
https://www.booking.com/hotel/gb/urban-rest-camden-town.html?aid=304142&label=gen173nr-10CAQoggJCDXNlYXJjaF9sb25kb25IM1gEaPQBiAEBmAEzuAEXyAEM2AED6AEB-AEBiAIBqAIBuAK-zuvVBsACAdICJGFhMjY4NjU1LWI5MTQtNDIzOC1iY2MxLThkMTc2ZGY1MTZiM9gCAeACAQ&ucfs=1&arphpl=1&checkin=2026-10-13&checkout=2026-10-14&group_adults=2&req_adults=2&no_rooms=1&group_children=0&req_children=0&hpos=11&hapos=463&sr_order=popularity&srpvid=21039c9fdc8c0948&srepoch=1790634019&all_sr_blocks=1575656101_428679568_2_0_0&highlighted_blocks=1575656101_428679568_2_0_0&matching_block_id=1575656101_428679568_2_0_0&sr_pri_blocks=1575656101_428679568_2_0_0__17380&from=searchresults,Urban Rest Camden Town,230,2026-10-13,2026-09-29T05:23:57.571455,https://www.booking.com/searchresults.html?ss=London&group_adults=2&no_rooms=1&group_children=0&checkin=2026-10-13&checkout=2026-10-14&selected_currency=USD&chal_t=1790633780949&force_referer=,urban-rest-camden-town,Camden,London,8.7,Excellent,154
https://www.booking.com/hotel/gb/londoncrownhotel.html?aid=304142&label=gen173nr-10CAQoggJCDXNlYXJjaF9sb25kb25IM1gEaPQBiAEBmAEzuAEXyAEM2AED6AEB-AEBiAIBqAIBuAK-zuvVBsACAdICJGFhMjY4NjU1LWI5MTQtNDIzOC1iY2MxLThkMTc2ZGY1MTZiM9gCAeACAQ&ucfs=1&arphpl=1&checkin=2026-10-13&checkout=2026-10-14&group_adults=2&req_adults=2&no_rooms=1&group_children=0&req_children=0&hpos=12&hapos=464&sr_order=popularity&srpvid=21039c9fdc8c0948&srepoch=1790634019&all_sr_blocks=10436206_91463657_2_42_0&highlighted_blocks=10436206_91463657_2_42_0&matching_block_id=10436206_91463657_2_42_0&sr_pri_blocks=10436206_91463657_2_42_0__29949&from_sustainable_property_sr=1&from=searchresults,Mercure London Paddington Hotel,397,2026-10-13,2026-09-29T05:23:57.722380,https://www.booking.com/searchresults.html?ss=London&group_adults=2&no_rooms=1&group_children=0&checkin=2026-10-13&checkout=2026-10-14&selected_currency=USD&chal_t=1790633780949&force_referer=,londoncrownhotel,Westminster Borough,London,7.4,Good,2323
https://www.booking.com/hotel/gb/by-canary-wharf.html?aid=304142&label=gen173nr-10CAQoggJCDXNlYXJjaF9sb25kb25IM1gEaPQBiAEBmAEzuAEXyAEM2AED6AEB-AEBiAIBqAIBuAK-zuvVBsACAdICJGFhMjY4NjU1LWI5MTQtNDIzOC1iY2MxLThkMTc2ZGY1MTZiM9gCAeACAQ&ucfs=1&arphpl=1&checkin=2026-10-13&checkout=2026-10-14&group_adults=2&req_adults=2&no_rooms=1&group_children=0&req_children=0&hpos=13&hapos=465&sr_order=popularity&srpvid=21039c9fdc8c0948&srepoch=1790634019&all_sr_blocks=1669851901_438787383_2_0_0&highlighted_blocks=1669851901_438787383_2_0_0&matching_block_id=1669851901_438787383_2_0_0&sr_pri_blocks=1669851901_438787383_2_0_0__19594&from=searchresults,By canary wharf,260,2026-10-13,2026-09-29T05:23:57.869584,https://www.booking.com/searchresults.html?ss=London&group_adults=2&no_rooms=1&group_children=0&checkin=2026-10-13&checkout=2026-10-14&selected_currency=USD&chal_t=1790633780949&force_referer=,by-canary-wharf,Tower Hamlets,London,7.3,Good,7
https://www.booking.com/hotel/gb/central-stylish-1-bed-hyde-park.html?aid=304142&label=gen173nr-10CAQoggJCDXNlYXJjaF9sb25kb25IM1gEaPQBiAEBmAEzuAEXyAEM2AED6AEB-AEBiAIBqAIBuAK-zuvVBsACAdICJGFhMjY4NjU1LWI5MTQtNDIzOC1iY2MxLThkMTc2ZGY1MTZiM9gCAeACAQ&ucfs=1&arphpl=1&checkin=2026-10-13&checkout=2026-10-14&group_adults=2&req_adults=2&no_rooms=1&group_children=0&req_children=0&hpos=14&hapos=466&sr_order=popularity&srpvid=21039c9fdc8c0948&srepoch=1790634019&all_sr_blocks=1249370301_397318605_0_0_0&highlighted_blocks=1249370301_397318605_0_0_0&matching_block_id=1249370301_397318605_0_0_0&sr_pri_blocks=1249370301_397318605_0_0_0__13475&from=searchresults,Central stylish 1 bed Hyde Park,179,2026-10-13,2026-09-29T05:23:58.019143,https://www.booking.com/searchresults.html?ss=London&group_adults=2&no_rooms=1&group_children=0&checkin=2026-10-13&checkout=2026-10-14&selected_currency=USD&chal_t=1790633780949&force_referer=,central-stylish-1-bed-hyde-park,Westminster Borough,London,8.0,Very Good,6
https://www.booking.com/hotel/gb/69-fortress-road.html?aid=304142&label=gen173nr-10CAQoggJCDXNlYXJjaF9sb25kb25IM1gEaPQBiAEBmAEzuAEXyAEM2AED6AEB-AEBiAIBqAIBuAK-zuvVBsACAdICJGFhMjY4NjU1LWI5MTQtNDIzOC1iY2MxLThkMTc2ZGY1MTZiM9gCAeACAQ&ucfs=1&arphpl=1&checkin=2026-10-13&checkout=2026-10-14&group_adults=2&req_adults=2&no_rooms=1&group_children=0&req_children=0&hpos=15&hapos=467&sr_order=popularity&srpvid=21039c9fdc8c0948&srepoch=1790634020&all_sr_blocks=1702224101_441866910_2_1_0&highlighted_blocks=1702224101_441866910_2_1_0&matching_block_id=1702224101_441866910_2_1_0&sr_pri_blocks=1702224101_441866910_2_1_0__7425&from=searchresults,69 fortress road,98,2026-10-13,2026-09-29T05:23:58.173134,https://www.booking.com/searchresults.html?ss=London&group_adults=2&no_rooms=1&group_children=0&checkin=2026-10-13&checkout=2026-10-14&selected_currency=USD&chal_t=1790633780949&force_referer=,69-fortress-road,Camden,London,10.0,Exceptional,1
https://www.booking.com/hotel/gb/city-chic-kings-cross-apartments.html?aid=304142&label=gen173nr-10CAQoggJCDXNlYXJjaF9sb25kb25IM1gEaPQBiAEBmAEzuAEXyAEM2AED6AEB-AEBiAIBqAIBuAK-zuvVBsACAdICJGFhMjY4NjU1LWI5MTQtNDIzOC1iY2MxLThkMTc2ZGY1MTZiM9gCAeACAQ&ucfs=1&arphpl=1&checkin=2026-10-13&checkout=2026-10-14&group_adults=2&req_adults=2&no_rooms=1&group_children=0&req_children=0&hpos=16&hapos=468&sr_order=popularity&srpvid=21039c9fdc8c0948&srepoch=1790634020&all_sr_blocks=301974201_110918079_0_0_0&highlighted_blocks=301974201_110918079_0_0_0&matching_block_id=301974201_110918079_0_0_0&sr_pri_blocks=301974201_110918079_0_0_0__8355&from=searchresults,City Chic - King's Cross Apartments,111,2026-10-13,2026-09-29T05:23:58.356739,https://www.booking.com/searchresults.html?ss=London&group_adults=2&no_rooms=1&group_children=0&checkin=2026-10-13&checkout=2026-10-14&selected_currency=USD&chal_t=1790633780949&force_referer=,city-chic-kings-cross-apartments,Islington,London,5.9,Average,86
https://www.booking.com/hotel/gb/room-2-en-suite-for-2-people.html?aid=304142&label=gen173nr-10CAQoggJCDXNlYXJjaF9sb25kb25IM1gEaPQBiAEBmAEzuAEXyAEM2AED6AEB-AEBiAIBqAIBuAK-zuvVBsACAdICJGFhMjY4NjU1LWI5MTQtNDIzOC1iY2MxLThkMTc2ZGY1MTZiM9gCAeACAQ&ucfs=1&arphpl=1&checkin=2026-10-13&checkout=2026-10-14&group_adults=2&req_adults=2&no_rooms=1&group_children=0&req_children=0&hpos=17&hapos=469&sr_order=popularity&srpvid=21039c9fdc8c0948&srepoch=1790634020&all_sr_blocks=1485688401_420051265_2_0_0&highlighted_blocks=1485688401_420051265_2_0_0&matching_block_id=1485688401_420051265_2_0_0&sr_pri_blocks=1485688401_420051265_2_0_0__6875&from=searchresults,Room 2 - En-suite for 2 people,91,2026-10-13,2026-09-29T05:23:58.486550,https://www.booking.com/searchresults.html?ss=London&group_adults=2&no_rooms=1&group_children=0&checkin=2026-10-13&checkout=2026-10-14&selected_currency=USD&chal_t=1790633780949&force_referer=,room-2-en-suite-for-2-people,Tower Hamlets,London,5.6,Average,16
https://www.booking.com/hotel/gb/london-e2-rooms.html?aid=304142&label=gen173nr-10CAQoggJCDXNlYXJjaF9sb25kb25IM1gEaPQBiAEBmAEzuAEXyAEM2AED6AEB-AEBiAIBqAIBuAK-zuvVBsACAdICJGFhMjY4NjU1LWI5MTQtNDIzOC1iY2MxLThkMTc2ZGY1MTZiM9gCAeACAQ&ucfs=1&arphpl=1&checkin=2026-10-13&checkout=2026-10-14&group_adults=2&req_adults=2&no_rooms=1&group_children=0&req_children=0&hpos=18&hapos=470&sr_order=popularity&srpvid=21039c9fdc8c0948&srepoch=1790634020&all_sr_blocks=1130674711_385722373_2_0_0&highlighted_blocks=1130674711_385722373_2_0_0&matching_block_id=1130674711_385722373_2_0_0&sr_pri_blocks=1130674711_385722373_2_0_0__5225&from=searchresults,London E2 Rooms,69,2026-10-13,2026-09-29T05:23:58.634456,https://www.booking.com/searchresults.html?ss=London&group_adults=2&no_rooms=1&group_children=0&checkin=2026-10-13&checkout=2026-10-14&selected_currency=USD&chal_t=1790633780949&force_referer=,london-e2-rooms,Tower Hamlets,London,6.1,Average,261
https://www.booking.com/hotel/gb/leinster-gardens-prime.html?aid=304142&label=gen173nr-10CAQoggJCDXNlYXJjaF9sb25kb25IM1gEaPQBiAEBmAEzuAEXyAEM2AED6AEB-AEBiAIBqAIBuAK-zuvVBsACAdICJGFhMjY4NjU1LWI5MTQtNDIzOC1iY2MxLThkMTc2ZGY1MTZiM9gCAeACAQ&ucfs=1&arphpl=1&checkin=2026-10-13&checkout=2026-10-14&group_adults=2&req_adults=2&no_rooms=1&group_children=0&req_children=0&hpos=19&hapos=471&sr_order=popularity&srpvid=21039c9fdc8c0948&srepoch=1790634020&all_sr_blocks=1731772301_444783929_2_0_0&highlighted_blocks=1731772301_444783929_2_0_0&matching_block_id=1731772301_444783929_2_0_0&sr_pri_blocks=1731772301_444783929_2_0_0__38250&from=searchresults,Leinster Gardens Prime Hotel,507,2026-10-13,2026-09-29T05:23:58.802309,https://www.booking.com/searchresults.html?ss=London&group_adults=2&no_rooms=1&group_children=0&checkin=2026-10-13&checkout=2026-10-14&selected_currency=USD&chal_t=1790633780949&force_referer=,leinster-gardens-prime,Westminster Borough,London,0.0,No Reviews,0
https://www.booking.com/hotel/gb/charming-3-bed-home-in-regents-park-abbey-road.html?aid=304142&label=gen173nr-10CAQoggJCDXNlYXJjaF9sb25kb25IM1gEaPQBiAEBmAEzuAEXyAEM2AED6AEB-AEBiAIBqAIBuAK-zuvVBsACAdICJGFhMjY4NjU1LWI5MTQtNDIzOC1iY2MxLThkMTc2ZGY1MTZiM9gCAeACAQ&ucfs=1&arphpl=1&checkin=2026-10-13&checkout=2026-10-14&group_adults=2&req_adults=2&no_rooms=1&group_children=0&req_children=0&hpos=20&hapos=472&sr_order=popularity&srpvid=21039c9fdc8c0948&srepoch=1790634020&all_sr_blocks=1368326201_442570126_6_0_0&highlighted_blocks=1368326201_442570126_6_0_0&matching_block_id=1368326201_442570126_6_0_0&sr_pri_blocks=1368326201_442570126_6_0_0__18155&from=searchresults,"Charming 3 Bed Home in Central London, Abbey Road",241,2026-10-13,2026-09-29T05:23:58.936668,https://www.booking.com/searchresults.html?ss=London&group_adults=2&no_rooms=1&group_children=0&checkin=2026-10-13&checkout=2026-10-14&selected_currency=USD&chal_t=1790633780949&force_referer=,charming-3-bed-home-in-regents-park-abbey-road,Westminster Borough,London,8.4,Very Good,82
https://www.booking.com/hotel/gb/sonder-the-voyage.html?aid=304142&label=gen173nr-10CAQoggJCDXNlYXJjaF9sb25kb25IM1gEaPQBiAEBmAEzuAEXyAEM2AED6AEB-AEBiAIBqAIBuAK-zuvVBsACAdICJGFhMjY4NjU1LWI5MTQtNDIzOC1iY2MxLThkMTc2ZGY1MTZiM9gCAeACAQ&ucfs=1&arphpl=1&checkin=2026-10-13&checkout=2026-10-14&group_adults=2&req_adults=2&no_rooms=1&group_children=0&req_children=0&hpos=1&hapos=473&sr_order=popularity&srpvid=21039c9fdc8c0948&srepoch=1790634027&all_sr_blocks=1009090110_373624149_0_0_0&highlighted_blocks=1009090110_373624149_0_0_0&matching_block_id=1009090110_373624149_0_0_0&sr_pri_blocks=1009090110_373624149_0_0_0__18810&from=searchresults,The Voyage Hotel Paddington,249,2026-10-13,2026-09-29T05:23:59.056856,https://www.booking.com/searchresults.html?ss=London&group_adults=2&no_rooms=1&group_children=0&checkin=2026-10-13&checkout=2026-10-14&selected_currency=USD&chal_t=1790633780949&force_referer=,sonder-the-voyage,Westminster Borough,London,7.3,Good,1910
https://www.booking.com/hotel/gb/bestwesternbuckinghampalacerd.html?aid=304142&label=gen173nr-10CAQoggJCDXNlYXJjaF9sb25kb25IM1gEaPQBiAEBmAEzuAEXyAEM2AED6AEB-AEBiAIBqAIBuAK-zuvVBsACAdICJGFhMjY4NjU1LWI5MTQtNDIzOC1iY2MxLThkMTc2ZGY1MTZiM9gCAeACAQ&ucfs=1&arphpl=1&checkin=2026-10-13&checkout=2026-10-14&group_adults=2&req_adults=2&no_rooms=1&group_children=0&req_children=0&hpos=2&hapos=474&sr_order=popularity&srpvid=21039c9fdc8c0948&srepoch=1790634027&all_sr_blocks=22238509_332364246_2_2_0&highlighted_blocks=22238509_332364246_2_2_0&matching_block_id=22238509_332364246_2_2_0&sr_pri_blocks=22238509_332364246_2_2_0__26910&from=searchresults,Best Western Buckingham Palace Rd,357,2026-10-13,2026-09-29T05:23:59.190717,https://www.booking.com/searchresults.html?ss=London&group_adults=2&no_rooms=1&group_children=0&checkin=2026-10-13&checkout=2026-10-14&selected_currency=USD&chal_t=1790633780949&force_referer=,bestwesternbuckinghampalacerd,Westminster Borough,London,7.9,Good,4980
https://www.booking.com/hotel/gb/staycity-aparthotels-london-liverpool-street.html?aid=304142&label=gen173nr-10CAQoggJCDXNlYXJjaF9sb25kb25IM1gEaPQBiAEBmAEzuAEXyAEM2AED6AEB-AEBiAIBqAIBuAK-zuvVBsACAdICJGFhMjY4NjU1LWI5MTQtNDIzOC1iY2MxLThkMTc2ZGY1MTZiM9gCAeACAQ&ucfs=1&arphpl=1&checkin=2026-10-13&checkout=2026-10-14&group_adults=2&req_adults=2&no_rooms=1&group_children=0&req_children=0&hpos=3&hapos=475&sr_order=popularity&srpvid=21039c9fdc8c0948&srepoch=1790634027&all_sr_blocks=1171030805_398287813_2_42_0_617840&highlighted_blocks=1171030805_398287813_2_42_0_617840&matching_block_id=1171030805_398287813_2_42_0_617840&sr_pri_blocks=1171030805_398287813_2_42_0_617840_38775&from=searchresults,Wilde Aparthotels London Liverpool Street,514,2026-10-13,2026-09-29T05:23:59.413177,https://www.booking.com/searchresults.html?ss=London&group_adults=2&no_rooms=1&group_children=0&checkin=2026-10-13&checkout=2026-10-14&selected_currency=USD&chal_t=1790633780949&force_referer=,staycity-aparthotels-london-liverpool-street,Tower Hamlets,London,9.2,Wonderful,1017
https://www.booking.com/hotel/gb/luxury-4-bedroom-apartment-near-oxford-st.html?aid=304142&label=gen173nr-10CAQoggJCDXNlYXJjaF9sb25kb25IM1gEaPQBiAEBmAEzuAEXyAEM2AED6AEB-AEBiAIBqAIBuAK-zuvVBsACAdICJGFhMjY4NjU1LWI5MTQtNDIzOC1iY2MxLThkMTc2ZGY1MTZiM9gCAeACAQ&ucfs=1&arphpl=1&checkin=2026-10-13&checkout=2026-10-14&group_adults=2&req_adults=2&no_rooms=1&group_children=0&req_children=0&hpos=4&hapos=476&sr_order=popularity&srpvid=21039c9fdc8c0948&srepoch=1790634027&all_sr_blocks=1394976401_443582346_9_0_0&highlighted_blocks=1394976401_443582346_9_0_0&matching_block_id=1394976401_443582346_9_0_0&sr_pri_blocks=1394976401_443582346_9_0_0__31320&from=searchresults,Luxury 4-Bedroom Apartment in Oxford Street,415,2026-10-13,2026-09-29T05:23:59.568268,https://www.booking.com/searchresults.html?ss=London&group_adults=2&no_rooms=1&group_children=0&checkin=2026-10-13&checkout=2026-10-14&selected_currency=USD&chal_t=1790633780949&force_referer=,luxury-4-bedroom-apartment-near-oxford-st,Westminster Borough,London,7.8,Good,52
https://www.booking.com/hotel/gb/hyde-park-budget-apartments.html?aid=304142&label=gen173nr-10CAQoggJCDXNlYXJjaF9sb25kb25IM1gEaPQBiAEBmAEzuAEXyAEM2AED6AEB-AEBiAIBqAIBuAK-zuvVBsACAdICJGFhMjY4NjU1LWI5MTQtNDIzOC1iY2MxLThkMTc2ZGY1MTZiM9gCAeACAQ&ucfs=1&arphpl=1&checkin=2026-10-13&checkout=2026-10-14&group_adults=2&req_adults=2&no_rooms=1&group_children=0&req_children=0&hpos=5&hapos=477&sr_order=popularity&srpvid=21039c9fdc8c0948&srepoch=1790634027&all_sr_blocks=320039107_114172232_0_0_0&highlighted_blocks=320039107_114172232_0_0_0&matching_block_id=320039107_114172232_0_0_0&sr_pri_blocks=320039107_114172232_0_0_0__15324&from=searchresults,MSK Premium,203,2026-10-13,2026-09-29T05:23:59.662119,https://www.booking.com/searchresults.html?ss=London&group_adults=2&no_rooms=1&group_children=0&checkin=2026-10-13&checkout=2026-10-14&selected_currency=USD&chal_t=1790633780949&force_referer=,hyde-park-budget-apartments,Westminster Borough,London,7.7,Good,2669
https://www.booking.com/hotel/gb/glendalehotel.html?aid=304142&label=gen173nr-10CAQoggJCDXNlYXJjaF9sb25kb25IM1gEaPQBiAEBmAEzuAEXyAEM2AED6AEB-AEBiAIBqAIBuAK-zuvVBsACAdICJGFhMjY4NjU1LWI5MTQtNDIzOC1iY2MxLThkMTc2ZGY1MTZiM9gCAeACAQ&ucfs=1&arphpl=1&checkin=2026-10-13&checkout=2026-10-14&group_adults=2&req_adults=2&no_rooms=1&group_children=0&req_children=0&hpos=6&hapos=478&sr_order=popularity&srpvid=21039c9fdc8c0948&srepoch=1790634027&all_sr_blocks=7260_91909170_0_0_0&highlighted_blocks=7260_91909170_0_0_0&matching_block_id=7260_91909170_0_0_0&sr_pri_blocks=7260_91909170_0_0_0__17000&from=searchresults,Glendale Hyde Park Hotel,225,2026-10-13,2026-09-29T05:23:59.768072,https://www.booking.com/searchresults.html?ss=London&group_adults=2&no_rooms=1&group_children=0&checkin=2026-10-13&checkout=2026-10-14&selected_currency=USD&chal_t=1790633780949&force_referer=,glendalehotel,Westminster Borough,London,6.8,Average,1066
https://www.booking.com/hotel/gb/barryhousehotel.html?aid=304142&label=gen173nr-10CAQoggJCDXNlYXJjaF9sb25kb25IM1gEaPQBiAEBmAEzuAEXyAEM2AED6AEB-AEBiAIBqAIBuAK-zuvVBsACAdICJGFhMjY4NjU1LWI5MTQtNDIzOC1iY2MxLThkMTc2ZGY1MTZiM9gCAeACAQ&ucfs=1&arphpl=1&checkin=2026-10-13&checkout=2026-10-14&group_adults=2&req_adults=2&no_rooms=1&group_children=0&req_children=0&hpos=7&hapos=479&sr_order=popularity&srpvid=21039c9fdc8c0948&srepoch=1790634027&all_sr_blocks=36717_91909553_0_0_0&highlighted_blocks=36717_91909553_0_0_0&matching_block_id=36717_91909553_0_0_0&sr_pri_blocks=36717_91909553_0_0_0__12932&from=searchresults,Barry House,171,2026-10-13,2026-09-29T05:23:59.907851,https://www.booking.com/searchresults.html?ss=London&group_adults=2&no_rooms=1&group_children=0&checkin=2026-10-13&checkout=2026-10-14&selected_currency=USD&chal_t=1790633780949&force_referer=,barryhousehotel,Westminster Borough,London,7.2,Good,1179
https://www.booking.com/hotel/gb/saco-london-holborn-london.html?aid=304142&label=gen173nr-10CAQoggJCDXNlYXJjaF9sb25kb25IM1gEaPQBiAEBmAEzuAEXyAEM2AED6AEB-AEBiAIBqAIBuAK-zuvVBsACAdICJGFhMjY4NjU1LWI5MTQtNDIzOC1iY2MxLThkMTc2ZGY1MTZiM9gCAeACAQ&ucfs=1&arphpl=1&checkin=2026-10-13&checkout=2026-10-14&group_adults=2&req_adults=2&no_rooms=1&group_children=0&req_children=0&hpos=8&hapos=480&sr_order=popularity&srpvid=21039c9fdc8c0948&srepoch=1790634027&all_sr_blocks=49753503_91475242_0_0_0_1177153&highlighted_blocks=49753503_91475242_0_0_0_1177153&matching_block_id=49753503_91475242_0_0_0_1177153&sr_pri_blocks=49753503_91475242_0_0_0_1177153_31717&from=searchresults,SACO Holborn – Lamb’s Conduit St,420,2026-10-13,2026-09-29T05:24:00.006164,https://www.booking.com/searchresults.html?ss=London&group_adults=2&no_rooms=1&group_children=0&checkin=2026-10-13&checkout=2026-10-14&selected_currency=USD&chal_t=1790633780949&force_referer=,saco-london-holborn-london,Camden,London,7.9,Good,549
https://www.booking.com/hotel/gb/citizenm-london-shoreditch.html?aid=304142&label=gen173nr-10CAQoggJCDXNlYXJjaF9sb25kb25IM1gEaPQBiAEBmAEzuAEXyAEM2AED6AEB-AEBiAIBqAIBuAK-zuvVBsACAdICJGFhMjY4NjU1LWI5MTQtNDIzOC1iY2MxLThkMTc2ZGY1MTZiM9gCAeACAQ&ucfs=1&arphpl=1&checkin=2026-10-13&checkout=2026-10-14&group_adults=2&req_adults=2&no_rooms=1&group_children=0&req_children=0&hpos=9&hapos=481&sr_order=popularity&srpvid=21039c9fdc8c0948&srepoch=1790634027&all_sr_blocks=189710206_92703256_0_2_0&highlighted_blocks=189710206_92703256_0_2_0&matching_block_id=189710206_92703256_0_2_0&sr_pri_blocks=189710206_92703256_0_2_0__42700&from_sustainable_property_sr=1&from=searchresults,citizenM London Shoreditch,566,2026-10-13,2026-09-29T05:24:00.115955,https://www.booking.com/searchresults.html?ss=London&group_adults=2&no_rooms=1&group_children=0&checkin=2026-10-13&checkout=2026-10-14&selected_currency=USD&chal_t=1790633780949&force_referer=,citizenm-london-shoreditch,Hackney,London,8.7,Excellent,3314
https://www.booking.com/hotel/gb/go-native-west-end-garrick-mansions.html?aid=304142&label=gen173nr-10CAQoggJCDXNlYXJjaF9sb25kb25IM1gEaPQBiAEBmAEzuAEXyAEM2AED6AEB-AEBiAIBqAIBuAK-zuvVBsACAdICJGFhMjY4NjU1LWI5MTQtNDIzOC1iY2MxLThkMTc2ZGY1MTZiM9gCAeACAQ&ucfs=1&arphpl=1&checkin=2026-10-13&checkout=2026-10-14&group_adults=2&req_adults=2&no_rooms=1&group_children=0&req_children=0&hpos=10&hapos=482&sr_order=popularity&srpvid=21039c9fdc8c0948&srepoch=1790634027&all_sr_blocks=196974601_248752858_0_0_0&highlighted_blocks=196974601_248752858_0_0_0&matching_block_id=196974601_248752858_0_0_0&sr_pri_blocks=196974601_248752858_0_0_0__23769&from_sustainable_property_sr=1&from=searchresults,Garrick Mansions by Aeria Apartments,315,2026-10-13,2026-09-29T05:24:00.220357,https://www.booking.com/searchresults.html?ss=London&group_adults=2&no_rooms=1&group_children=0&checkin=2026-10-13&checkout=2026-10-14&selected_currency=USD&chal_t=1790633780949&force_referer=,go-native-west-end-garrick-mansions,Westminster Borough,London,8.0,Very Good,87
https://www.booking.com/hotel/gb/the-hyde-paddington.html?aid=304142&label=gen173nr-10CAQoggJCDXNlYXJjaF9sb25kb25IM1gEaPQBiAEBmAEzuAEXyAEM2AED6AEB-AEBiAIBqAIBuAK-zuvVBsACAdICJGFhMjY4NjU1LWI5MTQtNDIzOC1iY2MxLThkMTc2ZGY1MTZiM9gCAeACAQ&ucfs=1&arphpl=1&checkin=2026-10-13&checkout=2026-10-14&group_adults=2&req_adults=2&no_rooms=1&group_children=0&req_children=0&hpos=11&hapos=483&sr_order=popularity&srpvid=21039c9fdc8c0948&srepoch=1790634027&all_sr_blocks=1473973901_418760299_3_0_0&highlighted_blocks=1473973901_418760299_3_0_0&matching_block_id=1473973901_418760299_3_0_0&sr_pri_blocks=1473973901_418760299_3_0_0__9797&from=searchresults,The Hyde Paddington,130,2026-10-13,2026-09-29T05:24:00.337873,https://www.booking.com/searchresults.html?ss=London&group_adults=2&no_rooms=1&group_children=0&checkin=2026-10-13&checkout=2026-10-14&selected_currency=USD&chal_t=1790633780949&force_referer=,the-hyde-paddington,Westminster Borough,London,6.5,Average,37
https://www.booking.com/hotel/gb/brixton-attic.html?aid=304142&label=gen173nr-10CAQoggJCDXNlYXJjaF9sb25kb25IM1gEaPQBiAEBmAEzuAEXyAEM2AED6AEB-AEBiAIBqAIBuAK-zuvVBsACAdICJGFhMjY4NjU1LWI5MTQtNDIzOC1iY2MxLThkMTc2ZGY1MTZiM9gCAeACAQ&ucfs=1&arphpl=1&checkin=2026-10-13&checkout=2026-10-14&group_adults=2&req_adults=2&no_rooms=1&group_children=0&req_children=0&hpos=12&hapos=484&sr_order=popularity&srpvid=21039c9fdc8c0948&srepoch=1790634027&all_sr_blocks=1417140101_413389770_2_0_0&highlighted_blocks=1417140101_413389770_2_0_0&matching_block_id=1417140101_413389770_2_0_0&sr_pri_blocks=1417140101_413389770_2_0_0__8168&from=searchresults,Brixton Attic,108,2026-10-13,2026-09-29T05:24:00.433207,https://www.booking.com/searchresults.html?ss=London&group_adults=2&no_rooms=1&group_children=0&checkin=2026-10-13&checkout=2026-10-14&selected_currency=USD&chal_t=1790633780949&force_referer=,brixton-attic,Lambeth,London,8.9,Excellent,46
https://www.booking.com/hotel/gb/stay-by-station.html?aid=304142&label=gen173nr-10CAQoggJCDXNlYXJjaF9sb25kb25IM1gEaPQBiAEBmAEzuAEXyAEM2AED6AEB-AEBiAIBqAIBuAK-zuvVBsACAdICJGFhMjY4NjU1LWI5MTQtNDIzOC1iY2MxLThkMTc2ZGY1MTZiM9gCAeACAQ&ucfs=1&arphpl=1&checkin=2026-10-13&checkout=2026-10-14&group_adults=2&req_adults=2&no_rooms=1&group_children=0&req_children=0&hpos=13&hapos=485&sr_order=popularity&srpvid=21039c9fdc8c0948&srepoch=1790634027&all_sr_blocks=1703390701_441962934_4_0_0&highlighted_blocks=1703390701_441962934_4_0_0&matching_block_id=1703390701_441962934_4_0_0&sr_pri_blocks=1703390701_441962934_4_0_0__11520&from=searchresults,Stay by Station,153,2026-10-13,2026-09-29T05:24:00.532109,https://www.booking.com/searchresults.html?ss=London&group_adults=2&no_rooms=1&group_children=0&checkin=2026-10-13&checkout=2026-10-14&selected_currency=USD&chal_t=1790633780949&force_referer=,stay-by-station,Islington,London,6.6,Average,18
https://www.booking.com/hotel/gb/contemporary-3-bed-penthouse-with-river-views.html?aid=304142&label=gen173nr-10CAQoggJCDXNlYXJjaF9sb25kb25IM1gEaPQBiAEBmAEzuAEXyAEM2AED6AEB-AEBiAIBqAIBuAK-zuvVBsACAdICJGFhMjY4NjU1LWI5MTQtNDIzOC1iY2MxLThkMTc2ZGY1MTZiM9gCAeACAQ&ucfs=1&arphpl=1&checkin=2026-10-13&checkout=2026-10-14&group_adults=2&req_adults=2&no_rooms=1&group_children=0&req_children=0&hpos=14&hapos=486&sr_order=popularity&srpvid=21039c9fdc8c0948&srepoch=1790634027&all_sr_blocks=1538251301_425265261_6_0_0&highlighted_blocks=1538251301_425265261_6_0_0&matching_block_id=1538251301_425265261_6_0_0&sr_pri_blocks=1538251301_425265261_6_0_0__22275&from=searchresults,Contemporary 3-Bed Penthouse with River Views,295,2026-10-13,2026-09-29T05:24:00.637377,https://www.booking.com/searchresults.html?ss=London&group_adults=2&no_rooms=1&group_children=0&checkin=2026-10-13&checkout=2026-10-14&selected_currency=USD&chal_t=1790633780949&force_referer=,contemporary-3-bed-penthouse-with-river-views,Wandsworth,London,8.6,Excellent,32
https://www.booking.com/hotel/gb/best-western-plus-vauxhall.html?aid=304142&label=gen173nr-10CAQoggJCDXNlYXJjaF9sb25kb25IM1gEaPQBiAEBmAEzuAEXyAEM2AED6AEB-AEBiAIBqAIBuAK-zuvVBsACAdICJGFhMjY4NjU1LWI5MTQtNDIzOC1iY2MxLThkMTc2ZGY1MTZiM9gCAeACAQ&ucfs=1&arphpl=1&checkin=2026-10-13&checkout=2026-10-14&group_adults=2&req_adults=2&no_rooms=1&group_children=0&req_children=0&hpos=15&hapos=487&sr_order=popularity&srpvid=21039c9fdc8c0948&srepoch=1790634027&all_sr_blocks=217267212_97294933_2_2_0&highlighted_blocks=217267212_97294933_2_2_0&matching_block_id=217267212_97294933_2_2_0&sr_pri_blocks=217267212_97294933_2_2_0__25200&from_sustainable_property_sr=1&from=searchresults,Best Western Plus Vauxhall Hotel,334,2026-10-13,2026-09-29T05:24:00.756010,https://www.booking.com/searchresults.html?ss=London&group_adults=2&no_rooms=1&group_children=0&checkin=2026-10-13&checkout=2026-10-14&selected_currency=USD&chal_t=1790633780949&force_referer=,best-western-plus-vauxhall,Lambeth,London,8.0,Very Good,900
https://www.booking.com/hotel/gb/bob-w-london-earls-court-warwick-road-greater-london.html?aid=304142&label=gen173nr-10CAQoggJCDXNlYXJjaF9sb25kb25IM1gEaPQBiAEBmAEzuAEXyAEM2AED6AEB-AEBiAIBqAIBuAK-zuvVBsACAdICJGFhMjY4NjU1LWI5MTQtNDIzOC1iY2MxLThkMTc2ZGY1MTZiM9gCAeACAQ&ucfs=1&arphpl=1&checkin=2026-10-13&checkout=2026-10-14&group_adults=2&req_adults=2&no_rooms=1&group_children=0&req_children=0&hpos=16&hapos=488&sr_order=popularity&srpvid=21039c9fdc8c0948&srepoch=1790634027&all_sr_blocks=1404990903_412305853_0_2_0&highlighted_blocks=1404990903_412305853_0_2_0&matching_block_id=1404990903_412305853_0_2_0&sr_pri_blocks=1404990903_412305853_0_2_0__18893&from=searchresults,Bob W London Earl's Court - Warwick Road,250,2026-10-13,2026-09-29T05:24:00.855622,https://www.booking.com/searchresults.html?ss=London&group_adults=2&no_rooms=1&group_children=0&checkin=2026-10-13&checkout=2026-10-14&selected_currency=USD&chal_t=1790633780949&force_referer=,bob-w-london-earls-court-warwick-road-greater-london,Kensington and Chelsea,London,7.4,Good,582
https://www.booking.com/hotel/gb/two-charming-hyde-park-flats-sleeps-8-total.html?aid=304142&label=gen173nr-10CAQoggJCDXNlYXJjaF9sb25kb25IM1gEaPQBiAEBmAEzuAEXyAEM2AED6AEB-AEBiAIBqAIBuAK-zuvVBsACAdICJGFhMjY4NjU1LWI5MTQtNDIzOC1iY2MxLThkMTc2ZGY1MTZiM9gCAeACAQ&ucfs=1&arphpl=1&checkin=2026-10-13&checkout=2026-10-14&group_adults=2&req_adults=2&no_rooms=1&group_children=0&req_children=0&hpos=17&hapos=489&sr_order=popularity&srpvid=21039c9fdc8c0948&srepoch=1790634027&all_sr_blocks=1647364203_434673775_4_0_0&highlighted_blocks=1647364203_434673775_4_0_0&matching_block_id=1647364203_434673775_4_0_0&sr_pri_blocks=1647364203_434673775_4_0_0__28620&from=searchresults,Modern Apartments Near Hyde Park Ideal for Couples Families & Groups,379,2026-10-13,2026-09-29T05:24:00.985590,https://www.booking.com/searchresults.html?ss=London&group_adults=2&no_rooms=1&group_children=0&checkin=2026-10-13&checkout=2026-10-14&selected_currency=USD&chal_t=1790633780949&force_referer=,two-charming-hyde-park-flats-sleeps-8-total,Westminster Borough,London,6.7,Average,28
https://www.booking.com/hotel/gb/admiral.html?aid=304142&label=gen173nr-10CAQoggJCDXNlYXJjaF9sb25kb25IM1gEaPQBiAEBmAEzuAEXyAEM2AED6AEB-AEBiAIBqAIBuAK-zuvVBsACAdICJGFhMjY4NjU1LWI5MTQtNDIzOC1iY2MxLThkMTc2ZGY1MTZiM9gCAeACAQ&ucfs=1&arphpl=1&checkin=2026-10-13&checkout=2026-10-14&group_adults=2&req_adults=2&no_rooms=1&group_children=0&req_children=0&hpos=18&hapos=490&sr_order=popularity&srpvid=21039c9fdc8c0948&srepoch=1790634027&all_sr_blocks=3719302_0_2_0_0&highlighted_blocks=3719302_0_2_0_0&matching_block_id=3719302_0_2_0_0&sr_pri_blocks=3719302_0_2_0_0__31188&from=searchresults,Admiral Hotel at Park Avenue,413,2026-10-13,2026-09-29T05:24:01.074992,https://www.booking.com/searchresults.html?ss=London&group_adults=2&no_rooms=1&group_children=0&checkin=2026-10-13&checkout=2026-10-14&selected_currency=USD&chal_t=1790633780949&force_referer=,admiral,Westminster Borough,London,7.1,Good,223
https://www.booking.com/hotel/gb/lancaster-court-greater-london.html?aid=304142&label=gen173nr-10CAQoggJCDXNlYXJjaF9sb25kb25IM1gEaPQBiAEBmAEzuAEXyAEM2AED6AEB-AEBiAIBqAIBuAK-zuvVBsACAdICJGFhMjY4NjU1LWI5MTQtNDIzOC1iY2MxLThkMTc2ZGY1MTZiM9gCAeACAQ&ucfs=1&arphpl=1&checkin=2026-10-13&checkout=2026-10-14&group_adults=2&req_adults=2&no_rooms=1&group_children=0&req_children=0&hpos=19&hapos=491&sr_order=popularity&srpvid=21039c9fdc8c0948&srepoch=1790634027&all_sr_blocks=1139081107_386758757_2_0_0&highlighted_blocks=1139081107_386758757_2_0_0&matching_block_id=1139081107_386758757_2_0_0&sr_pri_blocks=1139081107_386758757_2_0_0__11781&from=searchresults,Lancaster Court Hotel,156,2026-10-13,2026-09-29T05:24:01.166457,https://www.booking.com/searchresults.html?ss=London&group_adults=2&no_rooms=1&group_children=0&checkin=2026-10-13&checkout=2026-10-14&selected_currency=USD&chal_t=1790633780949&force_referer=,lancaster-court-greater-london,Westminster Borough,London,6.5,Average,767
https://www.booking.com/hotel/gb/hideaway-london.html?aid=304142&label=gen173nr-10CAQoggJCDXNlYXJjaF9sb25kb25IM1gEaPQBiAEBmAEzuAEXyAEM2AED6AEB-AEBiAIBqAIBuAK-zuvVBsACAdICJGFhMjY4NjU1LWI5MTQtNDIzOC1iY2MxLThkMTc2ZGY1MTZiM9gCAeACAQ&ucfs=1&arphpl=1&checkin=2026-10-13&checkout=2026-10-14&group_adults=2&req_adults=2&no_rooms=1&group_children=0&req_children=0&hpos=1&hapos=492&sr_order=popularity&srpvid=21039c9fdc8c0948&srepoch=1790634038&all_sr_blocks=1513884504_423950085_2_0_0&highlighted_blocks=1513884504_423950085_2_0_0&matching_block_id=1513884504_423950085_2_0_0&sr_pri_blocks=1513884504_423950085_2_0_0__9075&from=searchresults,HideAway London,120,2026-10-13,2026-09-29T05:24:01.256755,https://www.booking.com/searchresults.html?ss=London&group_adults=2&no_rooms=1&group_children=0&checkin=2026-10-13&checkout=2026-10-14&selected_currency=USD&chal_t=1790633780949&force_referer=,hideaway-london,Lewisham,London,8.0,Very Good,68
https://www.booking.com/hotel/gb/londonlodgehotel.html?aid=304142&label=gen173nr-10CAQoggJCDXNlYXJjaF9sb25kb25IM1gEaPQBiAEBmAEzuAEXyAEM2AED6AEB-AEBiAIBqAIBuAK-zuvVBsACAdICJGFhMjY4NjU1LWI5MTQtNDIzOC1iY2MxLThkMTc2ZGY1MTZiM9gCAeACAQ&ucfs=1&arphpl=1&checkin=2026-10-13&checkout=2026-10-14&group_adults=2&req_adults=2&no_rooms=1&group_children=0&req_children=0&hpos=2&hapos=493&sr_order=popularity&srpvid=21039c9fdc8c0948&srepoch=1790634038&all_sr_blocks=10342326_0_2_0_0&highlighted_blocks=10342326_0_2_0_0&matching_block_id=10342326_0_2_0_0&sr_pri_blocks=10342326_0_2_0_0__19549&from=searchresults,London Lodge Hotel,259,2026-10-13,2026-09-29T05:24:01.357585,https://www.booking.com/searchresults.html?ss=London&group_adults=2&no_rooms=1&group_children=0&checkin=2026-10-13&checkout=2026-10-14&selected_currency=USD&chal_t=1790633780949&force_referer=,londonlodgehotel,Kensington and Chelsea,London,8.6,Excellent,1960
https://www.booking.com/hotel/gb/comfotel-prpl.html?aid=304142&label=gen173nr-10CAQoggJCDXNlYXJjaF9sb25kb25IM1gEaPQBiAEBmAEzuAEXyAEM2AED6AEB-AEBiAIBqAIBuAK-zuvVBsACAdICJGFhMjY4NjU1LWI5MTQtNDIzOC1iY2MxLThkMTc2ZGY1MTZiM9gCAeACAQ&ucfs=1&arphpl=1&checkin=2026-10-13&checkout=2026-10-14&group_adults=2&req_adults=2&no_rooms=1&group_children=0&req_children=0&hpos=3&hapos=494&sr_order=popularity&srpvid=21039c9fdc8c0948&srepoch=1790634038&all_sr_blocks=3733505_95160435_4_0_0&highlighted_blocks=3733505_95160435_4_0_0&matching_block_id=3733505_95160435_4_0_0&sr_pri_blocks=3733505_95160435_4_0_0__10015&from=searchresults,Comfotel PRPL,133,2026-10-13,2026-09-29T05:24:01.441207,https://www.booking.com/searchresults.html?ss=London&group_adults=2&no_rooms=1&group_children=0&checkin=2026-10-13&checkout=2026-10-14&selected_currency=USD&chal_t=1790633780949&force_referer=,comfotel-prpl,Hammersmith and Fulham,London,6.8,Average,1094
https://www.booking.com/hotel/gb/restup-london.html?aid=304142&label=gen173nr-10CAQoggJCDXNlYXJjaF9sb25kb25IM1gEaPQBiAEBmAEzuAEXyAEM2AED6AEB-AEBiAIBqAIBuAK-zuvVBsACAdICJGFhMjY4NjU1LWI5MTQtNDIzOC1iY2MxLThkMTc2ZGY1MTZiM9gCAeACAQ&ucfs=1&arphpl=1&checkin=2026-10-13&checkout=2026-10-14&group_adults=2&req_adults=2&no_rooms=1&group_children=0&req_children=0&hpos=4&hapos=495&sr_order=popularity&srpvid=21039c9fdc8c0948&srepoch=1790634038&all_sr_blocks=42355211_91927987_2_2_0&highlighted_blocks=42355211_91927987_2_2_0&matching_block_id=42355211_91927987_2_2_0&sr_pri_blocks=42355211_91927987_2_2_0__5857&from=searchresults,Rest Up London,78,2026-10-13,2026-09-29T05:24:01.529700,https://www.booking.com/searchresults.html?ss=London&group_adults=2&no_rooms=1&group_children=0&checkin=2026-10-13&checkout=2026-10-14&selected_currency=USD&chal_t=1790633780949&force_referer=,restup-london,Southwark,London,6.3,Average,3507
https://www.booking.com/hotel/gb/modern-new-kensington-home-with-ac.html?aid=304142&label=gen173nr-10CAQoggJCDXNlYXJjaF9sb25kb25IM1gEaPQBiAEBmAEzuAEXyAEM2AED6AEB-AEBiAIBqAIBuAK-zuvVBsACAdICJGFhMjY4NjU1LWI5MTQtNDIzOC1iY2MxLThkMTc2ZGY1MTZiM9gCAeACAQ&ucfs=1&arphpl=1&checkin=2026-10-13&checkout=2026-10-14&group_adults=2&req_adults=2&no_rooms=1&group_children=0&req_children=0&hpos=5&hapos=496&sr_order=popularity&srpvid=21039c9fdc8c0948&srepoch=1790634038&all_sr_blocks=1665781001_444011861_2_0_0&highlighted_blocks=1665781001_444011861_2_0_0&matching_block_id=1665781001_444011861_2_0_0&sr_pri_blocks=1665781001_444011861_2_0_0__20350&from=searchresults,Halcyon Kensington 1 Bedroom - Airconditioned - High Street,270,2026-10-13,2026-09-29T05:24:01.654729,https://www.booking.com/searchresults.html?ss=London&group_adults=2&no_rooms=1&group_children=0&checkin=2026-10-13&checkout=2026-10-14&selected_currency=USD&chal_t=1790633780949&force_referer=,modern-new-kensington-home-with-ac,Kensington and Chelsea,London,9.0,Wonderful,1
https://www.booking.com/hotel/gb/cozy-stay-with-garden-view.html?aid=304142&label=gen173nr-10CAQoggJCDXNlYXJjaF9sb25kb25IM1gEaPQBiAEBmAEzuAEXyAEM2AED6AEB-AEBiAIBqAIBuAK-zuvVBsACAdICJGFhMjY4NjU1LWI5MTQtNDIzOC1iY2MxLThkMTc2ZGY1MTZiM9gCAeACAQ&ucfs=1&arphpl=1&checkin=2026-10-13&checkout=2026-10-14&group_adults=2&req_adults=2&no_rooms=1&group_children=0&req_children=0&hpos=6&hapos=497&sr_order=popularity&srpvid=21039c9fdc8c0948&srepoch=1790634038&all_sr_blocks=1463378701_418804910_2_0_0&highlighted_blocks=1463378701_418804910_2_0_0&matching_block_id=1463378701_418804910_2_0_0&sr_pri_blocks=1463378701_418804910_2_0_0__6050&from=searchresults,Cozy stay with garden view,80,2026-10-13,2026-09-29T05:24:01.738150,https://www.booking.com/searchresults.html?ss=London&group_adults=2&no_rooms=1&group_children=0&checkin=2026-10-13&checkout=2026-10-14&selected_currency=USD&chal_t=1790633780949&force_referer=,cozy-stay-with-garden-view,Lambeth,London,8.4,Very Good,24
https://www.booking.com/hotel/gb/39-suites.html?aid=304142&label=gen173nr-10CAQoggJCDXNlYXJjaF9sb25kb25IM1gEaPQBiAEBmAEzuAEXyAEM2AED6AEB-AEBiAIBqAIBuAK-zuvVBsACAdICJGFhMjY4NjU1LWI5MTQtNDIzOC1iY2MxLThkMTc2ZGY1MTZiM9gCAeACAQ&ucfs=1&arphpl=1&checkin=2026-10-13&checkout=2026-10-14&group_adults=2&req_adults=2&no_rooms=1&group_children=0&req_children=0&hpos=7&hapos=498&sr_order=popularity&srpvid=21039c9fdc8c0948&srepoch=1790634038&all_sr_blocks=4291004_93697091_3_0_0&highlighted_blocks=4291004_93697091_3_0_0&matching_block_id=4291004_93697091_3_0_0&sr_pri_blocks=4291004_93697091_3_0_0__23808&from=searchresults,39 Studios,315,2026-10-13,2026-09-29T05:24:01.858751,https://www.booking.com/searchresults.html?ss=London&group_adults=2&no_rooms=1&group_children=0&checkin=2026-10-13&checkout=2026-10-14&selected_currency=USD&chal_t=1790633780949&force_referer=,39-suites,Westminster Borough,London,8.0,Very Good,2496
https://www.booking.com/hotel/gb/city-center-camden-market-budget-apartment-and-rooms.html?aid=304142&label=gen173nr-10CAQoggJCDXNlYXJjaF9sb25kb25IM1gEaPQBiAEBmAEzuAEXyAEM2AED6AEB-AEBiAIBqAIBuAK-zuvVBsACAdICJGFhMjY4NjU1LWI5MTQtNDIzOC1iY2MxLThkMTc2ZGY1MTZiM9gCAeACAQ&ucfs=1&arphpl=1&checkin=2026-10-13&checkout=2026-10-14&group_adults=2&req_adults=2&no_rooms=1&group_children=0&req_children=0&hpos=8&hapos=499&sr_order=popularity&srpvid=21039c9fdc8c0948&srepoch=1790634038&all_sr_blocks=1172245103_429047402_3_0_0&highlighted_blocks=1172245103_429047402_3_0_0&matching_block_id=1172245103_429047402_3_0_0&sr_pri_blocks=1172245103_429047402_3_0_0__6713&from=searchresults,City Center Camden Market Budget Apartment and Rooms,89,2026-10-13,2026-09-29T05:24:01.960221,https://www.booking.com/searchresults.html?ss=London&group_adults=2&no_rooms=1&group_children=0&checkin=2026-10-13&checkout=2026-10-14&selected_currency=USD&chal_t=1790633780949&force_referer=,city-center-camden-market-budget-apartment-and-rooms,Camden,London,7.1,Good,781
https://www.booking.com/hotel/gb/airways-victoria.html?aid=304142&label=gen173nr-10CAQoggJCDXNlYXJjaF9sb25kb25IM1gEaPQBiAEBmAEzuAEXyAEM2AED6AEB-AEBiAIBqAIBuAK-zuvVBsACAdICJGFhMjY4NjU1LWI5MTQtNDIzOC1iY2MxLThkMTc2ZGY1MTZiM9gCAeACAQ&ucfs=1&arphpl=1&checkin=2026-10-13&checkout=2026-10-14&group_adults=2&req_adults=2&no_rooms=1&group_children=0&req_children=0&hpos=9&hapos=500&sr_order=popularity&srpvid=21039c9fdc8c0948&srepoch=1790634038&all_sr_blocks=17917304_295488998_0_2_0&highlighted_blocks=17917304_295488998_0_2_0&matching_block_id=17917304_295488998_0_2_0&sr_pri_blocks=17917304_295488998_0_2_0__23846&from=searchresults,The 29 London,316,2026-10-13,2026-09-29T05:24:02.124107,https://www.booking.com/searchresults.html?ss=London&group_adults=2&no_rooms=1&group_children=0&checkin=2026-10-13&checkout=2026-10-14&selected_currency=USD&chal_t=1790633780949&force_referer=,airways-victoria,Westminster Borough,London,7.8,Good,3948
https://www.booking.com/hotel/gb/the-shoreditch-inn.html?aid=304142&label=gen173nr-10CAQoggJCDXNlYXJjaF9sb25kb25IM1gEaPQBiAEBmAEzuAEXyAEM2AED6AEB-AEBiAIBqAIBuAK-zuvVBsACAdICJGFhMjY4NjU1LWI5MTQtNDIzOC1iY2MxLThkMTc2ZGY1MTZiM9gCAeACAQ&ucfs=1&arphpl=1&checkin=2026-10-13&checkout=2026-10-14&group_adults=2&req_adults=2&no_rooms=1&group_children=0&req_children=0&hpos=10&hapos=501&sr_order=popularity&srpvid=21039c9fdc8c0948&srepoch=1790634038&all_sr_blocks=0_0_2_1_0&highlighted_blocks=0_0_2_1_0&matching_block_id=0_0_2_1_0&sr_pri_blocks=0_0_2_1_0__22551&from=searchresults,The Shoreditch Inn,299,2026-10-13,2026-09-29T05:24:02.233186,https://www.booking.com/searchresults.html?ss=London&group_adults=2&no_rooms=1&group_children=0&checkin=2026-10-13&checkout=2026-10-14&selected_currency=USD&chal_t=1790633780949&force_referer=,the-shoreditch-inn,Tower Hamlets,London,8.2,Very Good,2562
https://www.booking.com/hotel/gb/the-drey-greater-london2.html?aid=304142&label=gen173nr-10CAQoggJCDXNlYXJjaF9sb25kb25IM1gEaPQBiAEBmAEzuAEXyAEM2AED6AEB-AEBiAIBqAIBuAK-zuvVBsACAdICJGFhMjY4NjU1LWI5MTQtNDIzOC1iY2MxLThkMTc2ZGY1MTZiM9gCAeACAQ&ucfs=1&arphpl=1&checkin=2026-10-13&checkout=2026-10-14&group_adults=2&req_adults=2&no_rooms=1&group_children=0&req_children=0&hpos=11&hapos=502&sr_order=popularity&srpvid=21039c9fdc8c0948&srepoch=1790634038&all_sr_blocks=1468019408_418119748_0_0_0&highlighted_blocks=1468019408_418119748_0_0_0&matching_block_id=1468019408_418119748_0_0_0&sr_pri_blocks=1468019408_418119748_0_0_0__20863&from=searchresults,"The Drey - Kensington, Earl's Court",276,2026-10-13,2026-09-29T05:24:02.323587,https://www.booking.com/searchresults.html?ss=London&group_adults=2&no_rooms=1&group_children=0&checkin=2026-10-13&checkout=2026-10-14&selected_currency=USD&chal_t=1790633780949&force_referer=,the-drey-greater-london2,Kensington and Chelsea,London,8.3,Very Good,1074
https://www.booking.com/hotel/gb/the-dilly.html?aid=304142&label=gen173nr-10CAQoggJCDXNlYXJjaF9sb25kb25IM1gEaPQBiAEBmAEzuAEXyAEM2AED6AEB-AEBiAIBqAIBuAK-zuvVBsACAdICJGFhMjY4NjU1LWI5MTQtNDIzOC1iY2MxLThkMTc2ZGY1MTZiM9gCAeACAQ&ucfs=1&arphpl=1&checkin=2026-10-13&checkout=2026-10-14&group_adults=2&req_adults=2&no_rooms=1&group_children=0&req_children=0&hpos=12&hapos=503&sr_order=popularity&srpvid=21039c9fdc8c0948&srepoch=1790634038&all_sr_blocks=3684533_95159572_0_2_0_907387&highlighted_blocks=3684533_95159572_0_2_0_907387&matching_block_id=3684533_95159572_0_2_0_907387&sr_pri_blocks=3684533_95159572_0_2_0_907387_56700&from_sustainable_property_sr=1&from=searchresults,The Dilly,751,2026-10-13,2026-09-29T05:24:02.433894,https://www.booking.com/searchresults.html?ss=London&group_adults=2&no_rooms=1&group_children=0&checkin=2026-10-13&checkout=2026-10-14&selected_currency=USD&chal_t=1790633780949&force_referer=,the-dilly,Westminster Borough,London,8.2,Very Good,15913
https://www.booking.com/hotel/gb/dancenter-southwark-near-london-bridge.html?aid=304142&label=gen173nr-10CAQoggJCDXNlYXJjaF9sb25kb25IM1gEaPQBiAEBmAEzuAEXyAEM2AED6AEB-AEBiAIBqAIBuAK-zuvVBsACAdICJGFhMjY4NjU1LWI5MTQtNDIzOC1iY2MxLThkMTc2ZGY1MTZiM9gCAeACAQ&ucfs=1&arphpl=1&checkin=2026-10-13&checkout=2026-10-14&group_adults=2&req_adults=2&no_rooms=1&group_children=0&req_children=0&hpos=13&hapos=504&sr_order=popularity&srpvid=21039c9fdc8c0948&srepoch=1790634038&all_sr_blocks=1371309508_409336252_2_2_0&highlighted_blocks=1371309508_409336252_2_2_0&matching_block_id=1371309508_409336252_2_2_0&sr_pri_blocks=1371309508_409336252_2_2_0__10808&from=searchresults,Dancenter Southwark Near London Bridge,143,2026-10-13,2026-09-29T05:24:02.573759,https://www.booking.com/searchresults.html?ss=London&group_adults=2&no_rooms=1&group_children=0&checkin=2026-10-13&checkout=2026-10-14&selected_currency=USD&chal_t=1790633780949&force_referer=,dancenter-southwark-near-london-bridge,Southwark,London,7.0,Good,103
https://www.booking.com/hotel/gb/comfortable-ensuite-room-near-brick-lane-close-to-metro.html?aid=304142&label=gen173nr-10CAQoggJCDXNlYXJjaF9sb25kb25IM1gEaPQBiAEBmAEzuAEXyAEM2AED6AEB-AEBiAIBqAIBuAK-zuvVBsACAdICJGFhMjY4NjU1LWI5MTQtNDIzOC1iY2MxLThkMTc2ZGY1MTZiM9gCAeACAQ&ucfs=1&arphpl=1&checkin=2026-10-13&checkout=2026-10-14&group_adults=2&req_adults=2&no_rooms=1&group_children=0&req_children=0&hpos=14&hapos=505&sr_order=popularity&srpvid=21039c9fdc8c0948&srepoch=1790634038&all_sr_blocks=1475432301_422552885_2_0_0&highlighted_blocks=1475432301_422552885_2_0_0&matching_block_id=1475432301_422552885_2_0_0&sr_pri_blocks=1475432301_422552885_2_0_0__10267&from=searchresults,"Comfortable Ensuite Room, Near Brick Lane, Close to Metro",136,2026-10-13,2026-09-29T05:24:02.667244,https://www.booking.com/searchresults.html?ss=London&group_adults=2&no_rooms=1&group_children=0&checkin=2026-10-13&checkout=2026-10-14&selected_currency=USD&chal_t=1790633780949&force_referer=,comfortable-ensuite-room-near-brick-lane-close-to-metro,Tower Hamlets,London,6.7,Average,40
https://www.booking.com/hotel/gb/the-hoxton-southwark.html?aid=304142&label=gen173nr-10CAQoggJCDXNlYXJjaF9sb25kb25IM1gEaPQBiAEBmAEzuAEXyAEM2AED6AEB-AEBiAIBqAIBuAK-zuvVBsACAdICJGFhMjY4NjU1LWI5MTQtNDIzOC1iY2MxLThkMTc2ZGY1MTZiM9gCAeACAQ&ucfs=1&arphpl=1&checkin=2026-10-13&checkout=2026-10-14&group_adults=2&req_adults=2&no_rooms=1&group_children=0&req_children=0&hpos=15&hapos=506&sr_order=popularity&srpvid=21039c9fdc8c0948&srepoch=1790634038&all_sr_blocks=497231102_167425406_0_0_0&highlighted_blocks=497231102_167425406_0_0_0&matching_block_id=497231102_167425406_0_0_0&sr_pri_blocks=497231102_167425406_0_0_0__43400&from_sustainable_property_sr=1&from=searchresults,"The Hoxton, Southwark",575,2026-10-13,2026-09-29T05:24:02.790188,https://www.booking.com/searchresults.html?ss=London&group_adults=2&no_rooms=1&group_children=0&checkin=2026-10-13&checkout=2026-10-14&selected_currency=USD&chal_t=1790633780949&force_referer=,the-hoxton-southwark,Southwark,London,8.8,Excellent,2137
https://www.booking.com/hotel/gb/st-george.html?aid=304142&label=gen173nr-10CAQoggJCDXNlYXJjaF9sb25kb25IM1gEaPQBiAEBmAEzuAEXyAEM2AED6AEB-AEBiAIBqAIBuAK-zuvVBsACAdICJGFhMjY4NjU1LWI5MTQtNDIzOC1iY2MxLThkMTc2ZGY1MTZiM9gCAeACAQ&ucfs=1&arphpl=1&checkin=2026-10-13&checkout=2026-10-14&group_adults=2&req_adults=2&no_rooms=1&group_children=0&req_children=0&hpos=16&hapos=507&sr_order=popularity&srpvid=21039c9fdc8c0948&srepoch=1790634038&all_sr_blocks=24037801_419413146_0_0_0&highlighted_blocks=24037801_419413146_0_0_0&matching_block_id=24037801_419413146_0_0_0&sr_pri_blocks=24037801_419413146_0_0_0__13060&from=searchresults,St George Hotel Paddington,173,2026-10-13,2026-09-29T05:24:02.886290,https://www.booking.com/searchresults.html?ss=London&group_adults=2&no_rooms=1&group_children=0&checkin=2026-10-13&checkout=2026-10-14&selected_currency=USD&chal_t=1790633780949&force_referer=,st-george,Westminster Borough,London,6.6,Average,593
https://www.booking.com/hotel/gb/cosy-bermondsey-flat-near-london-bridge.html?aid=304142&label=gen173nr-10CAQoggJCDXNlYXJjaF9sb25kb25IM1gEaPQBiAEBmAEzuAEXyAEM2AED6AEB-AEBiAIBqAIBuAK-zuvVBsACAdICJGFhMjY4NjU1LWI5MTQtNDIzOC1iY2MxLThkMTc2ZGY1MTZiM9gCAeACAQ&ucfs=1&arphpl=1&checkin=2026-10-13&checkout=2026-10-14&group_adults=2&req_adults=2&no_rooms=1&group_children=0&req_children=0&hpos=17&hapos=508&sr_order=popularity&srpvid=21039c9fdc8c0948&srepoch=1790634038&all_sr_blocks=1685426901_440165740_5_0_0&highlighted_blocks=1685426901_440165740_5_0_0&matching_block_id=1685426901_440165740_5_0_0&sr_pri_blocks=1685426901_440165740_5_0_0__14025&from=searchresults,2 Bed Home Near London Bridge with Private Garden,186,2026-10-13,2026-09-29T05:24:03.040176,https://www.booking.com/searchresults.html?ss=London&group_adults=2&no_rooms=1&group_children=0&checkin=2026-10-13&checkout=2026-10-14&selected_currency=USD&chal_t=1790633780949&force_referer=,cosy-bermondsey-flat-near-london-bridge,Southwark,London,8.5,Very Good,2
https://www.booking.com/hotel/gb/the-mowbray-court.html?aid=304142&label=gen173nr-10CAQoggJCDXNlYXJjaF9sb25kb25IM1gEaPQBiAEBmAEzuAEXyAEM2AED6AEB-AEBiAIBqAIBuAK-zuvVBsACAdICJGFhMjY4NjU1LWI5MTQtNDIzOC1iY2MxLThkMTc2ZGY1MTZiM9gCAeACAQ&ucfs=1&arphpl=1&checkin=2026-10-13&checkout=2026-10-14&group_adults=2&req_adults=2&no_rooms=1&group_children=0&req_children=0&hpos=18&hapos=509&sr_order=popularity&srpvid=21039c9fdc8c0948&srepoch=1790634038&all_sr_blocks=183707103_0_2_0_0&highlighted_blocks=183707103_0_2_0_0&matching_block_id=183707103_0_2_0_0&sr_pri_blocks=183707103_0_2_0_0__15623&from=searchresults,Mowbray Court Hotel,207,2026-10-13,2026-09-29T05:24:03.177862,https://www.booking.com/searchresults.html?ss=London&group_adults=2&no_rooms=1&group_children=0&checkin=2026-10-13&checkout=2026-10-14&selected_currency=USD&chal_t=1790633780949&force_referer=,the-mowbray-court,Kensington and Chelsea,London,7.6,Good,3603
https://www.booking.com/hotel/gb/zain-heaven-ltd.html?aid=304142&label=gen173nr-10CAQoggJCDXNlYXJjaF9sb25kb25IM1gEaPQBiAEBmAEzuAEXyAEM2AED6AEB-AEBiAIBqAIBuAK-zuvVBsACAdICJGFhMjY4NjU1LWI5MTQtNDIzOC1iY2MxLThkMTc2ZGY1MTZiM9gCAeACAQ&ucfs=1&arphpl=1&checkin=2026-10-13&checkout=2026-10-14&group_adults=2&req_adults=2&no_rooms=1&group_children=0&req_children=0&hpos=1&hapos=510&sr_order=popularity&srpvid=21039c9fdc8c0948&srepoch=1790634048&all_sr_blocks=1556993202_426994286_2_0_0&highlighted_blocks=1556993202_426994286_2_0_0&matching_block_id=1556993202_426994286_2_0_0&sr_pri_blocks=1556993202_426994286_2_0_0__7700&from=searchresults,ZAIN HEAVEN Ltd,102,2026-10-13,2026-09-29T05:24:03.285052,https://www.booking.com/searchresults.html?ss=London&group_adults=2&no_rooms=1&group_children=0&checkin=2026-10-13&checkout=2026-10-14&selected_currency=USD&chal_t=1790633780949&force_referer=,zain-heaven-ltd,Tower Hamlets,London,6.7,Average,53
https://www.booking.com/hotel/gb/beaconsfield-london.html?aid=304142&label=gen173nr-10CAQoggJCDXNlYXJjaF9sb25kb25IM1gEaPQBiAEBmAEzuAEXyAEM2AED6AEB-AEBiAIBqAIBuAK-zuvVBsACAdICJGFhMjY4NjU1LWI5MTQtNDIzOC1iY2MxLThkMTc2ZGY1MTZiM9gCAeACAQ&ucfs=1&arphpl=1&checkin=2026-10-13&checkout=2026-10-14&group_adults=2&req_adults=2&no_rooms=1&group_children=0&req_children=0&hpos=2&hapos=511&sr_order=popularity&srpvid=21039c9fdc8c0948&srepoch=1790634048&all_sr_blocks=0_0_2_0_0&highlighted_blocks=0_0_2_0_0&matching_block_id=0_0_2_0_0&sr_pri_blocks=0_0_2_0_0__9395&from=searchresults,Beaconsfield Hotel,124,2026-10-13,2026-09-29T05:24:03.407964,https://www.booking.com/searchresults.html?ss=London&group_adults=2&no_rooms=1&group_children=0&checkin=2026-10-13&checkout=2026-10-14&selected_currency=USD&chal_t=1790633780949&force_referer=,beaconsfield-london,Unknown,London,5.8,Average,1300
https://www.booking.com/hotel/gb/the-pride-of-paddington.html?aid=304142&label=gen173nr-10CAQoggJCDXNlYXJjaF9sb25kb25IM1gEaPQBiAEBmAEzuAEXyAEM2AED6AEB-AEBiAIBqAIBuAK-zuvVBsACAdICJGFhMjY4NjU1LWI5MTQtNDIzOC1iY2MxLThkMTc2ZGY1MTZiM9gCAeACAQ&ucfs=1&arphpl=1&checkin=2026-10-13&checkout=2026-10-14&group_adults=2&req_adults=2&no_rooms=1&group_children=0&req_children=0&hpos=3&hapos=512&sr_order=popularity&srpvid=21039c9fdc8c0948&srepoch=1790634048&all_sr_blocks=29031914_440194040_2_2_0&highlighted_blocks=29031914_440194040_2_2_0&matching_block_id=29031914_440194040_2_2_0&sr_pri_blocks=29031914_440194040_2_2_0__20570&from=searchresults,The Pride of Paddington,273,2026-10-13,2026-09-29T05:24:03.569809,https://www.booking.com/searchresults.html?ss=London&group_adults=2&no_rooms=1&group_children=0&checkin=2026-10-13&checkout=2026-10-14&selected_currency=USD&chal_t=1790633780949&force_referer=,the-pride-of-paddington,Westminster Borough,London,8.5,Very Good,1322
https://www.booking.com/hotel/gb/stylish-self-contained-studio-1.html?aid=304142&label=gen173nr-10CAQoggJCDXNlYXJjaF9sb25kb25IM1gEaPQBiAEBmAEzuAEXyAEM2AED6AEB-AEBiAIBqAIBuAK-zuvVBsACAdICJGFhMjY4NjU1LWI5MTQtNDIzOC1iY2MxLThkMTc2ZGY1MTZiM9gCAeACAQ&ucfs=1&arphpl=1&checkin=2026-10-13&checkout=2026-10-14&group_adults=2&req_adults=2&no_rooms=1&group_children=0&req_children=0&hpos=4&hapos=513&sr_order=popularity&srpvid=21039c9fdc8c0948&srepoch=1790634048&all_sr_blocks=958274101_385917903_2_0_0&highlighted_blocks=958274101_385917903_2_0_0&matching_block_id=958274101_385917903_2_0_0&sr_pri_blocks=958274101_385917903_2_0_0__4691&from=searchresults,London comfy studio - Close to Camden,62,2026-10-13,2026-09-29T05:24:03.740933,https://www.booking.com/searchresults.html?ss=London&group_adults=2&no_rooms=1&group_children=0&checkin=2026-10-13&checkout=2026-10-14&selected_currency=USD&chal_t=1790633780949&force_referer=,stylish-self-contained-studio-1,Islington,London,7.6,Good,50
https://www.booking.com/hotel/gb/spacious-apartment-near-central-london.html?aid=304142&label=gen173nr-10CAQoggJCDXNlYXJjaF9sb25kb25IM1gEaPQBiAEBmAEzuAEXyAEM2AED6AEB-AEBiAIBqAIBuAK-zuvVBsACAdICJGFhMjY4NjU1LWI5MTQtNDIzOC1iY2MxLThkMTc2ZGY1MTZiM9gCAeACAQ&ucfs=1&arphpl=1&checkin=2026-10-13&checkout=2026-10-14&group_adults=2&req_adults=2&no_rooms=1&group_children=0&req_children=0&hpos=5&hapos=514&sr_order=popularity&srpvid=21039c9fdc8c0948&srepoch=1790634048&all_sr_blocks=1722075001_443898185_4_0_0&highlighted_blocks=1722075001_443898185_4_0_0&matching_block_id=1722075001_443898185_4_0_0&sr_pri_blocks=1722075001_443898185_4_0_0__9818&from=searchresults,Spacious Apartment Near Central London,130,2026-10-13,2026-09-29T05:24:03.973384,https://www.booking.com/searchresults.html?ss=London&group_adults=2&no_rooms=1&group_children=0&checkin=2026-10-13&checkout=2026-10-14&selected_currency=USD&chal_t=1790633780949&force_referer=,spacious-apartment-near-central-london,Tower Hamlets,London,0.0,No Reviews,0
https://www.booking.com/hotel/gb/shepherd-39-s-bush-boutique.html?aid=304142&label=gen173nr-10CAQoggJCDXNlYXJjaF9sb25kb25IM1gEaPQBiAEBmAEzuAEXyAEM2AED6AEB-AEBiAIBqAIBuAK-zuvVBsACAdICJGFhMjY4NjU1LWI5MTQtNDIzOC1iY2MxLThkMTc2ZGY1MTZiM9gCAeACAQ&ucfs=1&arphpl=1&checkin=2026-10-13&checkout=2026-10-14&group_adults=2&req_adults=2&no_rooms=1&group_children=0&req_children=0&hpos=6&hapos=515&sr_order=popularity&srpvid=21039c9fdc8c0948&srepoch=1790634048&all_sr_blocks=138396301_0_2_0_0&highlighted_blocks=138396301_0_2_0_0&matching_block_id=138396301_0_2_0_0&sr_pri_blocks=138396301_0_2_0_0__13899&from=searchresults,Hotel Shepherds Bush London,184,2026-10-13,2026-09-29T05:24:04.192582,https://www.booking.com/searchresults.html?ss=London&group_adults=2&no_rooms=1&group_children=0&checkin=2026-10-13&checkout=2026-10-14&selected_currency=USD&chal_t=1790633780949&force_referer=,shepherd-39-s-bush-boutique,Hammersmith and Fulham,London,7.9,Good,1711
https://www.booking.com/hotel/gb/dorsett-shepherds-bush.html?aid=304142&label=gen173nr-10CAQoggJCDXNlYXJjaF9sb25kb25IM1gEaPQBiAEBmAEzuAEXyAEM2AED6AEB-AEBiAIBqAIBuAK-zuvVBsACAdICJGFhMjY4NjU1LWI5MTQtNDIzOC1iY2MxLThkMTc2ZGY1MTZiM9gCAeACAQ&ucfs=1&arphpl=1&checkin=2026-10-13&checkout=2026-10-14&group_adults=2&req_adults=2&no_rooms=1&group_children=0&req_children=0&hpos=7&hapos=516&sr_order=popularity&srpvid=21039c9fdc8c0948&srepoch=1790634048&all_sr_blocks=86686701_0_2_0_0&highlighted_blocks=86686701_0_2_0_0&matching_block_id=86686701_0_2_0_0&sr_pri_blocks=86686701_0_2_0_0__15367&from=searchresults,Dorsett Shepherds Bush London,204,2026-10-13,2026-09-29T05:24:04.357749,https://www.booking.com/searchresults.html?ss=London&group_adults=2&no_rooms=1&group_children=0&checkin=2026-10-13&checkout=2026-10-14&selected_currency=USD&chal_t=1790633780949&force_referer=,dorsett-shepherds-bush,Hammersmith and Fulham,London,6.9,Average,4806
https://www.booking.com/hotel/gb/templeton-garden.html?aid=304142&label=gen173nr-10CAQoggJCDXNlYXJjaF9sb25kb25IM1gEaPQBiAEBmAEzuAEXyAEM2AED6AEB-AEBiAIBqAIBuAK-zuvVBsACAdICJGFhMjY4NjU1LWI5MTQtNDIzOC1iY2MxLThkMTc2ZGY1MTZiM9gCAeACAQ&ucfs=1&arphpl=1&checkin=2026-10-13&checkout=2026-10-14&group_adults=2&req_adults=2&no_rooms=1&group_children=0&req_children=0&hpos=8&hapos=517&sr_order=popularity&srpvid=21039c9fdc8c0948&srepoch=1790634048&all_sr_blocks=11713979_94748206_2_2_0&highlighted_blocks=11713979_94748206_2_2_0&matching_block_id=11713979_94748206_2_2_0&sr_pri_blocks=11713979_94748206_2_2_0__30507&from=searchresults,Miiro Templeton Garden,404,2026-10-13,2026-09-29T05:24:04.530395,https://www.booking.com/searchresults.html?ss=London&group_adults=2&no_rooms=1&group_children=0&checkin=2026-10-13&checkout=2026-10-14&selected_currency=USD&chal_t=1790633780949&force_referer=,templeton-garden,Kensington and Chelsea,London,8.8,Excellent,984
https://www.booking.com/hotel/gb/the-wimbledon.html?aid=304142&label=gen173nr-10CAQoggJCDXNlYXJjaF9sb25kb25IM1gEaPQBiAEBmAEzuAEXyAEM2AED6AEB-AEBiAIBqAIBuAK-zuvVBsACAdICJGFhMjY4NjU1LWI5MTQtNDIzOC1iY2MxLThkMTc2ZGY1MTZiM9gCAeACAQ&ucfs=1&arphpl=1&checkin=2026-10-13&checkout=2026-10-14&group_adults=2&req_adults=2&no_rooms=1&group_children=0&req_children=0&hpos=9&hapos=518&sr_order=popularity&srpvid=21039c9fdc8c0948&srepoch=1790634048&all_sr_blocks=28646903_0_2_0_0&highlighted_blocks=28646903_0_2_0_0&matching_block_id=28646903_0_2_0_0&sr_pri_blocks=28646903_0_2_0_0__9244&from=searchresults,The Wimbledon Hotel,122,2026-10-13,2026-09-29T05:24:04.784151,https://www.booking.com/searchresults.html?ss=London&group_adults=2&no_rooms=1&group_children=0&checkin=2026-10-13&checkout=2026-10-14&selected_currency=USD&chal_t=1790633780949&force_referer=,the-wimbledon,Wimbledon,London,6.3,Average,582
https://www.booking.com/hotel/gb/abc-bed-and-breakfast-greater-london.html?aid=304142&label=gen173nr-10CAQoggJCDXNlYXJjaF9sb25kb25IM1gEaPQBiAEBmAEzuAEXyAEM2AED6AEB-AEBiAIBqAIBuAK-zuvVBsACAdICJGFhMjY4NjU1LWI5MTQtNDIzOC1iY2MxLThkMTc2ZGY1MTZiM9gCAeACAQ&ucfs=1&arphpl=1&checkin=2026-10-13&checkout=2026-10-14&group_adults=2&req_adults=2&no_rooms=1&group_children=0&req_children=0&hpos=10&hapos=519&sr_order=popularity&srpvid=21039c9fdc8c0948&srepoch=1790634048&all_sr_blocks=1320233401_438369191_2_1_0&highlighted_blocks=1320233401_438369191_2_1_0&matching_block_id=1320233401_438369191_2_1_0&sr_pri_blocks=1320233401_438369191_2_1_0__8000&from=searchresults,ABC Bed and Breakfast,106,2026-10-13,2026-09-29T05:24:04.918734,https://www.booking.com/searchresults.html?ss=London&group_adults=2&no_rooms=1&group_children=0&checkin=2026-10-13&checkout=2026-10-14&selected_currency=USD&chal_t=1790633780949&force_referer=,abc-bed-and-breakfast-greater-london,Chiswick,London,7.4,Good,528
https://www.booking.com/hotel/gb/en-suit-twin-room-for-3-edgware-road-3.html?aid=304142&label=gen173nr-10CAQoggJCDXNlYXJjaF9sb25kb25IM1gEaPQBiAEBmAEzuAEXyAEM2AED6AEB-AEBiAIBqAIBuAK-zuvVBsACAdICJGFhMjY4NjU1LWI5MTQtNDIzOC1iY2MxLThkMTc2ZGY1MTZiM9gCAeACAQ&ucfs=1&arphpl=1&checkin=2026-10-13&checkout=2026-10-14&group_adults=2&req_adults=2&no_rooms=1&group_children=0&req_children=0&hpos=11&hapos=520&sr_order=popularity&srpvid=21039c9fdc8c0948&srepoch=1790634048&all_sr_blocks=1386963701_411177165_3_0_0&highlighted_blocks=1386963701_411177165_3_0_0&matching_block_id=1386963701_411177165_3_0_0&sr_pri_blocks=1386963701_411177165_3_0_0__13365&from=searchresults,Bliss Boutique En-suit Family room for 3 with AC 303,177,2026-10-13,2026-09-29T05:24:05.070387,https://www.booking.com/searchresults.html?ss=London&group_adults=2&no_rooms=1&group_children=0&checkin=2026-10-13&checkout=2026-10-14&selected_currency=USD&chal_t=1790633780949&force_referer=,en-suit-twin-room-for-3-edgware-road-3,Westminster Borough,London,8.9,Excellent,13
https://www.booking.com/hotel/gb/rove-hotel-london-paddington.html?aid=304142&label=gen173nr-10CAQoggJCDXNlYXJjaF9sb25kb25IM1gEaPQBiAEBmAEzuAEXyAEM2AED6AEB-AEBiAIBqAIBuAK-zuvVBsACAdICJGFhMjY4NjU1LWI5MTQtNDIzOC1iY2MxLThkMTc2ZGY1MTZiM9gCAeACAQ&ucfs=1&arphpl=1&checkin=2026-10-13&checkout=2026-10-14&group_adults=2&req_adults=2&no_rooms=1&group_children=0&req_children=0&hpos=12&hapos=521&sr_order=popularity&srpvid=21039c9fdc8c0948&srepoch=1790634048&all_sr_blocks=844050110_351273474_0_0_0&highlighted_blocks=844050110_351273474_0_0_0&matching_block_id=844050110_351273474_0_0_0&sr_pri_blocks=844050110_351273474_0_0_0__17375&from=searchresults,Rove Hotel London Paddington,230,2026-10-13,2026-09-29T05:24:05.230361,https://www.booking.com/searchresults.html?ss=London&group_adults=2&no_rooms=1&group_children=0&checkin=2026-10-13&checkout=2026-10-14&selected_currency=USD&chal_t=1790633780949&force_referer=,rove-hotel-london-paddington,Westminster Borough,London,7.5,Good,4687
https://www.booking.com/hotel/gb/vauxhall-bridge-road-by-q-apartments.html?aid=304142&label=gen173nr-10CAQoggJCDXNlYXJjaF9sb25kb25IM1gEaPQBiAEBmAEzuAEXyAEM2AED6AEB-AEBiAIBqAIBuAK-zuvVBsACAdICJGFhMjY4NjU1LWI5MTQtNDIzOC1iY2MxLThkMTc2ZGY1MTZiM9gCAeACAQ&ucfs=1&arphpl=1&checkin=2026-10-13&checkout=2026-10-14&group_adults=2&req_adults=2&no_rooms=1&group_children=0&req_children=0&hpos=13&hapos=522&sr_order=popularity&srpvid=21039c9fdc8c0948&srepoch=1790634048&all_sr_blocks=724035404_310074981_0_0_0&highlighted_blocks=724035404_310074981_0_0_0&matching_block_id=724035404_310074981_0_0_0&sr_pri_blocks=724035404_310074981_0_0_0__46398&from_sustainable_property_sr=1&from=searchresults,Vauxhall Bridge Road by Aeria Apartments,615,2026-10-13,2026-09-29T05:24:05.388634,https://www.booking.com/searchresults.html?ss=London&group_adults=2&no_rooms=1&group_children=0&checkin=2026-10-13&checkout=2026-10-14&selected_currency=USD&chal_t=1790633780949&force_referer=,vauxhall-bridge-road-by-q-apartments,Westminster Borough,London,7.9,Good,1033
https://www.booking.com/hotel/gb/elegant-designer-apartment-by-chelsea-bridge-amp-battersea-power-station.html?aid=304142&label=gen173nr-10CAQoggJCDXNlYXJjaF9sb25kb25IM1gEaPQBiAEBmAEzuAEXyAEM2AED6AEB-AEBiAIBqAIBuAK-zuvVBsACAdICJGFhMjY4NjU1LWI5MTQtNDIzOC1iY2MxLThkMTc2ZGY1MTZiM9gCAeACAQ&ucfs=1&arphpl=1&checkin=2026-10-13&checkout=2026-10-14&group_adults=2&req_adults=2&no_rooms=1&group_children=0&req_children=0&hpos=14&hapos=523&sr_order=popularity&srpvid=21039c9fdc8c0948&srepoch=1790634048&all_sr_blocks=1367987701_409563746_2_0_0&highlighted_blocks=1367987701_409563746_2_0_0&matching_block_id=1367987701_409563746_2_0_0&sr_pri_blocks=1367987701_409563746_2_0_0__14667&from=searchresults,Elegant Designer Apartment by Chelsea Bridge & Battersea Power Station,194,2026-10-13,2026-09-29T05:24:05.520762,https://www.booking.com/searchresults.html?ss=London&group_adults=2&no_rooms=1&group_children=0&checkin=2026-10-13&checkout=2026-10-14&selected_currency=USD&chal_t=1790633780949&force_referer=,elegant-designer-apartment-by-chelsea-bridge-amp-battersea-power-station,Wandsworth,London,7.9,Good,43
https://www.booking.com/hotel/gb/citymax-studios.html?aid=304142&label=gen173nr-10CAQoggJCDXNlYXJjaF9sb25kb25IM1gEaPQBiAEBmAEzuAEXyAEM2AED6AEB-AEBiAIBqAIBuAK-zuvVBsACAdICJGFhMjY4NjU1LWI5MTQtNDIzOC1iY2MxLThkMTc2ZGY1MTZiM9gCAeACAQ&ucfs=1&arphpl=1&checkin=2026-10-13&checkout=2026-10-14&group_adults=2&req_adults=2&no_rooms=1&group_children=0&req_children=0&hpos=15&hapos=524&sr_order=popularity&srpvid=21039c9fdc8c0948&srepoch=1790634048&all_sr_blocks=615272603_429047400_4_0_0&highlighted_blocks=615272603_429047400_4_0_0&matching_block_id=615272603_429047400_4_0_0&sr_pri_blocks=615272603_429047400_4_0_0__9447&from=searchresults,Comfort Cosy Stay,125,2026-10-13,2026-09-29T05:24:05.669914,https://www.booking.com/searchresults.html?ss=London&group_adults=2&no_rooms=1&group_children=0&checkin=2026-10-13&checkout=2026-10-14&selected_currency=USD&chal_t=1790633780949&force_referer=,citymax-studios,Tower Hamlets,London,7.4,Good,349
https://www.booking.com/hotel/gb/athenaeum.html?aid=304142&label=gen173nr-10CAQoggJCDXNlYXJjaF9sb25kb25IM1gEaPQBiAEBmAEzuAEXyAEM2AED6AEB-AEBiAIBqAIBuAK-zuvVBsACAdICJGFhMjY4NjU1LWI5MTQtNDIzOC1iY2MxLThkMTc2ZGY1MTZiM9gCAeACAQ&ucfs=1&arphpl=1&checkin=2026-10-13&checkout=2026-10-14&group_adults=2&req_adults=2&no_rooms=1&group_children=0&req_children=0&hpos=16&hapos=525&sr_order=popularity&srpvid=21039c9fdc8c0948&srepoch=1790634048&all_sr_blocks=3422003_95155108_2_2_0&highlighted_blocks=3422003_95155108_2_2_0&matching_block_id=3422003_95155108_2_2_0&sr_pri_blocks=3422003_95155108_2_2_0__58076&from_sustainable_property_sr=1&from=searchresults,The Athenaeum Hotel & Residences,769,2026-10-13,2026-09-29T05:24:05.783936,https://www.booking.com/searchresults.html?ss=London&group_adults=2&no_rooms=1&group_children=0&checkin=2026-10-13&checkout=2026-10-14&selected_currency=USD&chal_t=1790633780949&force_referer=,athenaeum,Westminster Borough,London,8.8,Excellent,1187
https://www.booking.com/hotel/gb/assembly.html?aid=304142&label=gen173nr-10CAQoggJCDXNlYXJjaF9sb25kb25IM1gEaPQBiAEBmAEzuAEXyAEM2AED6AEB-AEBiAIBqAIBuAK-zuvVBsACAdICJGFhMjY4NjU1LWI5MTQtNDIzOC1iY2MxLThkMTc2ZGY1MTZiM9gCAeACAQ&ucfs=1&arphpl=1&checkin=2026-10-13&checkout=2026-10-14&group_adults=2&req_adults=2&no_rooms=1&group_children=0&req_children=0&hpos=17&hapos=526&sr_order=popularity&srpvid=21039c9fdc8c0948&srepoch=1790634048&all_sr_blocks=312840407_113386416_0_0_0&highlighted_blocks=312840407_113386416_0_0_0&matching_block_id=312840407_113386416_0_0_0&sr_pri_blocks=312840407_113386416_0_0_0__27308&from_sustainable_property_sr=1&from=searchresults,Assembly Leicester Square,362,2026-10-13,2026-09-29T05:24:05.917604,https://www.booking.com/searchresults.html?ss=London&group_adults=2&no_rooms=1&group_children=0&checkin=2026-10-13&checkout=2026-10-14&selected_currency=USD&chal_t=1790633780949&force_referer=,assembly,Westminster Borough,London,7.7,Good,4224
https://www.booking.com/hotel/gb/costello-palace.html?aid=304142&label=gen173nr-10CAQoggJCDXNlYXJjaF9sb25kb25IM1gEaPQBiAEBmAEzuAEXyAEM2AED6AEB-AEBiAIBqAIBuAK-zuvVBsACAdICJGFhMjY4NjU1LWI5MTQtNDIzOC1iY2MxLThkMTc2ZGY1MTZiM9gCAeACAQ&ucfs=1&arphpl=1&checkin=2026-10-13&checkout=2026-10-14&group_adults=2&req_adults=2&no_rooms=1&group_children=0&req_children=0&hpos=18&hapos=527&sr_order=popularity&srpvid=21039c9fdc8c0948&srepoch=1790634048&all_sr_blocks=3427410_95155222_3_2_0&highlighted_blocks=3427410_95155222_3_2_0&matching_block_id=3427410_95155222_3_2_0&sr_pri_blocks=3427410_95155222_3_2_0__23085&from=searchresults,Best Western London Highbury,306,2026-10-13,2026-09-29T05:24:06.058266,https://www.booking.com/searchresults.html?ss=London&group_adults=2&no_rooms=1&group_children=0&checkin=2026-10-13&checkout=2026-10-14&selected_currency=USD&chal_t=1790633780949&force_referer=,costello-palace,Hackney,London,7.9,Good,2266
https://www.booking.com/hotel/gb/portobello-road-artistic-studios.html?aid=304142&label=gen173nr-10CAQoggJCDXNlYXJjaF9sb25kb25IM1gEaPQBiAEBmAEzuAEXyAEM2AED6AEB-AEBiAIBqAIBuAK-zuvVBsACAdICJGFhMjY4NjU1LWI5MTQtNDIzOC1iY2MxLThkMTc2ZGY1MTZiM9gCAeACAQ&ucfs=1&arphpl=1&checkin=2026-10-13&checkout=2026-10-14&group_adults=2&req_adults=2&no_rooms=1&group_children=0&req_children=0&hpos=19&hapos=528&sr_order=popularity&srpvid=21039c9fdc8c0948&srepoch=1790634048&all_sr_blocks=953558908_381784835_2_0_0&highlighted_blocks=953558908_381784835_2_0_0&matching_block_id=953558908_381784835_2_0_0&sr_pri_blocks=953558908_381784835_2_0_0__9200&from=searchresults,Portobello Road Artistic Studios,122,2026-10-13,2026-09-29T05:24:06.244460,https://www.booking.com/searchresults.html?ss=London&group_adults=2&no_rooms=1&group_children=0&checkin=2026-10-13&checkout=2026-10-14&selected_currency=USD&chal_t=1790633780949&force_referer=,portobello-road-artistic-studios,Kensington and Chelsea,London,6.1,Average,505
https://www.booking.com/hotel/gb/skyline-studios-maida-vale.html?aid=304142&label=gen173nr-10CAQoggJCDXNlYXJjaF9sb25kb25IM1gEaPQBiAEBmAEzuAEXyAEM2AED6AEB-AEBiAIBqAIBuAK-zuvVBsACAdICJGFhMjY4NjU1LWI5MTQtNDIzOC1iY2MxLThkMTc2ZGY1MTZiM9gCAeACAQ&ucfs=1&arphpl=1&checkin=2026-10-13&checkout=2026-10-14&group_adults=2&req_adults=2&no_rooms=1&group_children=0&req_children=0&hpos=20&hapos=529&sr_order=popularity&srpvid=21039c9fdc8c0948&srepoch=1790634048&all_sr_blocks=1271901403_400179534_2_0_0&highlighted_blocks=1271901403_400179534_2_0_0&matching_block_id=1271901403_400179534_2_0_0&sr_pri_blocks=1271901403_400179534_2_0_0__11583&from=searchresults,Skyline Studios Maida-Vale,153,2026-10-13,2026-09-29T05:24:06.366816,https://www.booking.com/searchresults.html?ss=London&group_adults=2&no_rooms=1&group_children=0&checkin=2026-10-13&checkout=2026-10-14&selected_currency=USD&chal_t=1790633780949&force_referer=,skyline-studios-maida-vale,Westminster Borough,London,7.6,Good,344
https://www.booking.com/hotel/gb/leight-house.html?aid=304142&label=gen173nr-10CAQoggJCDXNlYXJjaF9sb25kb25IM1gEaPQBiAEBmAEzuAEXyAEM2AED6AEB-AEBiAIBqAIBuAK-zuvVBsACAdICJGFhMjY4NjU1LWI5MTQtNDIzOC1iY2MxLThkMTc2ZGY1MTZiM9gCAeACAQ&ucfs=1&arphpl=1&checkin=2026-10-13&checkout=2026-10-14&group_adults=2&req_adults=2&no_rooms=1&group_children=0&req_children=0&hpos=1&hapos=530&sr_order=popularity&srpvid=21039c9fdc8c0948&srepoch=1790634057&all_sr_blocks=28743502_429080946_0_0_0&highlighted_blocks=28743502_429080946_0_0_0&matching_block_id=28743502_429080946_0_0_0&sr_pri_blocks=28743502_429080946_0_0_0__15881&from=searchresults,Leigh House Hotel,210,2026-10-13,2026-09-29T05:24:06.477820,https://www.booking.com/searchresults.html?ss=London&group_adults=2&no_rooms=1&group_children=0&checkin=2026-10-13&checkout=2026-10-14&selected_currency=USD&chal_t=1790633780949&force_referer=,leight-house,Camden,London,6.5,Average,1295
https://www.booking.com/hotel/gb/marldon-olympia.html?aid=304142&label=gen173nr-10CAQoggJCDXNlYXJjaF9sb25kb25IM1gEaPQBiAEBmAEzuAEXyAEM2AED6AEB-AEBiAIBqAIBuAK-zuvVBsACAdICJGFhMjY4NjU1LWI5MTQtNDIzOC1iY2MxLThkMTc2ZGY1MTZiM9gCAeACAQ&ucfs=1&arphpl=1&checkin=2026-10-13&checkout=2026-10-14&group_adults=2&req_adults=2&no_rooms=1&group_children=0&req_children=0&hpos=2&hapos=531&sr_order=popularity&srpvid=21039c9fdc8c0948&srepoch=1790634057&all_sr_blocks=1179792002_390447283_2_0_0&highlighted_blocks=1179792002_390447283_2_0_0&matching_block_id=1179792002_390447283_2_0_0&sr_pri_blocks=1179792002_390447283_2_0_0__8100&from=searchresults,Marldon Olympia Hotel,107,2026-10-13,2026-09-29T05:24:06.572603,https://www.booking.com/searchresults.html?ss=London&group_adults=2&no_rooms=1&group_children=0&checkin=2026-10-13&checkout=2026-10-14&selected_currency=USD&chal_t=1790633780949&force_referer=,marldon-olympia,Hammersmith and Fulham,London,7.3,Good,1148
https://www.booking.com/hotel/gb/astorcourthotel.html?aid=304142&label=gen173nr-10CAQoggJCDXNlYXJjaF9sb25kb25IM1gEaPQBiAEBmAEzuAEXyAEM2AED6AEB-AEBiAIBqAIBuAK-zuvVBsACAdICJGFhMjY4NjU1LWI5MTQtNDIzOC1iY2MxLThkMTc2ZGY1MTZiM9gCAeACAQ&ucfs=1&arphpl=1&checkin=2026-10-13&checkout=2026-10-14&group_adults=2&req_adults=2&no_rooms=1&group_children=0&req_children=0&hpos=3&hapos=532&sr_order=popularity&srpvid=21039c9fdc8c0948&srepoch=1790634057&all_sr_blocks=22356673_91912661_0_2_0&highlighted_blocks=22356673_91912661_0_2_0&matching_block_id=22356673_91912661_0_2_0&sr_pri_blocks=22356673_91912661_0_2_0__29707&from_sustainable_property_sr=1&from=searchresults,Astor Court Hotel,394,2026-10-13,2026-09-29T05:24:06.675076,https://www.booking.com/searchresults.html?ss=London&group_adults=2&no_rooms=1&group_children=0&checkin=2026-10-13&checkout=2026-10-14&selected_currency=USD&chal_t=1790633780949&force_referer=,astorcourthotel,Westminster Borough,London,8.7,Excellent,4131
https://www.booking.com/hotel/gb/bob-w-holland-park.html?aid=304142&label=gen173nr-10CAQoggJCDXNlYXJjaF9sb25kb25IM1gEaPQBiAEBmAEzuAEXyAEM2AED6AEB-AEBiAIBqAIBuAK-zuvVBsACAdICJGFhMjY4NjU1LWI5MTQtNDIzOC1iY2MxLThkMTc2ZGY1MTZiM9gCAeACAQ&ucfs=1&arphpl=1&checkin=2026-10-13&checkout=2026-10-14&group_adults=2&req_adults=2&no_rooms=1&group_children=0&req_children=0&hpos=4&hapos=533&sr_order=popularity&srpvid=21039c9fdc8c0948&srepoch=1790634057&all_sr_blocks=1301451003_403036500_2_2_0&highlighted_blocks=1301451003_403036500_2_2_0&matching_block_id=1301451003_403036500_2_2_0&sr_pri_blocks=1301451003_403036500_2_2_0__25090&from=searchresults,Bob W London Holland Park,332,2026-10-13,2026-09-29T05:24:06.788881,https://www.booking.com/searchresults.html?ss=London&group_adults=2&no_rooms=1&group_children=0&checkin=2026-10-13&checkout=2026-10-14&selected_currency=USD&chal_t=1790633780949&force_referer=,bob-w-holland-park,Kensington and Chelsea,London,7.5,Good,861
https://www.booking.com/hotel/gb/fountain-house-london.html?aid=304142&label=gen173nr-10CAQoggJCDXNlYXJjaF9sb25kb25IM1gEaPQBiAEBmAEzuAEXyAEM2AED6AEB-AEBiAIBqAIBuAK-zuvVBsACAdICJGFhMjY4NjU1LWI5MTQtNDIzOC1iY2MxLThkMTc2ZGY1MTZiM9gCAeACAQ&ucfs=1&arphpl=1&checkin=2026-10-13&checkout=2026-10-14&group_adults=2&req_adults=2&no_rooms=1&group_children=0&req_children=0&hpos=5&hapos=534&sr_order=popularity&srpvid=21039c9fdc8c0948&srepoch=1790634057&all_sr_blocks=64948208_89032933_0_0_0&highlighted_blocks=64948208_89032933_0_0_0&matching_block_id=64948208_89032933_0_0_0&sr_pri_blocks=64948208_89032933_0_0_0__45392&from=searchresults,"Fountain House Apartments - Hyde Park, London",601,2026-10-13,2026-09-29T05:24:06.889243,https://www.booking.com/searchresults.html?ss=London&group_adults=2&no_rooms=1&group_children=0&checkin=2026-10-13&checkout=2026-10-14&selected_currency=USD&chal_t=1790633780949&force_referer=,fountain-house-london,Westminster Borough,London,8.7,Excellent,399
https://www.booking.com/hotel/gb/one-bedroom-apartment-at-nightingale-suites-greater-london.html?aid=304142&label=gen173nr-10CAQoggJCDXNlYXJjaF9sb25kb25IM1gEaPQBiAEBmAEzuAEXyAEM2AED6AEB-AEBiAIBqAIBuAK-zuvVBsACAdICJGFhMjY4NjU1LWI5MTQtNDIzOC1iY2MxLThkMTc2ZGY1MTZiM9gCAeACAQ&ucfs=1&arphpl=1&checkin=2026-10-13&checkout=2026-10-14&group_adults=2&req_adults=2&no_rooms=1&group_children=0&req_children=0&hpos=6&hapos=535&sr_order=popularity&srpvid=21039c9fdc8c0948&srepoch=1790634057&all_sr_blocks=1578009101_428910245_4_0_0&highlighted_blocks=1578009101_428910245_4_0_0&matching_block_id=1578009101_428910245_4_0_0&sr_pri_blocks=1578009101_428910245_4_0_0__12375&from=searchresults,"One-bedroom apartment at Nightingale Suites, apt 4",164,2026-10-13,2026-09-29T05:24:06.998103,https://www.booking.com/searchresults.html?ss=London&group_adults=2&no_rooms=1&group_children=0&checkin=2026-10-13&checkout=2026-10-14&selected_currency=USD&chal_t=1790633780949&force_referer=,one-bedroom-apartment-at-nightingale-suites-greater-london,Wandsworth,London,7.7,Good,3
https://www.booking.com/hotel/gb/spacious-and-peaceful-flat.html?aid=304142&label=gen173nr-10CAQoggJCDXNlYXJjaF9sb25kb25IM1gEaPQBiAEBmAEzuAEXyAEM2AED6AEB-AEBiAIBqAIBuAK-zuvVBsACAdICJGFhMjY4NjU1LWI5MTQtNDIzOC1iY2MxLThkMTc2ZGY1MTZiM9gCAeACAQ&ucfs=1&arphpl=1&checkin=2026-10-13&checkout=2026-10-14&group_adults=2&req_adults=2&no_rooms=1&group_children=0&req_children=0&hpos=7&hapos=536&sr_order=popularity&srpvid=21039c9fdc8c0948&srepoch=1790634057&all_sr_blocks=1400288704_411887228_2_0_0&highlighted_blocks=1400288704_411887228_2_0_0&matching_block_id=1400288704_411887228_2_0_0&sr_pri_blocks=1400288704_411887228_2_0_0__5683&from=searchresults,London Eye Walk - Southbank Stay,75,2026-10-13,2026-09-29T05:24:07.090252,https://www.booking.com/searchresults.html?ss=London&group_adults=2&no_rooms=1&group_children=0&checkin=2026-10-13&checkout=2026-10-14&selected_currency=USD&chal_t=1790633780949&force_referer=,spacious-and-peaceful-flat,Southwark,London,6.7,Average,140
https://www.booking.com/hotel/gb/the-drayton-court.html?aid=304142&label=gen173nr-10CAQoggJCDXNlYXJjaF9sb25kb25IM1gEaPQBiAEBmAEzuAEXyAEM2AED6AEB-AEBiAIBqAIBuAK-zuvVBsACAdICJGFhMjY4NjU1LWI5MTQtNDIzOC1iY2MxLThkMTc2ZGY1MTZiM9gCAeACAQ&ucfs=1&arphpl=1&checkin=2026-10-13&checkout=2026-10-14&group_adults=2&req_adults=2&no_rooms=1&group_children=0&req_children=0&hpos=8&hapos=537&sr_order=popularity&srpvid=21039c9fdc8c0948&srepoch=1790634057&all_sr_blocks=29494501_89007037_0_1_0&highlighted_blocks=29494501_89007037_0_1_0&matching_block_id=29494501_89007037_0_1_0&sr_pri_blocks=29494501_89007037_0_1_0__26010&from_sustainable_property_sr=1&from=searchresults,The Drayton Court Hotel,345,2026-10-13,2026-09-29T05:24:07.199049,https://www.booking.com/searchresults.html?ss=London&group_adults=2&no_rooms=1&group_children=0&checkin=2026-10-13&checkout=2026-10-14&selected_currency=USD&chal_t=1790633780949&force_referer=,the-drayton-court,Ealing,London,9.2,Wonderful,1117
https://www.booking.com/hotel/gb/bpsairbnbltd.html?aid=304142&label=gen173nr-10CAQoggJCDXNlYXJjaF9sb25kb25IM1gEaPQBiAEBmAEzuAEXyAEM2AED6AEB-AEBiAIBqAIBuAK-zuvVBsACAdICJGFhMjY4NjU1LWI5MTQtNDIzOC1iY2MxLThkMTc2ZGY1MTZiM9gCAeACAQ&ucfs=1&arphpl=1&checkin=2026-10-13&checkout=2026-10-14&group_adults=2&req_adults=2&no_rooms=1&group_children=0&req_children=0&hpos=9&hapos=538&sr_order=popularity&srpvid=21039c9fdc8c0948&srepoch=1790634057&all_sr_blocks=1571104702_428187206_2_0_0&highlighted_blocks=1571104702_428187206_2_0_0&matching_block_id=1571104702_428187206_2_0_0&sr_pri_blocks=1571104702_428187206_2_0_0__6600&from=searchresults,Bpsairbnbltd,87,2026-10-13,2026-09-29T05:24:07.311089,https://www.booking.com/searchresults.html?ss=London&group_adults=2&no_rooms=1&group_children=0&checkin=2026-10-13&checkout=2026-10-14&selected_currency=USD&chal_t=1790633780949&force_referer=,bpsairbnbltd,Unknown,London,8.1,Very Good,41
https://www.booking.com/hotel/gb/lupus-house.html?aid=304142&label=gen173nr-10CAQoggJCDXNlYXJjaF9sb25kb25IM1gEaPQBiAEBmAEzuAEXyAEM2AED6AEB-AEBiAIBqAIBuAK-zuvVBsACAdICJGFhMjY4NjU1LWI5MTQtNDIzOC1iY2MxLThkMTc2ZGY1MTZiM9gCAeACAQ&ucfs=1&arphpl=1&checkin=2026-10-13&checkout=2026-10-14&group_adults=2&req_adults=2&no_rooms=1&group_children=0&req_children=0&hpos=10&hapos=539&sr_order=popularity&srpvid=21039c9fdc8c0948&srepoch=1790634057&all_sr_blocks=473256802_147385381_0_0_0&highlighted_blocks=473256802_147385381_0_0_0&matching_block_id=473256802_147385381_0_0_0&sr_pri_blocks=473256802_147385381_0_0_0__28800&from=searchresults,SW1 Apartments,382,2026-10-13,2026-09-29T05:24:07.401482,https://www.booking.com/searchresults.html?ss=London&group_adults=2&no_rooms=1&group_children=0&checkin=2026-10-13&checkout=2026-10-14&selected_currency=USD&chal_t=1790633780949&force_referer=,lupus-house,Westminster Borough,London,8.0,Very Good,1252
https://www.booking.com/hotel/gb/urban-stay-oxford-gardens-apartments.html?aid=304142&label=gen173nr-10CAQoggJCDXNlYXJjaF9sb25kb25IM1gEaPQBiAEBmAEzuAEXyAEM2AED6AEB-AEBiAIBqAIBuAK-zuvVBsACAdICJGFhMjY4NjU1LWI5MTQtNDIzOC1iY2MxLThkMTc2ZGY1MTZiM9gCAeACAQ&ucfs=1&arphpl=1&checkin=2026-10-13&checkout=2026-10-14&group_adults=2&req_adults=2&no_rooms=1&group_children=0&req_children=0&hpos=11&hapos=540&sr_order=popularity&srpvid=21039c9fdc8c0948&srepoch=1790634057&all_sr_blocks=252337903_437044527_4_0_0&highlighted_blocks=252337903_437044527_4_0_0&matching_block_id=252337903_437044527_4_0_0&sr_pri_blocks=252337903_437044527_4_0_0__23008&from=searchresults,Notting Hill Grove Apartments,305,2026-10-13,2026-09-29T05:24:07.484562,https://www.booking.com/searchresults.html?ss=London&group_adults=2&no_rooms=1&group_children=0&checkin=2026-10-13&checkout=2026-10-14&selected_currency=USD&chal_t=1790633780949&force_referer=,urban-stay-oxford-gardens-apartments,Kensington and Chelsea,London,8.8,Excellent,35
https://www.booking.com/hotel/gb/yeshua-studio.html?aid=304142&label=gen173nr-10CAQoggJCDXNlYXJjaF9sb25kb25IM1gEaPQBiAEBmAEzuAEXyAEM2AED6AEB-AEBiAIBqAIBuAK-zuvVBsACAdICJGFhMjY4NjU1LWI5MTQtNDIzOC1iY2MxLThkMTc2ZGY1MTZiM9gCAeACAQ&ucfs=1&arphpl=1&checkin=2026-10-13&checkout=2026-10-14&group_adults=2&req_adults=2&no_rooms=1&group_children=0&req_children=0&hpos=12&hapos=541&sr_order=popularity&srpvid=21039c9fdc8c0948&srepoch=1790634057&all_sr_blocks=1462134901_417519881_2_0_0&highlighted_blocks=1462134901_417519881_2_0_0&matching_block_id=1462134901_417519881_2_0_0&sr_pri_blocks=1462134901_417519881_2_0_0__7333&from=searchresults,Yeshua Studio,97,2026-10-13,2026-09-29T05:24:07.580543,https://www.booking.com/searchresults.html?ss=London&group_adults=2&no_rooms=1&group_children=0&checkin=2026-10-13&checkout=2026-10-14&selected_currency=USD&chal_t=1790633780949&force_referer=,yeshua-studio,Southwark,London,6.7,Average,37
https://www.booking.com/hotel/gb/flat-in-camden-kings-cross.html?aid=304142&label=gen173nr-10CAQoggJCDXNlYXJjaF9sb25kb25IM1gEaPQBiAEBmAEzuAEXyAEM2AED6AEB-AEBiAIBqAIBuAK-zuvVBsACAdICJGFhMjY4NjU1LWI5MTQtNDIzOC1iY2MxLThkMTc2ZGY1MTZiM9gCAeACAQ&ucfs=1&arphpl=1&checkin=2026-10-13&checkout=2026-10-14&group_adults=2&req_adults=2&no_rooms=1&group_children=0&req_children=0&hpos=13&hapos=542&sr_order=popularity&srpvid=21039c9fdc8c0948&srepoch=1790634057&all_sr_blocks=1243284701_422139467_0_0_0&highlighted_blocks=1243284701_422139467_0_0_0&matching_block_id=1243284701_422139467_0_0_0&sr_pri_blocks=1243284701_422139467_0_0_0__9075&from=searchresults,Flat in Camden Kings Cross,120,2026-10-13,2026-09-29T05:24:07.682034,https://www.booking.com/searchresults.html?ss=London&group_adults=2&no_rooms=1&group_children=0&checkin=2026-10-13&checkout=2026-10-14&selected_currency=USD&chal_t=1790633780949&force_referer=,flat-in-camden-kings-cross,Camden,London,6.5,Average,63
https://www.booking.com/hotel/gb/bob-w-london-kensington1.html?aid=304142&label=gen173nr-10CAQoggJCDXNlYXJjaF9sb25kb25IM1gEaPQBiAEBmAEzuAEXyAEM2AED6AEB-AEBiAIBqAIBuAK-zuvVBsACAdICJGFhMjY4NjU1LWI5MTQtNDIzOC1iY2MxLThkMTc2ZGY1MTZiM9gCAeACAQ&ucfs=1&arphpl=1&checkin=2026-10-13&checkout=2026-10-14&group_adults=2&req_adults=2&no_rooms=1&group_children=0&req_children=0&hpos=14&hapos=543&sr_order=popularity&srpvid=21039c9fdc8c0948&srepoch=1790634057&all_sr_blocks=1163015909_388962050_0_2_0&highlighted_blocks=1163015909_388962050_0_2_0&matching_block_id=1163015909_388962050_0_2_0&sr_pri_blocks=1163015909_388962050_0_2_0__19805&from=searchresults,Bob W London Kensington,262,2026-10-13,2026-09-29T05:24:07.781665,https://www.booking.com/searchresults.html?ss=London&group_adults=2&no_rooms=1&group_children=0&checkin=2026-10-13&checkout=2026-10-14&selected_currency=USD&chal_t=1790633780949&force_referer=,bob-w-london-kensington1,Kensington and Chelsea,London,7.5,Good,2252
https://www.booking.com/hotel/gb/limehouse-basin-view.html?aid=304142&label=gen173nr-10CAQoggJCDXNlYXJjaF9sb25kb25IM1gEaPQBiAEBmAEzuAEXyAEM2AED6AEB-AEBiAIBqAIBuAK-zuvVBsACAdICJGFhMjY4NjU1LWI5MTQtNDIzOC1iY2MxLThkMTc2ZGY1MTZiM9gCAeACAQ&ucfs=1&arphpl=1&checkin=2026-10-13&checkout=2026-10-14&group_adults=2&req_adults=2&no_rooms=1&group_children=0&req_children=0&hpos=15&hapos=544&sr_order=popularity&srpvid=21039c9fdc8c0948&srepoch=1790634057&all_sr_blocks=1694043003_441044921_2_0_0&highlighted_blocks=1694043003_441044921_2_0_0&matching_block_id=1694043003_441044921_2_0_0&sr_pri_blocks=1694043003_441044921_2_0_0__5940&from=searchresults,Limehouse Basin View,79,2026-10-13,2026-09-29T05:24:07.899476,https://www.booking.com/searchresults.html?ss=London&group_adults=2&no_rooms=1&group_children=0&checkin=2026-10-13&checkout=2026-10-14&selected_currency=USD&chal_t=1790633780949&force_referer=,limehouse-basin-view,Tower Hamlets,London,7.4,Good,10
https://www.booking.com/hotel/gb/sophia.html?aid=304142&label=gen173nr-10CAQoggJCDXNlYXJjaF9sb25kb25IM1gEaPQBiAEBmAEzuAEXyAEM2AED6AEB-AEBiAIBqAIBuAK-zuvVBsACAdICJGFhMjY4NjU1LWI5MTQtNDIzOC1iY2MxLThkMTc2ZGY1MTZiM9gCAeACAQ&ucfs=1&arphpl=1&checkin=2026-10-13&checkout=2026-10-14&group_adults=2&req_adults=2&no_rooms=1&group_children=0&req_children=0&hpos=16&hapos=545&sr_order=popularity&srpvid=21039c9fdc8c0948&srepoch=1790634057&all_sr_blocks=25927303_326664482_0_0_0&highlighted_blocks=25927303_326664482_0_0_0&matching_block_id=25927303_326664482_0_0_0&sr_pri_blocks=25927303_326664482_0_0_0__8500&from=searchresults,Hotel Sophia,113,2026-10-13,2026-09-29T05:24:07.989984,https://www.booking.com/searchresults.html?ss=London&group_adults=2&no_rooms=1&group_children=0&checkin=2026-10-13&checkout=2026-10-14&selected_currency=USD&chal_t=1790633780949&force_referer=,sophia,Westminster Borough,London,6.6,Average,908
https://www.booking.com/hotel/gb/holland-park-studios-london.html?aid=304142&label=gen173nr-10CAQoggJCDXNlYXJjaF9sb25kb25IM1gEaPQBiAEBmAEzuAEXyAEM2AED6AEB-AEBiAIBqAIBuAK-zuvVBsACAdICJGFhMjY4NjU1LWI5MTQtNDIzOC1iY2MxLThkMTc2ZGY1MTZiM9gCAeACAQ&ucfs=1&arphpl=1&checkin=2026-10-13&checkout=2026-10-14&group_adults=2&req_adults=2&no_rooms=1&group_children=0&req_children=0&hpos=17&hapos=546&sr_order=popularity&srpvid=21039c9fdc8c0948&srepoch=1790634057&all_sr_blocks=1613266504_432287568_2_0_0&highlighted_blocks=1613266504_432287568_2_0_0&matching_block_id=1613266504_432287568_2_0_0&sr_pri_blocks=1613266504_432287568_2_0_0__8010&from=searchresults,Holland Road Budget Studios,106,2026-10-13,2026-09-29T05:24:08.113793,https://www.booking.com/searchresults.html?ss=London&group_adults=2&no_rooms=1&group_children=0&checkin=2026-10-13&checkout=2026-10-14&selected_currency=USD&chal_t=1790633780949&force_referer=,holland-park-studios-london,Kensington and Chelsea,London,7.0,Good,29
https://www.booking.com/hotel/gb/staycity-aparthotels-london-dalston.html?aid=304142&label=gen173nr-10CAQoggJCDXNlYXJjaF9sb25kb25IM1gEaPQBiAEBmAEzuAEXyAEM2AED6AEB-AEBiAIBqAIBuAK-zuvVBsACAdICJGFhMjY4NjU1LWI5MTQtNDIzOC1iY2MxLThkMTc2ZGY1MTZiM9gCAeACAQ&ucfs=1&arphpl=1&checkin=2026-10-13&checkout=2026-10-14&group_adults=2&req_adults=2&no_rooms=1&group_children=0&req_children=0&hpos=18&hapos=547&sr_order=popularity&srpvid=21039c9fdc8c0948&srepoch=1790634057&all_sr_blocks=668272610_273495624_0_0_0&highlighted_blocks=668272610_273495624_0_0_0&matching_block_id=668272610_273495624_0_0_0&sr_pri_blocks=668272610_273495624_0_0_0__22935&from_sustainable_property_sr=1&from=searchresults,Staycity Aparthotels London Dalston,304,2026-10-13,2026-09-29T05:24:08.238224,https://www.booking.com/searchresults.html?ss=London&group_adults=2&no_rooms=1&group_children=0&checkin=2026-10-13&checkout=2026-10-14&selected_currency=USD&chal_t=1790633780949&force_referer=,staycity-aparthotels-london-dalston,Hackney,London,8.6,Excellent,1969
https://www.booking.com/hotel/gb/birch-house-london.html?aid=304142&label=gen173nr-10CAQoggJCDXNlYXJjaF9sb25kb25IM1gEaPQBiAEBmAEzuAEXyAEM2AED6AEB-AEBiAIBqAIBuAK-zuvVBsACAdICJGFhMjY4NjU1LWI5MTQtNDIzOC1iY2MxLThkMTc2ZGY1MTZiM9gCAeACAQ&ucfs=1&arphpl=1&checkin=2026-10-13&checkout=2026-10-14&group_adults=2&req_adults=2&no_rooms=1&group_children=0&req_children=0&hpos=19&hapos=548&sr_order=popularity&srpvid=21039c9fdc8c0948&srepoch=1790634057&all_sr_blocks=1562911201_427380453_2_0_0&highlighted_blocks=1562911201_427380453_2_0_0&matching_block_id=1562911201_427380453_2_0_0&sr_pri_blocks=1562911201_427380453_2_0_0__14520&from=searchresults,Birch House,192,2026-10-13,2026-09-29T05:24:08.332870,https://www.booking.com/searchresults.html?ss=London&group_adults=2&no_rooms=1&group_children=0&checkin=2026-10-13&checkout=2026-10-14&selected_currency=USD&chal_t=1790633780949&force_referer=,birch-house-london,Lewisham,London,8.6,Excellent,8
https://www.booking.com/hotel/gb/beautiful-studio-near-the-station.html?aid=304142&label=gen173nr-10CAQoggJCDXNlYXJjaF9sb25kb25IM1gEaPQBiAEBmAEzuAEXyAEM2AED6AEB-AEBiAIBqAIBuAK-zuvVBsACAdICJGFhMjY4NjU1LWI5MTQtNDIzOC1iY2MxLThkMTc2ZGY1MTZiM9gCAeACAQ&ucfs=1&arphpl=1&checkin=2026-10-13&checkout=2026-10-14&group_adults=2&req_adults=2&no_rooms=1&group_children=0&req_children=0&hpos=20&hapos=549&sr_order=popularity&srpvid=21039c9fdc8c0948&srepoch=1790634057&all_sr_blocks=1502554701_422004084_2_0_0&highlighted_blocks=1502554701_422004084_2_0_0&matching_block_id=1502554701_422004084_2_0_0&sr_pri_blocks=1502554701_422004084_2_0_0__11385&from=searchresults,Beautiful studio near the station,151,2026-10-13,2026-09-29T05:24:08.450365,https://www.booking.com/searchresults.html?ss=London&group_adults=2&no_rooms=1&group_children=0&checkin=2026-10-13&checkout=2026-10-14&selected_currency=USD&chal_t=1790633780949&force_referer=,beautiful-studio-near-the-station,Lewisham,London,9.6,Exceptional,19
https://www.booking.com/hotel/gb/wilde-aparhotels-by-staycity.html?aid=304142&label=gen173nr-10CAQoggJCDXNlYXJjaF9sb25kb25IM1gEaPQBiAEBmAEzuAEXyAEM2AED6AEB-AEBiAIBqAIBuAK-zuvVBsACAdICJGFhMjY4NjU1LWI5MTQtNDIzOC1iY2MxLThkMTc2ZGY1MTZiM9gCAeACAQ&ucfs=1&arphpl=1&checkin=2026-10-13&checkout=2026-10-14&group_adults=2&req_adults=2&no_rooms=1&group_children=0&req_children=0&hpos=1&hapos=550&sr_order=popularity&srpvid=21039c9fdc8c0948&srepoch=1790634068&all_sr_blocks=228003009_99484344_2_0_0_384333&highlighted_blocks=228003009_99484344_2_0_0_384333&matching_block_id=228003009_99484344_2_0_0_384333&sr_pri_blocks=228003009_99484344_2_0_0_384333_53790&from=searchresults,Wilde Aparthotels London Covent Garden,713,2026-10-13,2026-09-29T05:24:08.599317,https://www.booking.com/searchresults.html?ss=London&group_adults=2&no_rooms=1&group_children=0&checkin=2026-10-13&checkout=2026-10-14&selected_currency=USD&chal_t=1790633780949&force_referer=,wilde-aparhotels-by-staycity,Westminster Borough,London,8.7,Excellent,2222
https://www.booking.com/hotel/gb/thanet-london.html?aid=304142&label=gen173nr-10CAQoggJCDXNlYXJjaF9sb25kb25IM1gEaPQBiAEBmAEzuAEXyAEM2AED6AEB-AEBiAIBqAIBuAK-zuvVBsACAdICJGFhMjY4NjU1LWI5MTQtNDIzOC1iY2MxLThkMTc2ZGY1MTZiM9gCAeACAQ&ucfs=1&arphpl=1&checkin=2026-10-13&checkout=2026-10-14&group_adults=2&req_adults=2&no_rooms=1&group_children=0&req_children=0&hpos=2&hapos=551&sr_order=popularity&srpvid=21039c9fdc8c0948&srepoch=1790634068&all_sr_blocks=170231807_89970168_0_0_0&highlighted_blocks=170231807_89970168_0_0_0&matching_block_id=170231807_89970168_0_0_0&sr_pri_blocks=170231807_89970168_0_0_0__11792&from=searchresults,Thanet Hotel,156,2026-10-13,2026-09-29T05:24:08.686212,https://www.booking.com/searchresults.html?ss=London&group_adults=2&no_rooms=1&group_children=0&checkin=2026-10-13&checkout=2026-10-14&selected_currency=USD&chal_t=1790633780949&force_referer=,thanet-london,Camden,London,4.4,Poor,579
https://www.booking.com/hotel/gb/charming-1bed-apt-with-balcony-steps-from-tube.html?aid=304142&label=gen173nr-10CAQoggJCDXNlYXJjaF9sb25kb25IM1gEaPQBiAEBmAEzuAEXyAEM2AED6AEB-AEBiAIBqAIBuAK-zuvVBsACAdICJGFhMjY4NjU1LWI5MTQtNDIzOC1iY2MxLThkMTc2ZGY1MTZiM9gCAeACAQ&ucfs=1&arphpl=1&checkin=2026-10-13&checkout=2026-10-14&group_adults=2&req_adults=2&no_rooms=1&group_children=0&req_children=0&hpos=3&hapos=552&sr_order=popularity&srpvid=21039c9fdc8c0948&srepoch=1790634068&all_sr_blocks=1012220902_373864609_4_0_0&highlighted_blocks=1012220902_373864609_4_0_0&matching_block_id=1012220902_373864609_4_0_0&sr_pri_blocks=1012220902_373864609_4_0_0__17856&from=searchresults,Xylo Apartments - Kentish Town,237,2026-10-13,2026-09-29T05:24:08.777242,https://www.booking.com/searchresults.html?ss=London&group_adults=2&no_rooms=1&group_children=0&checkin=2026-10-13&checkout=2026-10-14&selected_currency=USD&chal_t=1790633780949&force_referer=,charming-1bed-apt-with-balcony-steps-from-tube,Camden,London,9.3,Wonderful,267
https://www.booking.com/hotel/gb/cosy-studio-in-vibrant-brixton.html?aid=304142&label=gen173nr-10CAQoggJCDXNlYXJjaF9sb25kb25IM1gEaPQBiAEBmAEzuAEXyAEM2AED6AEB-AEBiAIBqAIBuAK-zuvVBsACAdICJGFhMjY4NjU1LWI5MTQtNDIzOC1iY2MxLThkMTc2ZGY1MTZiM9gCAeACAQ&ucfs=1&arphpl=1&checkin=2026-10-13&checkout=2026-10-14&group_adults=2&req_adults=2&no_rooms=1&group_children=0&req_children=0&hpos=4&hapos=553&sr_order=popularity&srpvid=21039c9fdc8c0948&srepoch=1790634068&all_sr_blocks=1522968901_423953900_4_0_0&highlighted_blocks=1522968901_423953900_4_0_0&matching_block_id=1522968901_423953900_4_0_0&sr_pri_blocks=1522968901_423953900_4_0_0__12375&from=searchresults,Cosy Studio in Vibrant Brixton,164,2026-10-13,2026-09-29T05:24:08.857681,https://www.booking.com/searchresults.html?ss=London&group_adults=2&no_rooms=1&group_children=0&checkin=2026-10-13&checkout=2026-10-14&selected_currency=USD&chal_t=1790633780949&force_referer=,cosy-studio-in-vibrant-brixton,Lambeth,London,8.6,Excellent,19
https://www.booking.com/hotel/gb/central-point-apartment-greater-london.html?aid=304142&label=gen173nr-10CAQoggJCDXNlYXJjaF9sb25kb25IM1gEaPQBiAEBmAEzuAEXyAEM2AED6AEB-AEBiAIBqAIBuAK-zuvVBsACAdICJGFhMjY4NjU1LWI5MTQtNDIzOC1iY2MxLThkMTc2ZGY1MTZiM9gCAeACAQ&ucfs=1&arphpl=1&checkin=2026-10-13&checkout=2026-10-14&group_adults=2&req_adults=2&no_rooms=1&group_children=0&req_children=0&hpos=5&hapos=554&sr_order=popularity&srpvid=21039c9fdc8c0948&srepoch=1790634068&all_sr_blocks=1151930301_388008368_4_0_0&highlighted_blocks=1151930301_388008368_4_0_0&matching_block_id=1151930301_388008368_4_0_0&sr_pri_blocks=1151930301_388008368_4_0_0__22596&from=searchresults,Central Point apartment,299,2026-10-13,2026-09-29T05:24:08.953015,https://www.booking.com/searchresults.html?ss=London&group_adults=2&no_rooms=1&group_children=0&checkin=2026-10-13&checkout=2026-10-14&selected_currency=USD&chal_t=1790633780949&force_referer=,central-point-apartment-greater-london,Camden,London,6.7,Average,101
https://www.booking.com/hotel/gb/cosy-1-bed-flat-near-tower-bridge-greater-london.html?aid=304142&label=gen173nr-10CAQoggJCDXNlYXJjaF9sb25kb25IM1gEaPQBiAEBmAEzuAEXyAEM2AED6AEB-AEBiAIBqAIBuAK-zuvVBsACAdICJGFhMjY4NjU1LWI5MTQtNDIzOC1iY2MxLThkMTc2ZGY1MTZiM9gCAeACAQ&ucfs=1&arphpl=1&checkin=2026-10-13&checkout=2026-10-14&group_adults=2&req_adults=2&no_rooms=1&group_children=0&req_children=0&hpos=6&hapos=555&sr_order=popularity&srpvid=21039c9fdc8c0948&srepoch=1790634068&all_sr_blocks=1561796801_427258008_3_0_0&highlighted_blocks=1561796801_427258008_3_0_0&matching_block_id=1561796801_427258008_3_0_0&sr_pri_blocks=1561796801_427258008_3_0_0__8168&from=searchresults,Cosy 1 bed flat near Tower bridge,108,2026-10-13,2026-09-29T05:24:09.056259,https://www.booking.com/searchresults.html?ss=London&group_adults=2&no_rooms=1&group_children=0&checkin=2026-10-13&checkout=2026-10-14&selected_currency=USD&chal_t=1790633780949&force_referer=,cosy-1-bed-flat-near-tower-bridge-greater-london,Southwark,London,8.0,Very Good,14
https://www.booking.com/hotel/gb/the-langham-london.html?aid=304142&label=gen173nr-10CAQoggJCDXNlYXJjaF9sb25kb25IM1gEaPQBiAEBmAEzuAEXyAEM2AED6AEB-AEBiAIBqAIBuAK-zuvVBsACAdICJGFhMjY4NjU1LWI5MTQtNDIzOC1iY2MxLThkMTc2ZGY1MTZiM9gCAeACAQ&ucfs=1&arphpl=1&checkin=2026-10-13&checkout=2026-10-14&group_adults=2&req_adults=2&no_rooms=1&group_children=0&req_children=0&hpos=7&hapos=556&sr_order=popularity&srpvid=21039c9fdc8c0948&srepoch=1790634068&all_sr_blocks=3731021_95160408_2_2_0&highlighted_blocks=3731021_95160408_2_2_0&matching_block_id=3731021_95160408_2_2_0&sr_pri_blocks=3731021_95160408_2_2_0__112500&from_sustainable_property_sr=1&from=searchresults,The Langham London,1491,2026-10-13,2026-09-29T05:24:09.140875,https://www.booking.com/searchresults.html?ss=London&group_adults=2&no_rooms=1&group_children=0&checkin=2026-10-13&checkout=2026-10-14&selected_currency=USD&chal_t=1790633780949&force_referer=,the-langham-london,Westminster Borough,London,9.2,Wonderful,597
https://www.booking.com/hotel/gb/burgess-apartments.html?aid=304142&label=gen173nr-10CAQoggJCDXNlYXJjaF9sb25kb25IM1gEaPQBiAEBmAEzuAEXyAEM2AED6AEB-AEBiAIBqAIBuAK-zuvVBsACAdICJGFhMjY4NjU1LWI5MTQtNDIzOC1iY2MxLThkMTc2ZGY1MTZiM9gCAeACAQ&ucfs=1&arphpl=1&checkin=2026-10-13&checkout=2026-10-14&group_adults=2&req_adults=2&no_rooms=1&group_children=0&req_children=0&hpos=8&hapos=557&sr_order=popularity&srpvid=21039c9fdc8c0948&srepoch=1790634068&all_sr_blocks=1701288201_441772566_2_0_0&highlighted_blocks=1701288201_441772566_2_0_0&matching_block_id=1701288201_441772566_2_0_0&sr_pri_blocks=1701288201_441772566_2_0_0__12375&from=searchresults,Burgess Apartments,164,2026-10-13,2026-09-29T05:24:09.235430,https://www.booking.com/searchresults.html?ss=London&group_adults=2&no_rooms=1&group_children=0&checkin=2026-10-13&checkout=2026-10-14&selected_currency=USD&chal_t=1790633780949&force_referer=,burgess-apartments,Southwark,London,5.4,Average,5
https://www.booking.com/hotel/gb/at-number-36.html?aid=304142&label=gen173nr-10CAQoggJCDXNlYXJjaF9sb25kb25IM1gEaPQBiAEBmAEzuAEXyAEM2AED6AEB-AEBiAIBqAIBuAK-zuvVBsACAdICJGFhMjY4NjU1LWI5MTQtNDIzOC1iY2MxLThkMTc2ZGY1MTZiM9gCAeACAQ&ucfs=1&arphpl=1&checkin=2026-10-13&checkout=2026-10-14&group_adults=2&req_adults=2&no_rooms=1&group_children=0&req_children=0&hpos=9&hapos=558&sr_order=popularity&srpvid=21039c9fdc8c0948&srepoch=1790634068&all_sr_blocks=1693340401_440981935_2_0_0&highlighted_blocks=1693340401_440981935_2_0_0&matching_block_id=1693340401_440981935_2_0_0&sr_pri_blocks=1693340401_440981935_2_0_0__8415&from=searchresults,At Number 36,111,2026-10-13,2026-09-29T05:24:09.331970,https://www.booking.com/searchresults.html?ss=London&group_adults=2&no_rooms=1&group_children=0&checkin=2026-10-13&checkout=2026-10-14&selected_currency=USD&chal_t=1790633780949&force_referer=,at-number-36,Greenwich,London,8.1,Very Good,23
https://www.booking.com/hotel/gb/apartments-in-the-heart-of-high-street-kensington.html?aid=304142&label=gen173nr-10CAQoggJCDXNlYXJjaF9sb25kb25IM1gEaPQBiAEBmAEzuAEXyAEM2AED6AEB-AEBiAIBqAIBuAK-zuvVBsACAdICJGFhMjY4NjU1LWI5MTQtNDIzOC1iY2MxLThkMTc2ZGY1MTZiM9gCAeACAQ&ucfs=1&arphpl=1&checkin=2026-10-13&checkout=2026-10-14&group_adults=2&req_adults=2&no_rooms=1&group_children=0&req_children=0&hpos=10&hapos=559&sr_order=popularity&srpvid=21039c9fdc8c0948&srepoch=1790634068&all_sr_blocks=1198118706_392102925_4_0_0&highlighted_blocks=1198118706_392102925_4_0_0&matching_block_id=1198118706_392102925_4_0_0&sr_pri_blocks=1198118706_392102925_4_0_0__20435&from=searchresults,Apartments in the Heart of High Street Kensington,271,2026-10-13,2026-09-29T05:24:09.434058,https://www.booking.com/searchresults.html?ss=London&group_adults=2&no_rooms=1&group_children=0&checkin=2026-10-13&checkout=2026-10-14&selected_currency=USD&chal_t=1790633780949&force_referer=,apartments-in-the-heart-of-high-street-kensington,Kensington and Chelsea,London,7.7,Good,318
https://www.booking.com/hotel/gb/keysan-house-greater-london1.html?aid=304142&label=gen173nr-10CAQoggJCDXNlYXJjaF9sb25kb25IM1gEaPQBiAEBmAEzuAEXyAEM2AED6AEB-AEBiAIBqAIBuAK-zuvVBsACAdICJGFhMjY4NjU1LWI5MTQtNDIzOC1iY2MxLThkMTc2ZGY1MTZiM9gCAeACAQ&ucfs=1&arphpl=1&checkin=2026-10-13&checkout=2026-10-14&group_adults=2&req_adults=2&no_rooms=1&group_children=0&req_children=0&hpos=11&hapos=560&sr_order=popularity&srpvid=21039c9fdc8c0948&srepoch=1790634068&all_sr_blocks=1003681801_416646262_0_0_0&highlighted_blocks=1003681801_416646262_0_0_0&matching_block_id=1003681801_416646262_0_0_0&sr_pri_blocks=1003681801_416646262_0_0_0__10078&from=searchresults,Keysan House,134,2026-10-13,2026-09-29T05:24:09.519872,https://www.booking.com/searchresults.html?ss=London&group_adults=2&no_rooms=1&group_children=0&checkin=2026-10-13&checkout=2026-10-14&selected_currency=USD&chal_t=1790633780949&force_referer=,keysan-house-greater-london1,Camden,London,8.2,Very Good,79
https://www.booking.com/hotel/gb/shoreditch-by-excel-apartments.html?aid=304142&label=gen173nr-10CAQoggJCDXNlYXJjaF9sb25kb25IM1gEaPQBiAEBmAEzuAEXyAEM2AED6AEB-AEBiAIBqAIBuAK-zuvVBsACAdICJGFhMjY4NjU1LWI5MTQtNDIzOC1iY2MxLThkMTc2ZGY1MTZiM9gCAeACAQ&ucfs=1&arphpl=1&checkin=2026-10-13&checkout=2026-10-14&group_adults=2&req_adults=2&no_rooms=1&group_children=0&req_children=0&hpos=12&hapos=561&sr_order=popularity&srpvid=21039c9fdc8c0948&srepoch=1790634068&all_sr_blocks=1431157402_414672776_4_0_0&highlighted_blocks=1431157402_414672776_4_0_0&matching_block_id=1431157402_414672776_4_0_0&sr_pri_blocks=1431157402_414672776_4_0_0__17392&from=searchresults,Old Street by Excel apartments,230,2026-10-13,2026-09-29T05:24:09.605928,https://www.booking.com/searchresults.html?ss=London&group_adults=2&no_rooms=1&group_children=0&checkin=2026-10-13&checkout=2026-10-14&selected_currency=USD&chal_t=1790633780949&force_referer=,shoreditch-by-excel-apartments,Hackney,London,7.0,Good,124
https://www.booking.com/hotel/gb/grosvenor-house-london.html?aid=304142&label=gen173nr-10CAQoggJCDXNlYXJjaF9sb25kb25IM1gEaPQBiAEBmAEzuAEXyAEM2AED6AEB-AEBiAIBqAIBuAK-zuvVBsACAdICJGFhMjY4NjU1LWI5MTQtNDIzOC1iY2MxLThkMTc2ZGY1MTZiM9gCAeACAQ&ucfs=1&arphpl=1&checkin=2026-10-13&checkout=2026-10-14&group_adults=2&req_adults=2&no_rooms=1&group_children=0&req_children=0&hpos=13&hapos=562&sr_order=popularity&srpvid=21039c9fdc8c0948&srepoch=1790634068&all_sr_blocks=3691308_95159699_0_2_0&highlighted_blocks=3691308_95159699_0_2_0&matching_block_id=3691308_95159699_0_2_0&sr_pri_blocks=3691308_95159699_0_2_0__43600&from_sustainable_property_sr=1&from=searchresults,JW Marriott Grosvenor House London,578,2026-10-13,2026-09-29T05:24:09.725779,https://www.booking.com/searchresults.html?ss=London&group_adults=2&no_rooms=1&group_children=0&checkin=2026-10-13&checkout=2026-10-14&selected_currency=USD&chal_t=1790633780949&force_referer=,grosvenor-house-london,Westminster Borough,London,8.7,Excellent,883
https://www.booking.com/hotel/gb/bright-room-in-shared-duplex-borough-london.html?aid=304142&label=gen173nr-10CAQoggJCDXNlYXJjaF9sb25kb25IM1gEaPQBiAEBmAEzuAEXyAEM2AED6AEB-AEBiAIBqAIBuAK-zuvVBsACAdICJGFhMjY4NjU1LWI5MTQtNDIzOC1iY2MxLThkMTc2ZGY1MTZiM9gCAeACAQ&ucfs=1&arphpl=1&checkin=2026-10-13&checkout=2026-10-14&group_adults=2&req_adults=2&no_rooms=1&group_children=0&req_children=0&hpos=14&hapos=563&sr_order=popularity&srpvid=21039c9fdc8c0948&srepoch=1790634069&all_sr_blocks=1729529401_444600592_2_0_0&highlighted_blocks=1729529401_444600592_2_0_0&matching_block_id=1729529401_444600592_2_0_0&sr_pri_blocks=1729529401_444600592_2_0_0__7343&from=searchresults,"Bright Room in Shared Duplex - Borough, london",97,2026-10-13,2026-09-29T05:24:09.819481,https://www.booking.com/searchresults.html?ss=London&group_adults=2&no_rooms=1&group_children=0&checkin=2026-10-13&checkout=2026-10-14&selected_currency=USD&chal_t=1790633780949&force_referer=,bright-room-in-shared-duplex-borough-london,Southwark,London,8.0,Very Good,2
https://www.booking.com/hotel/gb/ember-locke.html?aid=304142&label=gen173nr-10CAQoggJCDXNlYXJjaF9sb25kb25IM1gEaPQBiAEBmAEzuAEXyAEM2AED6AEB-AEBiAIBqAIBuAK-zuvVBsACAdICJGFhMjY4NjU1LWI5MTQtNDIzOC1iY2MxLThkMTc2ZGY1MTZiM9gCAeACAQ&ucfs=1&arphpl=1&checkin=2026-10-13&checkout=2026-10-14&group_adults=2&req_adults=2&no_rooms=1&group_children=0&req_children=0&hpos=15&hapos=564&sr_order=popularity&srpvid=21039c9fdc8c0948&srepoch=1790634069&all_sr_blocks=980174702_376246064_0_2_0_1177086&highlighted_blocks=980174702_376246064_0_2_0_1177086&matching_block_id=980174702_376246064_0_2_0_1177086&sr_pri_blocks=980174702_376246064_0_2_0_1177086_26900&from=searchresults,Ember Locke Kensington,356,2026-10-13,2026-09-29T05:24:09.922507,https://www.booking.com/searchresults.html?ss=London&group_adults=2&no_rooms=1&group_children=0&checkin=2026-10-13&checkout=2026-10-14&selected_currency=USD&chal_t=1790633780949&force_referer=,ember-locke,Kensington and Chelsea,London,8.1,Very Good,1906
https://www.booking.com/hotel/gb/modern-rooms-in-central-london.html?aid=304142&label=gen173nr-10CAQoggJCDXNlYXJjaF9sb25kb25IM1gEaPQBiAEBmAEzuAEXyAEM2AED6AEB-AEBiAIBqAIBuAK-zuvVBsACAdICJGFhMjY4NjU1LWI5MTQtNDIzOC1iY2MxLThkMTc2ZGY1MTZiM9gCAeACAQ&ucfs=1&arphpl=1&checkin=2026-10-13&checkout=2026-10-14&group_adults=2&req_adults=2&no_rooms=1&group_children=0&req_children=0&hpos=16&hapos=565&sr_order=popularity&srpvid=21039c9fdc8c0948&srepoch=1790634069&all_sr_blocks=1353498607_407682499_2_0_0&highlighted_blocks=1353498607_407682499_2_0_0&matching_block_id=1353498607_407682499_2_0_0&sr_pri_blocks=1353498607_407682499_2_0_0__10400&from=searchresults,Modern Rooms in Central London,138,2026-10-13,2026-09-29T05:24:10.035823,https://www.booking.com/searchresults.html?ss=London&group_adults=2&no_rooms=1&group_children=0&checkin=2026-10-13&checkout=2026-10-14&selected_currency=USD&chal_t=1790633780949&force_referer=,modern-rooms-in-central-london,Westminster Borough,London,7.3,Good,209
https://www.booking.com/hotel/gb/crown-hyde-park.html?aid=304142&label=gen173nr-10CAQoggJCDXNlYXJjaF9sb25kb25IM1gEaPQBiAEBmAEzuAEXyAEM2AED6AEB-AEBiAIBqAIBuAK-zuvVBsACAdICJGFhMjY4NjU1LWI5MTQtNDIzOC1iY2MxLThkMTc2ZGY1MTZiM9gCAeACAQ&ucfs=1&arphpl=1&checkin=2026-10-13&checkout=2026-10-14&group_adults=2&req_adults=2&no_rooms=1&group_children=0&req_children=0&hpos=17&hapos=566&sr_order=popularity&srpvid=21039c9fdc8c0948&srepoch=1790634069&all_sr_blocks=27464704_0_2_0_0&highlighted_blocks=27464704_0_2_0_0&matching_block_id=27464704_0_2_0_0&sr_pri_blocks=27464704_0_2_0_0__7900&from=searchresults,Craven Hotel,105,2026-10-13,2026-09-29T05:24:10.136488,https://www.booking.com/searchresults.html?ss=London&group_adults=2&no_rooms=1&group_children=0&checkin=2026-10-13&checkout=2026-10-14&selected_currency=USD&chal_t=1790633780949&force_referer=,crown-hyde-park,Westminster Borough,London,4.0,Poor,2356
https://www.booking.com/hotel/gb/palmers-lodge-swiss-cottage.html?aid=304142&label=gen173nr-10CAQoggJCDXNlYXJjaF9sb25kb25IM1gEaPQBiAEBmAEzuAEXyAEM2AED6AEB-AEBiAIBqAIBuAK-zuvVBsACAdICJGFhMjY4NjU1LWI5MTQtNDIzOC1iY2MxLThkMTc2ZGY1MTZiM9gCAeACAQ&ucfs=1&arphpl=1&checkin=2026-10-13&checkout=2026-10-14&group_adults=2&req_adults=2&no_rooms=1&group_children=0&req_children=0&hpos=18&hapos=567&sr_order=popularity&srpvid=21039c9fdc8c0948&srepoch=1790634069&all_sr_blocks=31520922_88652358_0_2_0&highlighted_blocks=31520922_88652358_0_2_0&matching_block_id=31520922_88652358_0_2_0&sr_pri_blocks=31520922_88652358_0_2_0__5489&from=searchresults,Palmers Lodge Swiss Cottage,73,2026-10-13,2026-09-29T05:24:10.238927,https://www.booking.com/searchresults.html?ss=London&group_adults=2&no_rooms=1&group_children=0&checkin=2026-10-13&checkout=2026-10-14&selected_currency=USD&chal_t=1790633780949&force_referer=,palmers-lodge-swiss-cottage,Camden,London,8.3,Very Good,6041
https://www.booking.com/hotel/gb/hyatt-house-london-stratford.html?aid=304142&label=gen173nr-10CAQoggJCDXNlYXJjaF9sb25kb25IM1gEaPQBiAEBmAEzuAEXyAEM2AED6AEB-AEBiAIBqAIBuAK-zuvVBsACAdICJGFhMjY4NjU1LWI5MTQtNDIzOC1iY2MxLThkMTc2ZGY1MTZiM9gCAeACAQ&ucfs=1&arphpl=1&checkin=2026-10-13&checkout=2026-10-14&group_adults=2&req_adults=2&no_rooms=1&group_children=0&req_children=0&hpos=1&hapos=568&sr_order=popularity&srpvid=21039c9fdc8c0948&srepoch=1790634079&all_sr_blocks=38674213_95433288_2_1_0&highlighted_blocks=38674213_95433288_2_1_0&matching_block_id=38674213_95433288_2_1_0&sr_pri_blocks=38674213_95433288_2_1_0__30400&from=searchresults,Hyatt House London Stratford - Aparthotel,403,2026-10-13,2026-09-29T05:24:10.336721,https://www.booking.com/searchresults.html?ss=London&group_adults=2&no_rooms=1&group_children=0&checkin=2026-10-13&checkout=2026-10-14&selected_currency=USD&chal_t=1790633780949&force_referer=,hyatt-house-london-stratford,Newham,London,8.9,Excellent,1068
https://www.booking.com/hotel/gb/exhilondonlimehouse.html?aid=304142&label=gen173nr-10CAQoggJCDXNlYXJjaF9sb25kb25IM1gEaPQBiAEBmAEzuAEXyAEM2AED6AEB-AEBiAIBqAIBuAK-zuvVBsACAdICJGFhMjY4NjU1LWI5MTQtNDIzOC1iY2MxLThkMTc2ZGY1MTZiM9gCAeACAQ&ucfs=1&arphpl=1&checkin=2026-10-13&checkout=2026-10-14&group_adults=2&req_adults=2&no_rooms=1&group_children=0&req_children=0&hpos=2&hapos=569&sr_order=popularity&srpvid=21039c9fdc8c0948&srepoch=1790634079&all_sr_blocks=22084004_91467452_2_1_0&highlighted_blocks=22084004_91467452_2_1_0&matching_block_id=22084004_91467452_2_1_0&sr_pri_blocks=22084004_91467452_2_1_0__26900&from_sustainable_property_sr=1&from=searchresults,Holiday Inn Express London Limehouse by IHG,356,2026-10-13,2026-09-29T05:24:10.439991,https://www.booking.com/searchresults.html?ss=London&group_adults=2&no_rooms=1&group_children=0&checkin=2026-10-13&checkout=2026-10-14&selected_currency=USD&chal_t=1790633780949&force_referer=,exhilondonlimehouse,Tower Hamlets,London,8.0,Very Good,4736
https://www.booking.com/hotel/gb/montanaexcel.html?aid=304142&label=gen173nr-10CAQoggJCDXNlYXJjaF9sb25kb25IM1gEaPQBiAEBmAEzuAEXyAEM2AED6AEB-AEBiAIBqAIBuAK-zuvVBsACAdICJGFhMjY4NjU1LWI5MTQtNDIzOC1iY2MxLThkMTc2ZGY1MTZiM9gCAeACAQ&ucfs=1&arphpl=1&checkin=2026-10-13&checkout=2026-10-14&group_adults=2&req_adults=2&no_rooms=1&group_children=0&req_children=0&hpos=3&hapos=570&sr_order=popularity&srpvid=21039c9fdc8c0948&srepoch=1790634079&all_sr_blocks=21747302_341437111_2_2_0&highlighted_blocks=21747302_341437111_2_2_0&matching_block_id=21747302_341437111_2_2_0&sr_pri_blocks=21747302_341437111_2_2_0__34650&from=searchresults,"The Gyle - Kings Cross St Pancras, London",459,2026-10-13,2026-09-29T05:24:10.536457,https://www.booking.com/searchresults.html?ss=London&group_adults=2&no_rooms=1&group_children=0&checkin=2026-10-13&checkout=2026-10-14&selected_currency=USD&chal_t=1790633780949&force_referer=,montanaexcel,Camden,London,8.2,Very Good,2507
https://www.booking.com/hotel/gb/cute-studio-flat-in-clapham-junction.html?aid=304142&label=gen173nr-10CAQoggJCDXNlYXJjaF9sb25kb25IM1gEaPQBiAEBmAEzuAEXyAEM2AED6AEB-AEBiAIBqAIBuAK-zuvVBsACAdICJGFhMjY4NjU1LWI5MTQtNDIzOC1iY2MxLThkMTc2ZGY1MTZiM9gCAeACAQ&ucfs=1&arphpl=1&checkin=2026-10-13&checkout=2026-10-14&group_adults=2&req_adults=2&no_rooms=1&group_children=0&req_children=0&hpos=4&hapos=571&sr_order=popularity&srpvid=21039c9fdc8c0948&srepoch=1790634079&all_sr_blocks=1544342701_425743352_2_0_0&highlighted_blocks=1544342701_425743352_2_0_0&matching_block_id=1544342701_425743352_2_0_0&sr_pri_blocks=1544342701_425743352_2_0_0__9258&from=searchresults,Charming Top-Floor Studio with Sunroom 8 Mins to Clapham Junction,123,2026-10-13,2026-09-29T05:24:10.632261,https://www.booking.com/searchresults.html?ss=London&group_adults=2&no_rooms=1&group_children=0&checkin=2026-10-13&checkout=2026-10-14&selected_currency=USD&chal_t=1790633780949&force_referer=,cute-studio-flat-in-clapham-junction,Wandsworth,London,9.2,Wonderful,8
https://www.booking.com/hotel/gb/modern-kensington-apartment-5-min-to-piccadilly.html?aid=304142&label=gen173nr-10CAQoggJCDXNlYXJjaF9sb25kb25IM1gEaPQBiAEBmAEzuAEXyAEM2AED6AEB-AEBiAIBqAIBuAK-zuvVBsACAdICJGFhMjY4NjU1LWI5MTQtNDIzOC1iY2MxLThkMTc2ZGY1MTZiM9gCAeACAQ&ucfs=1&arphpl=1&checkin=2026-10-13&checkout=2026-10-14&group_adults=2&req_adults=2&no_rooms=1&group_children=0&req_children=0&hpos=5&hapos=572&sr_order=popularity&srpvid=21039c9fdc8c0948&srepoch=1790634079&all_sr_blocks=1521257802_423780856_2_0_0&highlighted_blocks=1521257802_423780856_2_0_0&matching_block_id=1521257802_423780856_2_0_0&sr_pri_blocks=1521257802_423780856_2_0_0__18150&from=searchresults,Modern Kensington Apartment 10 min to Piccadilly,240,2026-10-13,2026-09-29T05:24:10.718137,https://www.booking.com/searchresults.html?ss=London&group_adults=2&no_rooms=1&group_children=0&checkin=2026-10-13&checkout=2026-10-14&selected_currency=USD&chal_t=1790633780949&force_referer=,modern-kensington-apartment-5-min-to-piccadilly,Kensington and Chelsea,London,9.0,Wonderful,62
https://www.booking.com/hotel/gb/portree-house.html?aid=304142&label=gen173nr-10CAQoggJCDXNlYXJjaF9sb25kb25IM1gEaPQBiAEBmAEzuAEXyAEM2AED6AEB-AEBiAIBqAIBuAK-zuvVBsACAdICJGFhMjY4NjU1LWI5MTQtNDIzOC1iY2MxLThkMTc2ZGY1MTZiM9gCAeACAQ&ucfs=1&arphpl=1&checkin=2026-10-13&checkout=2026-10-14&group_adults=2&req_adults=2&no_rooms=1&group_children=0&req_children=0&hpos=6&hapos=573&sr_order=popularity&srpvid=21039c9fdc8c0948&srepoch=1790634079&all_sr_blocks=1490756902_420735384_2_0_0&highlighted_blocks=1490756902_420735384_2_0_0&matching_block_id=1490756902_420735384_2_0_0&sr_pri_blocks=1490756902_420735384_2_0_0__6600&from=searchresults,Portree house,87,2026-10-13,2026-09-29T05:24:10.797302,https://www.booking.com/searchresults.html?ss=London&group_adults=2&no_rooms=1&group_children=0&checkin=2026-10-13&checkout=2026-10-14&selected_currency=USD&chal_t=1790633780949&force_referer=,portree-house,Tower Hamlets,London,5.3,Average,133
https://www.booking.com/hotel/gb/baker-st-one-bed-flat.html?aid=304142&label=gen173nr-10CAQoggJCDXNlYXJjaF9sb25kb25IM1gEaPQBiAEBmAEzuAEXyAEM2AED6AEB-AEBiAIBqAIBuAK-zuvVBsACAdICJGFhMjY4NjU1LWI5MTQtNDIzOC1iY2MxLThkMTc2ZGY1MTZiM9gCAeACAQ&ucfs=1&arphpl=1&checkin=2026-10-13&checkout=2026-10-14&group_adults=2&req_adults=2&no_rooms=1&group_children=0&req_children=0&hpos=7&hapos=574&sr_order=popularity&srpvid=21039c9fdc8c0948&srepoch=1790634079&all_sr_blocks=1657814201_437666549_4_0_0&highlighted_blocks=1657814201_437666549_4_0_0&matching_block_id=1657814201_437666549_4_0_0&sr_pri_blocks=1657814201_437666549_4_0_0__15840&from=searchresults,Baker St one bed flat,210,2026-10-13,2026-09-29T05:24:10.889268,https://www.booking.com/searchresults.html?ss=London&group_adults=2&no_rooms=1&group_children=0&checkin=2026-10-13&checkout=2026-10-14&selected_currency=USD&chal_t=1790633780949&force_referer=,baker-st-one-bed-flat,Westminster Borough,London,6.4,Average,10
https://www.booking.com/hotel/gb/beautiful-apartment-in-central-london-london1.html?aid=304142&label=gen173nr-10CAQoggJCDXNlYXJjaF9sb25kb25IM1gEaPQBiAEBmAEzuAEXyAEM2AED6AEB-AEBiAIBqAIBuAK-zuvVBsACAdICJGFhMjY4NjU1LWI5MTQtNDIzOC1iY2MxLThkMTc2ZGY1MTZiM9gCAeACAQ&ucfs=1&arphpl=1&checkin=2026-10-13&checkout=2026-10-14&group_adults=2&req_adults=2&no_rooms=1&group_children=0&req_children=0&hpos=8&hapos=575&sr_order=popularity&srpvid=21039c9fdc8c0948&srepoch=1790634079&all_sr_blocks=1089118901_382558109_2_0_0&highlighted_blocks=1089118901_382558109_2_0_0&matching_block_id=1089118901_382558109_2_0_0&sr_pri_blocks=1089118901_382558109_2_0_0__30250&from=searchresults,Lux London Bridge One Bedroom Apartment,401,2026-10-13,2026-09-29T05:24:11.055768,https://www.booking.com/searchresults.html?ss=London&group_adults=2&no_rooms=1&group_children=0&checkin=2026-10-13&checkout=2026-10-14&selected_currency=USD&chal_t=1790633780949&force_referer=,beautiful-apartment-in-central-london-london1,Southwark,London,0.0,No Reviews,0
https://www.booking.com/hotel/gb/cosy-studio-with-kitchenette-amp-tv.html?aid=304142&label=gen173nr-10CAQoggJCDXNlYXJjaF9sb25kb25IM1gEaPQBiAEBmAEzuAEXyAEM2AED6AEB-AEBiAIBqAIBuAK-zuvVBsACAdICJGFhMjY4NjU1LWI5MTQtNDIzOC1iY2MxLThkMTc2ZGY1MTZiM9gCAeACAQ&ucfs=1&arphpl=1&checkin=2026-10-13&checkout=2026-10-14&group_adults=2&req_adults=2&no_rooms=1&group_children=0&req_children=0&hpos=9&hapos=576&sr_order=popularity&srpvid=21039c9fdc8c0948&srepoch=1790634079&all_sr_blocks=1651080501_437120284_3_0_0&highlighted_blocks=1651080501_437120284_3_0_0&matching_block_id=1651080501_437120284_3_0_0&sr_pri_blocks=1651080501_437120284_3_0_0__8760&from=searchresults,Cosy studio with kitchenette & TV,116,2026-10-13,2026-09-29T05:24:11.238735,https://www.booking.com/searchresults.html?ss=London&group_adults=2&no_rooms=1&group_children=0&checkin=2026-10-13&checkout=2026-10-14&selected_currency=USD&chal_t=1790633780949&force_referer=,cosy-studio-with-kitchenette-amp-tv,Unknown,London,10.0,Exceptional,2
https://www.booking.com/hotel/gb/st-christopher-s-the-inn-london-bridge.html?aid=304142&label=gen173nr-10CAQoggJCDXNlYXJjaF9sb25kb25IM1gEaPQBiAEBmAEzuAEXyAEM2AED6AEB-AEBiAIBqAIBuAK-zuvVBsACAdICJGFhMjY4NjU1LWI5MTQtNDIzOC1iY2MxLThkMTc2ZGY1MTZiM9gCAeACAQ&ucfs=1&arphpl=1&checkin=2026-10-13&checkout=2026-10-14&group_adults=2&req_adults=2&no_rooms=1&group_children=0&req_children=0&hpos=10&hapos=577&sr_order=popularity&srpvid=21039c9fdc8c0948&srepoch=1790634079&all_sr_blocks=48753905_93759715_0_42_0&highlighted_blocks=48753905_93759715_0_42_0&matching_block_id=48753905_93759715_0_42_0&sr_pri_blocks=48753905_93759715_0_42_0__10220&from=searchresults,St Christopher's London Bridge - The Inn,135,2026-10-13,2026-09-29T05:24:11.395123,https://www.booking.com/searchresults.html?ss=London&group_adults=2&no_rooms=1&group_children=0&checkin=2026-10-13&checkout=2026-10-14&selected_currency=USD&chal_t=1790633780949&force_referer=,st-christopher-s-the-inn-london-bridge,Southwark,London,7.0,Good,946
https://www.booking.com/hotel/gb/tower-bridge-a.html?aid=304142&label=gen173nr-10CAQoggJCDXNlYXJjaF9sb25kb25IM1gEaPQBiAEBmAEzuAEXyAEM2AED6AEB-AEBiAIBqAIBuAK-zuvVBsACAdICJGFhMjY4NjU1LWI5MTQtNDIzOC1iY2MxLThkMTc2ZGY1MTZiM9gCAeACAQ&ucfs=1&arphpl=1&checkin=2026-10-13&checkout=2026-10-14&group_adults=2&req_adults=2&no_rooms=1&group_children=0&req_children=0&hpos=11&hapos=578&sr_order=popularity&srpvid=21039c9fdc8c0948&srepoch=1790634079&all_sr_blocks=1695442301_441217439_2_0_0&highlighted_blocks=1695442301_441217439_2_0_0&matching_block_id=1695442301_441217439_2_0_0&sr_pri_blocks=1695442301_441217439_2_0_0__9075&from=searchresults,Tower bridge A,120,2026-10-13,2026-09-29T05:24:11.570533,https://www.booking.com/searchresults.html?ss=London&group_adults=2&no_rooms=1&group_children=0&checkin=2026-10-13&checkout=2026-10-14&selected_currency=USD&chal_t=1790633780949&force_referer=,tower-bridge-a,Southwark,London,8.0,Very Good,2
https://www.booking.com/hotel/gb/60a-willesden-lane-greater-london.html?aid=304142&label=gen173nr-10CAQoggJCDXNlYXJjaF9sb25kb25IM1gEaPQBiAEBmAEzuAEXyAEM2AED6AEB-AEBiAIBqAIBuAK-zuvVBsACAdICJGFhMjY4NjU1LWI5MTQtNDIzOC1iY2MxLThkMTc2ZGY1MTZiM9gCAeACAQ&ucfs=1&arphpl=1&checkin=2026-10-13&checkout=2026-10-14&group_adults=2&req_adults=2&no_rooms=1&group_children=0&req_children=0&hpos=12&hapos=579&sr_order=popularity&srpvid=21039c9fdc8c0948&srepoch=1790634079&all_sr_blocks=1558773902_426985725_0_0_0&highlighted_blocks=1558773902_426985725_0_0_0&matching_block_id=1558773902_426985725_0_0_0&sr_pri_blocks=1558773902_426985725_0_0_0__7425&from=searchresults,London Service Apartment Hotel,98,2026-10-13,2026-09-29T05:24:11.734768,https://www.booking.com/searchresults.html?ss=London&group_adults=2&no_rooms=1&group_children=0&checkin=2026-10-13&checkout=2026-10-14&selected_currency=USD&chal_t=1790633780949&force_referer=,60a-willesden-lane-greater-london,Brent,London,3.7,Poor,38
https://www.booking.com/hotel/gb/numalondonchelseagreen.html?aid=304142&label=gen173nr-10CAQoggJCDXNlYXJjaF9sb25kb25IM1gEaPQBiAEBmAEzuAEXyAEM2AED6AEB-AEBiAIBqAIBuAK-zuvVBsACAdICJGFhMjY4NjU1LWI5MTQtNDIzOC1iY2MxLThkMTc2ZGY1MTZiM9gCAeACAQ&ucfs=1&arphpl=1&checkin=2026-10-13&checkout=2026-10-14&group_adults=2&req_adults=2&no_rooms=1&group_children=0&req_children=0&hpos=13&hapos=580&sr_order=popularity&srpvid=21039c9fdc8c0948&srepoch=1790634079&all_sr_blocks=3028445_95154615_2_0_0&highlighted_blocks=3028445_95154615_2_0_0&matching_block_id=3028445_95154615_2_0_0&sr_pri_blocks=3028445_95154615_2_0_0__24219&from=searchresults,Numa London Chelsea Green,321,2026-10-13,2026-09-29T05:24:11.884963,https://www.booking.com/searchresults.html?ss=London&group_adults=2&no_rooms=1&group_children=0&checkin=2026-10-13&checkout=2026-10-14&selected_currency=USD&chal_t=1790633780949&force_referer=,numalondonchelseagreen,Kensington and Chelsea,London,7.9,Good,246
https://www.booking.com/hotel/gb/nestio-little-venice-studios.html?aid=304142&label=gen173nr-10CAQoggJCDXNlYXJjaF9sb25kb25IM1gEaPQBiAEBmAEzuAEXyAEM2AED6AEB-AEBiAIBqAIBuAK-zuvVBsACAdICJGFhMjY4NjU1LWI5MTQtNDIzOC1iY2MxLThkMTc2ZGY1MTZiM9gCAeACAQ&ucfs=1&arphpl=1&checkin=2026-10-13&checkout=2026-10-14&group_adults=2&req_adults=2&no_rooms=1&group_children=0&req_children=0&hpos=14&hapos=581&sr_order=popularity&srpvid=21039c9fdc8c0948&srepoch=1790634079&all_sr_blocks=1587649606_429970225_2_0_0&highlighted_blocks=1587649606_429970225_2_0_0&matching_block_id=1587649606_429970225_2_0_0&sr_pri_blocks=1587649606_429970225_2_0_0__10900&from=searchresults,Nestio | Little Venice Studios!,144,2026-10-13,2026-09-29T05:24:12.090761,https://www.booking.com/searchresults.html?ss=London&group_adults=2&no_rooms=1&group_children=0&checkin=2026-10-13&checkout=2026-10-14&selected_currency=USD&chal_t=1790633780949&force_referer=,nestio-little-venice-studios,Kensington and Chelsea,London,7.8,Good,32
https://www.booking.com/hotel/gb/europeanhotels.html?aid=304142&label=gen173nr-10CAQoggJCDXNlYXJjaF9sb25kb25IM1gEaPQBiAEBmAEzuAEXyAEM2AED6AEB-AEBiAIBqAIBuAK-zuvVBsACAdICJGFhMjY4NjU1LWI5MTQtNDIzOC1iY2MxLThkMTc2ZGY1MTZiM9gCAeACAQ&ucfs=1&arphpl=1&checkin=2026-10-13&checkout=2026-10-14&group_adults=2&req_adults=2&no_rooms=1&group_children=0&req_children=0&hpos=15&hapos=582&sr_order=popularity&srpvid=21039c9fdc8c0948&srepoch=1790634079&all_sr_blocks=55870_402489693_0_0_0&highlighted_blocks=55870_402489693_0_0_0&matching_block_id=55870_402489693_0_0_0&sr_pri_blocks=55870_402489693_0_0_0__10886&from=searchresults,European Hotel,144,2026-10-13,2026-09-29T05:24:12.205691,https://www.booking.com/searchresults.html?ss=London&group_adults=2&no_rooms=1&group_children=0&checkin=2026-10-13&checkout=2026-10-14&selected_currency=USD&chal_t=1790633780949&force_referer=,europeanhotels,Camden,London,6.5,Average,5197
https://www.booking.com/hotel/gb/hyde-park-green-greater-london.html?aid=304142&label=gen173nr-10CAQoggJCDXNlYXJjaF9sb25kb25IM1gEaPQBiAEBmAEzuAEXyAEM2AED6AEB-AEBiAIBqAIBuAK-zuvVBsACAdICJGFhMjY4NjU1LWI5MTQtNDIzOC1iY2MxLThkMTc2ZGY1MTZiM9gCAeACAQ&ucfs=1&arphpl=1&checkin=2026-10-13&checkout=2026-10-14&group_adults=2&req_adults=2&no_rooms=1&group_children=0&req_children=0&hpos=16&hapos=583&sr_order=popularity&srpvid=21039c9fdc8c0948&srepoch=1790634079&all_sr_blocks=844889502_351435791_2_0_0&highlighted_blocks=844889502_351435791_2_0_0&matching_block_id=844889502_351435791_2_0_0&sr_pri_blocks=844889502_351435791_2_0_0__20716&from=searchresults,Hyde Park Green,274,2026-10-13,2026-09-29T05:24:12.312527,https://www.booking.com/searchresults.html?ss=London&group_adults=2&no_rooms=1&group_children=0&checkin=2026-10-13&checkout=2026-10-14&selected_currency=USD&chal_t=1790633780949&force_referer=,hyde-park-green-greater-london,Westminster Borough,London,8.0,Very Good,1035
https://www.booking.com/hotel/gb/lovely-rooms-in-camden-town-central-london-greater-london.html?aid=304142&label=gen173nr-10CAQoggJCDXNlYXJjaF9sb25kb25IM1gEaPQBiAEBmAEzuAEXyAEM2AED6AEB-AEBiAIBqAIBuAK-zuvVBsACAdICJGFhMjY4NjU1LWI5MTQtNDIzOC1iY2MxLThkMTc2ZGY1MTZiM9gCAeACAQ&ucfs=1&arphpl=1&checkin=2026-10-13&checkout=2026-10-14&group_adults=2&req_adults=2&no_rooms=1&group_children=0&req_children=0&hpos=17&hapos=584&sr_order=popularity&srpvid=21039c9fdc8c0948&srepoch=1790634079&all_sr_blocks=1539620704_425375650_2_0_0&highlighted_blocks=1539620704_425375650_2_0_0&matching_block_id=1539620704_425375650_2_0_0&sr_pri_blocks=1539620704_425375650_2_0_0__7920&from=searchresults,"Lovely Rooms in Camden Town, Central London",105,2026-10-13,2026-09-29T05:24:12.439669,https://www.booking.com/searchresults.html?ss=London&group_adults=2&no_rooms=1&group_children=0&checkin=2026-10-13&checkout=2026-10-14&selected_currency=USD&chal_t=1790633780949&force_referer=,lovely-rooms-in-camden-town-central-london-greater-london,Camden,London,6.9,Average,81
https://www.booking.com/hotel/gb/stockwell-residences-gallery-room.html?aid=304142&label=gen173nr-10CAQoggJCDXNlYXJjaF9sb25kb25IM1gEaPQBiAEBmAEzuAEXyAEM2AED6AEB-AEBiAIBqAIBuAK-zuvVBsACAdICJGFhMjY4NjU1LWI5MTQtNDIzOC1iY2MxLThkMTc2ZGY1MTZiM9gCAeACAQ&ucfs=1&arphpl=1&checkin=2026-10-13&checkout=2026-10-14&group_adults=2&req_adults=2&no_rooms=1&group_children=0&req_children=0&hpos=18&hapos=585&sr_order=popularity&srpvid=21039c9fdc8c0948&srepoch=1790634079&all_sr_blocks=1594637001_430488136_2_0_0&highlighted_blocks=1594637001_430488136_2_0_0&matching_block_id=1594637001_430488136_2_0_0&sr_pri_blocks=1594637001_430488136_2_0_0__8250&from=searchresults,Stockwell Residences - Gallery Room,109,2026-10-13,2026-09-29T05:24:12.528490,https://www.booking.com/searchresults.html?ss=London&group_adults=2&no_rooms=1&group_children=0&checkin=2026-10-13&checkout=2026-10-14&selected_currency=USD&chal_t=1790633780949&force_referer=,stockwell-residences-gallery-room,Lambeth,London,8.5,Very Good,8
https://www.booking.com/hotel/gb/new-road.html?aid=304142&label=gen173nr-10CAQoggJCDXNlYXJjaF9sb25kb25IM1gEaPQBiAEBmAEzuAEXyAEM2AED6AEB-AEBiAIBqAIBuAK-zuvVBsACAdICJGFhMjY4NjU1LWI5MTQtNDIzOC1iY2MxLThkMTc2ZGY1MTZiM9gCAeACAQ&ucfs=1&arphpl=1&checkin=2026-10-13&checkout=2026-10-14&group_adults=2&req_adults=2&no_rooms=1&group_children=0&req_children=0&hpos=19&hapos=586&sr_order=popularity&srpvid=21039c9fdc8c0948&srepoch=1790634079&all_sr_blocks=266110201_0_2_0_0&highlighted_blocks=266110201_0_2_0_0&matching_block_id=266110201_0_2_0_0&sr_pri_blocks=266110201_0_2_0_0__26459&from=searchresults,New Road Hotel,351,2026-10-13,2026-09-29T05:24:12.617834,https://www.booking.com/searchresults.html?ss=London&group_adults=2&no_rooms=1&group_children=0&checkin=2026-10-13&checkout=2026-10-14&selected_currency=USD&chal_t=1790633780949&force_referer=,new-road,Tower Hamlets,London,8.1,Very Good,2770
https://www.booking.com/hotel/gb/2-bedroom-luxury-flat-in-euston.html?aid=304142&label=gen173nr-10CAQoggJCDXNlYXJjaF9sb25kb25IM1gEaPQBiAEBmAEzuAEXyAEM2AED6AEB-AEBiAIBqAIBuAK-zuvVBsACAdICJGFhMjY4NjU1LWI5MTQtNDIzOC1iY2MxLThkMTc2ZGY1MTZiM9gCAeACAQ&ucfs=1&arphpl=1&checkin=2026-10-13&checkout=2026-10-14&group_adults=2&req_adults=2&no_rooms=1&group_children=0&req_children=0&hpos=20&hapos=587&sr_order=popularity&srpvid=21039c9fdc8c0948&srepoch=1790634079&all_sr_blocks=1300372101_402923223_4_0_0&highlighted_blocks=1300372101_402923223_4_0_0&matching_block_id=1300372101_402923223_4_0_0&sr_pri_blocks=1300372101_402923223_4_0_0__24668&from=searchresults,2 bedroom subterranean luxury flat in Euston,327,2026-10-13,2026-09-29T05:24:12.770970,https://www.booking.com/searchresults.html?ss=London&group_adults=2&no_rooms=1&group_children=0&checkin=2026-10-13&checkout=2026-10-14&selected_currency=USD&chal_t=1790633780949&force_referer=,2-bedroom-luxury-flat-in-euston,Camden,London,7.8,Good,33
https://www.booking.com/hotel/gb/astoria-london.html?aid=304142&label=gen173nr-10CAQoggJCDXNlYXJjaF9sb25kb25IM1gEaPQBiAEBmAEzuAEXyAEM2AED6AEB-AEBiAIBqAIBuAK-zuvVBsACAdICJGFhMjY4NjU1LWI5MTQtNDIzOC1iY2MxLThkMTc2ZGY1MTZiM9gCAeACAQ&ucfs=1&arphpl=1&checkin=2026-10-13&checkout=2026-10-14&group_adults=2&req_adults=2&no_rooms=1&group_children=0&req_children=0&hpos=1&hapos=588&sr_order=popularity&srpvid=21039c9fdc8c0948&srepoch=1790634091&all_sr_blocks=41651104_0_2_0_0&highlighted_blocks=41651104_0_2_0_0&matching_block_id=41651104_0_2_0_0&sr_pri_blocks=41651104_0_2_0_0__16960&from=searchresults,Astoria Hotel,225,2026-10-13,2026-09-29T05:24:12.887803,https://www.booking.com/searchresults.html?ss=London&group_adults=2&no_rooms=1&group_children=0&checkin=2026-10-13&checkout=2026-10-14&selected_currency=USD&chal_t=1790633780949&force_referer=,astoria-london,Westminster Borough,London,6.9,Average,1117
https://www.booking.com/hotel/gb/cozy-flat-holland-road-close-to-westfield.html?aid=304142&label=gen173nr-10CAQoggJCDXNlYXJjaF9sb25kb25IM1gEaPQBiAEBmAEzuAEXyAEM2AED6AEB-AEBiAIBqAIBuAK-zuvVBsACAdICJGFhMjY4NjU1LWI5MTQtNDIzOC1iY2MxLThkMTc2ZGY1MTZiM9gCAeACAQ&ucfs=1&arphpl=1&checkin=2026-10-13&checkout=2026-10-14&group_adults=2&req_adults=2&no_rooms=1&group_children=0&req_children=0&hpos=2&hapos=589&sr_order=popularity&srpvid=21039c9fdc8c0948&srepoch=1790634091&all_sr_blocks=1104174102_383235195_3_0_0&highlighted_blocks=1104174102_383235195_3_0_0&matching_block_id=1104174102_383235195_3_0_0&sr_pri_blocks=1104174102_383235195_3_0_0__10692&from=searchresults,Cozy Flats Near Olympia and Westfield,142,2026-10-13,2026-09-29T05:24:12.964609,https://www.booking.com/searchresults.html?ss=London&group_adults=2&no_rooms=1&group_children=0&checkin=2026-10-13&checkout=2026-10-14&selected_currency=USD&chal_t=1790633780949&force_referer=,cozy-flat-holland-road-close-to-westfield,Kensington and Chelsea,London,8.0,Very Good,15
https://www.booking.com/hotel/gb/51-kensington-court.html?aid=304142&label=gen173nr-10CAQoggJCDXNlYXJjaF9sb25kb25IM1gEaPQBiAEBmAEzuAEXyAEM2AED6AEB-AEBiAIBqAIBuAK-zuvVBsACAdICJGFhMjY4NjU1LWI5MTQtNDIzOC1iY2MxLThkMTc2ZGY1MTZiM9gCAeACAQ&ucfs=1&arphpl=1&checkin=2026-10-13&checkout=2026-10-14&group_adults=2&req_adults=2&no_rooms=1&group_children=0&req_children=0&hpos=3&hapos=590&sr_order=popularity&srpvid=21039c9fdc8c0948&srepoch=1790634091&all_sr_blocks=56866916_118478979_3_0_0&highlighted_blocks=56866916_118478979_3_0_0&matching_block_id=56866916_118478979_3_0_0&sr_pri_blocks=56866916_118478979_3_0_0__18491&from=searchresults,High Street Kensington Apartments,245,2026-10-13,2026-09-29T05:24:13.034197,https://www.booking.com/searchresults.html?ss=London&group_adults=2&no_rooms=1&group_children=0&checkin=2026-10-13&checkout=2026-10-14&selected_currency=USD&chal_t=1790633780949&force_referer=,51-kensington-court,Kensington and Chelsea,London,7.3,Good,222
https://www.booking.com/hotel/gb/parkway-london.html?aid=304142&label=gen173nr-10CAQoggJCDXNlYXJjaF9sb25kb25IM1gEaPQBiAEBmAEzuAEXyAEM2AED6AEB-AEBiAIBqAIBuAK-zuvVBsACAdICJGFhMjY4NjU1LWI5MTQtNDIzOC1iY2MxLThkMTc2ZGY1MTZiM9gCAeACAQ&ucfs=1&arphpl=1&checkin=2026-10-13&checkout=2026-10-14&group_adults=2&req_adults=2&no_rooms=1&group_children=0&req_children=0&hpos=4&hapos=591&sr_order=popularity&srpvid=21039c9fdc8c0948&srepoch=1790634091&all_sr_blocks=1561100602_429115405_2_0_0&highlighted_blocks=1561100602_429115405_2_0_0&matching_block_id=1561100602_429115405_2_0_0&sr_pri_blocks=1561100602_429115405_2_0_0__13750&from=searchresults,Camden Parkway London 72-74,182,2026-10-13,2026-09-29T05:24:13.113308,https://www.booking.com/searchresults.html?ss=London&group_adults=2&no_rooms=1&group_children=0&checkin=2026-10-13&checkout=2026-10-14&selected_currency=USD&chal_t=1790633780949&force_referer=,parkway-london,Camden,London,6.3,Average,91
https://www.booking.com/hotel/gb/chelsea-flat-convenient-and-quiet.html?aid=304142&label=gen173nr-10CAQoggJCDXNlYXJjaF9sb25kb25IM1gEaPQBiAEBmAEzuAEXyAEM2AED6AEB-AEBiAIBqAIBuAK-zuvVBsACAdICJGFhMjY4NjU1LWI5MTQtNDIzOC1iY2MxLThkMTc2ZGY1MTZiM9gCAeACAQ&ucfs=1&arphpl=1&checkin=2026-10-13&checkout=2026-10-14&group_adults=2&req_adults=2&no_rooms=1&group_children=0&req_children=0&hpos=5&hapos=592&sr_order=popularity&srpvid=21039c9fdc8c0948&srepoch=1790634091&all_sr_blocks=1280781201_401556379_2_0_0&highlighted_blocks=1280781201_401556379_2_0_0&matching_block_id=1280781201_401556379_2_0_0&sr_pri_blocks=1280781201_401556379_2_0_0__15518&from=searchresults,"Chelsea flat, convenient and quiet",206,2026-10-13,2026-09-29T05:24:13.222836,https://www.booking.com/searchresults.html?ss=London&group_adults=2&no_rooms=1&group_children=0&checkin=2026-10-13&checkout=2026-10-14&selected_currency=USD&chal_t=1790633780949&force_referer=,chelsea-flat-convenient-and-quiet,Kensington and Chelsea,London,8.9,Excellent,38
https://www.booking.com/hotel/gb/centra-high-road.html?aid=304142&label=gen173nr-10CAQoggJCDXNlYXJjaF9sb25kb25IM1gEaPQBiAEBmAEzuAEXyAEM2AED6AEB-AEBiAIBqAIBuAK-zuvVBsACAdICJGFhMjY4NjU1LWI5MTQtNDIzOC1iY2MxLThkMTc2ZGY1MTZiM9gCAeACAQ&ucfs=1&arphpl=1&checkin=2026-10-13&checkout=2026-10-14&group_adults=2&req_adults=2&no_rooms=1&group_children=0&req_children=0&hpos=6&hapos=593&sr_order=popularity&srpvid=21039c9fdc8c0948&srepoch=1790634092&all_sr_blocks=1371513502_409352708_0_0_0&highlighted_blocks=1371513502_409352708_0_0_0&matching_block_id=1371513502_409352708_0_0_0&sr_pri_blocks=1371513502_409352708_0_0_0__8100&from=searchresults,Centra High Road,107,2026-10-13,2026-09-29T05:24:13.319597,https://www.booking.com/searchresults.html?ss=London&group_adults=2&no_rooms=1&group_children=0&checkin=2026-10-13&checkout=2026-10-14&selected_currency=USD&chal_t=1790633780949&force_referer=,centra-high-road,Unknown,London,8.4,Very Good,1006
https://www.booking.com/hotel/gb/hannahs-house.html?aid=304142&label=gen173nr-10CAQoggJCDXNlYXJjaF9sb25kb25IM1gEaPQBiAEBmAEzuAEXyAEM2AED6AEB-AEBiAIBqAIBuAK-zuvVBsACAdICJGFhMjY4NjU1LWI5MTQtNDIzOC1iY2MxLThkMTc2ZGY1MTZiM9gCAeACAQ&ucfs=1&arphpl=1&checkin=2026-10-13&checkout=2026-10-14&group_adults=2&req_adults=2&no_rooms=1&group_children=0&req_children=0&hpos=7&hapos=594&sr_order=popularity&srpvid=21039c9fdc8c0948&srepoch=1790634092&all_sr_blocks=1129490104_385596108_2_0_0&highlighted_blocks=1129490104_385596108_2_0_0&matching_block_id=1129490104_385596108_2_0_0&sr_pri_blocks=1129490104_385596108_2_0_0__10440&from=searchresults,Lovely Triple and Quadruple Rooms in Euston & Square in Central London,138,2026-10-13,2026-09-29T05:24:13.419869,https://www.booking.com/searchresults.html?ss=London&group_adults=2&no_rooms=1&group_children=0&checkin=2026-10-13&checkout=2026-10-14&selected_currency=USD&chal_t=1790633780949&force_referer=,hannahs-house,Camden,London,8.0,Very Good,408
https://www.booking.com/hotel/gb/great-portland-apartment-greater-london.html?aid=304142&label=gen173nr-10CAQoggJCDXNlYXJjaF9sb25kb25IM1gEaPQBiAEBmAEzuAEXyAEM2AED6AEB-AEBiAIBqAIBuAK-zuvVBsACAdICJGFhMjY4NjU1LWI5MTQtNDIzOC1iY2MxLThkMTc2ZGY1MTZiM9gCAeACAQ&ucfs=1&arphpl=1&checkin=2026-10-13&checkout=2026-10-14&group_adults=2&req_adults=2&no_rooms=1&group_children=0&req_children=0&hpos=8&hapos=595&sr_order=popularity&srpvid=21039c9fdc8c0948&srepoch=1790634092&all_sr_blocks=1534758502_424972148_4_0_0&highlighted_blocks=1534758502_424972148_4_0_0&matching_block_id=1534758502_424972148_4_0_0&sr_pri_blocks=1534758502_424972148_4_0_0__12240&from=searchresults,Great Portland Apartment,162,2026-10-13,2026-09-29T05:24:13.528924,https://www.booking.com/searchresults.html?ss=London&group_adults=2&no_rooms=1&group_children=0&checkin=2026-10-13&checkout=2026-10-14&selected_currency=USD&chal_t=1790633780949&force_referer=,great-portland-apartment-greater-london,Camden,London,8.1,Very Good,43
https://www.booking.com/hotel/gb/grand-plaza-serviced-apartments-ex-somerset-bayswater.html?aid=304142&label=gen173nr-10CAQoggJCDXNlYXJjaF9sb25kb25IM1gEaPQBiAEBmAEzuAEXyAEM2AED6AEB-AEBiAIBqAIBuAK-zuvVBsACAdICJGFhMjY4NjU1LWI5MTQtNDIzOC1iY2MxLThkMTc2ZGY1MTZiM9gCAeACAQ&ucfs=1&arphpl=1&checkin=2026-10-13&checkout=2026-10-14&group_adults=2&req_adults=2&no_rooms=1&group_children=0&req_children=0&hpos=9&hapos=596&sr_order=popularity&srpvid=21039c9fdc8c0948&srepoch=1790634092&all_sr_blocks=3813501_0_2_0_0&highlighted_blocks=3813501_0_2_0_0&matching_block_id=3813501_0_2_0_0&sr_pri_blocks=3813501_0_2_0_0__15967&from=searchresults,Grand Plaza Serviced Apartments,212,2026-10-13,2026-09-29T05:24:13.634842,https://www.booking.com/searchresults.html?ss=London&group_adults=2&no_rooms=1&group_children=0&checkin=2026-10-13&checkout=2026-10-14&selected_currency=USD&chal_t=1790633780949&force_referer=,grand-plaza-serviced-apartments-ex-somerset-bayswater,Westminster Borough,London,8.2,Very Good,6886
https://www.booking.com/hotel/gb/london-stay-london-bridge-apartments.html?aid=304142&label=gen173nr-10CAQoggJCDXNlYXJjaF9sb25kb25IM1gEaPQBiAEBmAEzuAEXyAEM2AED6AEB-AEBiAIBqAIBuAK-zuvVBsACAdICJGFhMjY4NjU1LWI5MTQtNDIzOC1iY2MxLThkMTc2ZGY1MTZiM9gCAeACAQ&ucfs=1&arphpl=1&checkin=2026-10-13&checkout=2026-10-14&group_adults=2&req_adults=2&no_rooms=1&group_children=0&req_children=0&hpos=10&hapos=597&sr_order=popularity&srpvid=21039c9fdc8c0948&srepoch=1790634092&all_sr_blocks=46874811_0_2_0_0&highlighted_blocks=46874811_0_2_0_0&matching_block_id=46874811_0_2_0_0&sr_pri_blocks=46874811_0_2_0_0__7860&from=searchresults,London Stay Apartments,104,2026-10-13,2026-09-29T05:24:13.755517,https://www.booking.com/searchresults.html?ss=London&group_adults=2&no_rooms=1&group_children=0&checkin=2026-10-13&checkout=2026-10-14&selected_currency=USD&chal_t=1790633780949&force_referer=,london-stay-london-bridge-apartments,Southwark,London,7.6,Good,1399
https://www.booking.com/hotel/gb/ibis-canning-town.html?aid=304142&label=gen173nr-10CAQoggJCDXNlYXJjaF9sb25kb25IM1gEaPQBiAEBmAEzuAEXyAEM2AED6AEB-AEBiAIBqAIBuAK-zuvVBsACAdICJGFhMjY4NjU1LWI5MTQtNDIzOC1iY2MxLThkMTc2ZGY1MTZiM9gCAeACAQ&ucfs=1&arphpl=1&checkin=2026-10-13&checkout=2026-10-14&group_adults=2&req_adults=2&no_rooms=1&group_children=0&req_children=0&hpos=11&hapos=598&sr_order=popularity&srpvid=21039c9fdc8c0948&srepoch=1790634092&all_sr_blocks=271228802_106254101_2_2_0&highlighted_blocks=271228802_106254101_2_2_0&matching_block_id=271228802_106254101_2_2_0&sr_pri_blocks=271228802_106254101_2_2_0__32900&from_sustainable_property_sr=1&from=searchresults,ibis London Canning Town,436,2026-10-13,2026-09-29T05:24:13.872823,https://www.booking.com/searchresults.html?ss=London&group_adults=2&no_rooms=1&group_children=0&checkin=2026-10-13&checkout=2026-10-14&selected_currency=USD&chal_t=1790633780949&force_referer=,ibis-canning-town,Newham,London,9.0,Wonderful,6414
https://www.booking.com/hotel/gb/london-visitors.html?aid=304142&label=gen173nr-10CAQoggJCDXNlYXJjaF9sb25kb25IM1gEaPQBiAEBmAEzuAEXyAEM2AED6AEB-AEBiAIBqAIBuAK-zuvVBsACAdICJGFhMjY4NjU1LWI5MTQtNDIzOC1iY2MxLThkMTc2ZGY1MTZiM9gCAeACAQ&ucfs=1&arphpl=1&checkin=2026-10-13&checkout=2026-10-14&group_adults=2&req_adults=2&no_rooms=1&group_children=0&req_children=0&hpos=12&hapos=599&sr_order=popularity&srpvid=21039c9fdc8c0948&srepoch=1790634092&all_sr_blocks=38011706_93742989_2_0_0&highlighted_blocks=38011706_93742989_2_0_0&matching_block_id=38011706_93742989_2_0_0&sr_pri_blocks=38011706_93742989_2_0_0__9000&from=searchresults,London Visitors Hotel,119,2026-10-13,2026-09-29T05:24:13.973752,https://www.booking.com/searchresults.html?ss=London&group_adults=2&no_rooms=1&group_children=0&checkin=2026-10-13&checkout=2026-10-14&selected_currency=USD&chal_t=1790633780949&force_referer=,london-visitors,Kensington and Chelsea,London,8.4,Very Good,1721
https://www.booking.com/hotel/gb/comfortable-modern-w2-apartment.html?aid=304142&label=gen173nr-10CAQoggJCDXNlYXJjaF9sb25kb25IM1gEaPQBiAEBmAEzuAEXyAEM2AED6AEB-AEBiAIBqAIBuAK-zuvVBsACAdICJGFhMjY4NjU1LWI5MTQtNDIzOC1iY2MxLThkMTc2ZGY1MTZiM9gCAeACAQ&ucfs=1&arphpl=1&checkin=2026-10-13&checkout=2026-10-14&group_adults=2&req_adults=2&no_rooms=1&group_children=0&req_children=0&hpos=13&hapos=600&sr_order=popularity&srpvid=21039c9fdc8c0948&srepoch=1790634092&all_sr_blocks=1536870501_428416534_2_0_0&highlighted_blocks=1536870501_428416534_2_0_0&matching_block_id=1536870501_428416534_2_0_0&sr_pri_blocks=1536870501_428416534_2_0_0__18860&from=searchresults,Zone 1 Paddington Flat Near Tube Sleeps 5,250,2026-10-13,2026-09-29T05:24:14.065613,https://www.booking.com/searchresults.html?ss=London&group_adults=2&no_rooms=1&group_children=0&checkin=2026-10-13&checkout=2026-10-14&selected_currency=USD&chal_t=1790633780949&force_referer=,comfortable-modern-w2-apartment,Westminster Borough,London,7.6,Good,8
https://www.booking.com/hotel/gb/the-trebovir.html?aid=304142&label=gen173nr-10CAQoggJCDXNlYXJjaF9sb25kb25IM1gEaPQBiAEBmAEzuAEXyAEM2AED6AEB-AEBiAIBqAIBuAK-zuvVBsACAdICJGFhMjY4NjU1LWI5MTQtNDIzOC1iY2MxLThkMTc2ZGY1MTZiM9gCAeACAQ&ucfs=1&arphpl=1&checkin=2026-10-13&checkout=2026-10-14&group_adults=2&req_adults=2&no_rooms=1&group_children=0&req_children=0&hpos=14&hapos=601&sr_order=popularity&srpvid=21039c9fdc8c0948&srepoch=1790634092&all_sr_blocks=4154502_97566401_0_1_0&highlighted_blocks=4154502_97566401_0_1_0&matching_block_id=4154502_97566401_0_1_0&sr_pri_blocks=4154502_97566401_0_1_0__21842&from=searchresults,Trebovir Hotel,289,2026-10-13,2026-09-29T05:24:14.169696,https://www.booking.com/searchresults.html?ss=London&group_adults=2&no_rooms=1&group_children=0&checkin=2026-10-13&checkout=2026-10-14&selected_currency=USD&chal_t=1790633780949&force_referer=,the-trebovir,Kensington and Chelsea,London,7.5,Good,3118
https://www.booking.com/hotel/gb/go-native-hyde-park.html?aid=304142&label=gen173nr-10CAQoggJCDXNlYXJjaF9sb25kb25IM1gEaPQBiAEBmAEzuAEXyAEM2AED6AEB-AEBiAIBqAIBuAK-zuvVBsACAdICJGFhMjY4NjU1LWI5MTQtNDIzOC1iY2MxLThkMTc2ZGY1MTZiM9gCAeACAQ&ucfs=1&arphpl=1&checkin=2026-10-13&checkout=2026-10-14&group_adults=2&req_adults=2&no_rooms=1&group_children=0&req_children=0&hpos=15&hapos=602&sr_order=popularity&srpvid=21039c9fdc8c0948&srepoch=1790634092&all_sr_blocks=42022410_88652455_2_2_0&highlighted_blocks=42022410_88652455_2_2_0&matching_block_id=42022410_88652455_2_2_0&sr_pri_blocks=42022410_88652455_2_2_0__23092&from=searchresults,Native Hyde Park,306,2026-10-13,2026-09-29T05:24:14.286930,https://www.booking.com/searchresults.html?ss=London&group_adults=2&no_rooms=1&group_children=0&checkin=2026-10-13&checkout=2026-10-14&selected_currency=USD&chal_t=1790633780949&force_referer=,go-native-hyde-park,Westminster Borough,London,8.1,Very Good,386
https://www.booking.com/hotel/gb/the-crown-rooms.html?aid=304142&label=gen173nr-10CAQoggJCDXNlYXJjaF9sb25kb25IM1gEaPQBiAEBmAEzuAEXyAEM2AED6AEB-AEBiAIBqAIBuAK-zuvVBsACAdICJGFhMjY4NjU1LWI5MTQtNDIzOC1iY2MxLThkMTc2ZGY1MTZiM9gCAeACAQ&ucfs=1&arphpl=1&checkin=2026-10-13&checkout=2026-10-14&group_adults=2&req_adults=2&no_rooms=1&group_children=0&req_children=0&hpos=16&hapos=603&sr_order=popularity&srpvid=21039c9fdc8c0948&srepoch=1790634092&all_sr_blocks=981352503_370409932_0_0_0&highlighted_blocks=981352503_370409932_0_0_0&matching_block_id=981352503_370409932_0_0_0&sr_pri_blocks=981352503_370409932_0_0_0__12035&from=searchresults,The Crown Rooms,159,2026-10-13,2026-09-29T05:24:14.398542,https://www.booking.com/searchresults.html?ss=London&group_adults=2&no_rooms=1&group_children=0&checkin=2026-10-13&checkout=2026-10-14&selected_currency=USD&chal_t=1790633780949&force_referer=,the-crown-rooms,Greenwich,London,7.6,Good,869
https://www.booking.com/hotel/gb/hotelmarblearchinn.html?aid=304142&label=gen173nr-10CAQoggJCDXNlYXJjaF9sb25kb25IM1gEaPQBiAEBmAEzuAEXyAEM2AED6AEB-AEBiAIBqAIBuAK-zuvVBsACAdICJGFhMjY4NjU1LWI5MTQtNDIzOC1iY2MxLThkMTc2ZGY1MTZiM9gCAeACAQ&ucfs=1&arphpl=1&checkin=2026-10-13&checkout=2026-10-14&group_adults=2&req_adults=2&no_rooms=1&group_children=0&req_children=0&hpos=17&hapos=604&sr_order=popularity&srpvid=21039c9fdc8c0948&srepoch=1790634092&all_sr_blocks=4258_91909773_0_0_0&highlighted_blocks=4258_91909773_0_0_0&matching_block_id=4258_91909773_0_0_0&sr_pri_blocks=4258_91909773_0_0_0__14795&from=searchresults,Marble Arch Inn,196,2026-10-13,2026-09-29T05:24:14.552765,https://www.booking.com/searchresults.html?ss=London&group_adults=2&no_rooms=1&group_children=0&checkin=2026-10-13&checkout=2026-10-14&selected_currency=USD&chal_t=1790633780949&force_referer=,hotelmarblearchinn,Westminster Borough,London,7.3,Good,2223
https://www.booking.com/hotel/gb/hatton-garden-london.html?aid=304142&label=gen173nr-10CAQoggJCDXNlYXJjaF9sb25kb25IM1gEaPQBiAEBmAEzuAEXyAEM2AED6AEB-AEBiAIBqAIBuAK-zuvVBsACAdICJGFhMjY4NjU1LWI5MTQtNDIzOC1iY2MxLThkMTc2ZGY1MTZiM9gCAeACAQ&ucfs=1&arphpl=1&checkin=2026-10-13&checkout=2026-10-14&group_adults=2&req_adults=2&no_rooms=1&group_children=0&req_children=0&hpos=1&hapos=605&sr_order=popularity&srpvid=21039c9fdc8c0948&srepoch=1790634102&all_sr_blocks=594033608_233048338_2_0_0&highlighted_blocks=594033608_233048338_2_0_0&matching_block_id=594033608_233048338_2_0_0&sr_pri_blocks=594033608_233048338_2_0_0__37950&from_sustainable_property_sr=1&from=searchresults,Hatton Garden Hotel,503,2026-10-13,2026-09-29T05:24:14.753242,https://www.booking.com/searchresults.html?ss=London&group_adults=2&no_rooms=1&group_children=0&checkin=2026-10-13&checkout=2026-10-14&selected_currency=USD&chal_t=1790633780949&force_referer=,hatton-garden-london,Camden,London,8.0,Very Good,1910
https://www.booking.com/hotel/gb/lonsdale-london.html?aid=304142&label=gen173nr-10CAQoggJCDXNlYXJjaF9sb25kb25IM1gEaPQBiAEBmAEzuAEXyAEM2AED6AEB-AEBiAIBqAIBuAK-zuvVBsACAdICJGFhMjY4NjU1LWI5MTQtNDIzOC1iY2MxLThkMTc2ZGY1MTZiM9gCAeACAQ&ucfs=1&arphpl=1&checkin=2026-10-13&checkout=2026-10-14&group_adults=2&req_adults=2&no_rooms=1&group_children=0&req_children=0&hpos=2&hapos=606&sr_order=popularity&srpvid=21039c9fdc8c0948&srepoch=1790634102&all_sr_blocks=3820302_97040814_0_0_0&highlighted_blocks=3820302_97040814_0_0_0&matching_block_id=3820302_97040814_0_0_0&sr_pri_blocks=3820302_97040814_0_0_0__8186&from=searchresults,Thanet Hotel Annex,108,2026-10-13,2026-09-29T05:24:14.867982,https://www.booking.com/searchresults.html?ss=London&group_adults=2&no_rooms=1&group_children=0&checkin=2026-10-13&checkout=2026-10-14&selected_currency=USD&chal_t=1790633780949&force_referer=,lonsdale-london,Camden,London,3.6,Poor,1088
https://www.booking.com/hotel/gb/new-kensington-studio-central-location-with-ac.html?aid=304142&label=gen173nr-10CAQoggJCDXNlYXJjaF9sb25kb25IM1gEaPQBiAEBmAEzuAEXyAEM2AED6AEB-AEBiAIBqAIBuAK-zuvVBsACAdICJGFhMjY4NjU1LWI5MTQtNDIzOC1iY2MxLThkMTc2ZGY1MTZiM9gCAeACAQ&ucfs=1&arphpl=1&checkin=2026-10-13&checkout=2026-10-14&group_adults=2&req_adults=2&no_rooms=1&group_children=0&req_children=0&hpos=3&hapos=607&sr_order=popularity&srpvid=21039c9fdc8c0948&srepoch=1790634102&all_sr_blocks=1665787601_444011845_2_0_0&highlighted_blocks=1665787601_444011845_2_0_0&matching_block_id=1665787601_444011845_2_0_0&sr_pri_blocks=1665787601_444011845_2_0_0__15290&from=searchresults,Aurea Kensington - Brand New Flat - Airconditioned - Near Hyde Park,203,2026-10-13,2026-09-29T05:24:14.992267,https://www.booking.com/searchresults.html?ss=London&group_adults=2&no_rooms=1&group_children=0&checkin=2026-10-13&checkout=2026-10-14&selected_currency=USD&chal_t=1790633780949&force_referer=,new-kensington-studio-central-location-with-ac,Kensington and Chelsea,London,0.0,No Reviews,0
https://www.booking.com/hotel/gb/modern-1-bed-apartment-southwark.html?aid=304142&label=gen173nr-10CAQoggJCDXNlYXJjaF9sb25kb25IM1gEaPQBiAEBmAEzuAEXyAEM2AED6AEB-AEBiAIBqAIBuAK-zuvVBsACAdICJGFhMjY4NjU1LWI5MTQtNDIzOC1iY2MxLThkMTc2ZGY1MTZiM9gCAeACAQ&ucfs=1&arphpl=1&checkin=2026-10-13&checkout=2026-10-14&group_adults=2&req_adults=2&no_rooms=1&group_children=0&req_children=0&hpos=4&hapos=608&sr_order=popularity&srpvid=21039c9fdc8c0948&srepoch=1790634102&all_sr_blocks=1699401801_441588818_2_0_0&highlighted_blocks=1699401801_441588818_2_0_0&matching_block_id=1699401801_441588818_2_0_0&sr_pri_blocks=1699401801_441588818_2_0_0__9022&from=searchresults,Modern 1-Bed Apartment Southwark,120,2026-10-13,2026-09-29T05:24:15.170027,https://www.booking.com/searchresults.html?ss=London&group_adults=2&no_rooms=1&group_children=0&checkin=2026-10-13&checkout=2026-10-14&selected_currency=USD&chal_t=1790633780949&force_referer=,modern-1-bed-apartment-southwark,Southwark,London,8.0,Very Good,4
https://www.booking.com/hotel/gb/west-end-oxford-street-holborn-sleeps-6.html?aid=304142&label=gen173nr-10CAQoggJCDXNlYXJjaF9sb25kb25IM1gEaPQBiAEBmAEzuAEXyAEM2AED6AEB-AEBiAIBqAIBuAK-zuvVBsACAdICJGFhMjY4NjU1LWI5MTQtNDIzOC1iY2MxLThkMTc2ZGY1MTZiM9gCAeACAQ&ucfs=1&arphpl=1&checkin=2026-10-13&checkout=2026-10-14&group_adults=2&req_adults=2&no_rooms=1&group_children=0&req_children=0&hpos=5&hapos=609&sr_order=popularity&srpvid=21039c9fdc8c0948&srepoch=1790634102&all_sr_blocks=1651340401_437138918_2_0_0&highlighted_blocks=1651340401_437138918_2_0_0&matching_block_id=1651340401_437138918_2_0_0&sr_pri_blocks=1651340401_437138918_2_0_0__26400&from=searchresults,Amazing Apt with AC - West End - OXFORD STREET- Holborn - SLEEPS 6,350,2026-10-13,2026-09-29T05:24:15.323150,https://www.booking.com/searchresults.html?ss=London&group_adults=2&no_rooms=1&group_children=0&checkin=2026-10-13&checkout=2026-10-14&selected_currency=USD&chal_t=1790633780949&force_referer=,west-end-oxford-street-holborn-sleeps-6,Camden,London,8.0,Very Good,2
https://www.booking.com/hotel/gb/studio-apartment-in-london-3.html?aid=304142&label=gen173nr-10CAQoggJCDXNlYXJjaF9sb25kb25IM1gEaPQBiAEBmAEzuAEXyAEM2AED6AEB-AEBiAIBqAIBuAK-zuvVBsACAdICJGFhMjY4NjU1LWI5MTQtNDIzOC1iY2MxLThkMTc2ZGY1MTZiM9gCAeACAQ&ucfs=1&arphpl=1&checkin=2026-10-13&checkout=2026-10-14&group_adults=2&req_adults=2&no_rooms=1&group_children=0&req_children=0&hpos=6&hapos=610&sr_order=popularity&srpvid=21039c9fdc8c0948&srepoch=1790634102&all_sr_blocks=1025904801_385917957_2_0_0&highlighted_blocks=1025904801_385917957_2_0_0&matching_block_id=1025904801_385917957_2_0_0&sr_pri_blocks=1025904801_385917957_2_0_0__4829&from=searchresults,Perfect Studio Stay - Close to Underground,64,2026-10-13,2026-09-29T05:24:15.531518,https://www.booking.com/searchresults.html?ss=London&group_adults=2&no_rooms=1&group_children=0&checkin=2026-10-13&checkout=2026-10-14&selected_currency=USD&chal_t=1790633780949&force_referer=,studio-apartment-in-london-3,Islington,London,7.7,Good,78
https://www.booking.com/hotel/gb/dolphin-inn-the-lodge.html?aid=304142&label=gen173nr-10CAQoggJCDXNlYXJjaF9sb25kb25IM1gEaPQBiAEBmAEzuAEXyAEM2AED6AEB-AEBiAIBqAIBuAK-zuvVBsACAdICJGFhMjY4NjU1LWI5MTQtNDIzOC1iY2MxLThkMTc2ZGY1MTZiM9gCAeACAQ&ucfs=1&arphpl=1&checkin=2026-10-13&checkout=2026-10-14&group_adults=2&req_adults=2&no_rooms=1&group_children=0&req_children=0&hpos=7&hapos=611&sr_order=popularity&srpvid=21039c9fdc8c0948&srepoch=1790634102&all_sr_blocks=43000406_93939641_4_2_0&highlighted_blocks=43000406_93939641_4_2_0&matching_block_id=43000406_93939641_4_2_0&sr_pri_blocks=43000406_93939641_4_2_0__20126&from=searchresults,Dolphin Inn - The Lodge,267,2026-10-13,2026-09-29T05:24:15.748502,https://www.booking.com/searchresults.html?ss=London&group_adults=2&no_rooms=1&group_children=0&checkin=2026-10-13&checkout=2026-10-14&selected_currency=USD&chal_t=1790633780949&force_referer=,dolphin-inn-the-lodge,Westminster Borough,London,7.4,Good,1606
https://www.booking.com/hotel/gb/rainbow-quays-london.html?aid=304142&label=gen173nr-10CAQoggJCDXNlYXJjaF9sb25kb25IM1gEaPQBiAEBmAEzuAEXyAEM2AED6AEB-AEBiAIBqAIBuAK-zuvVBsACAdICJGFhMjY4NjU1LWI5MTQtNDIzOC1iY2MxLThkMTc2ZGY1MTZiM9gCAeACAQ&ucfs=1&arphpl=1&checkin=2026-10-13&checkout=2026-10-14&group_adults=2&req_adults=2&no_rooms=1&group_children=0&req_children=0&hpos=8&hapos=612&sr_order=popularity&srpvid=21039c9fdc8c0948&srepoch=1790634102&all_sr_blocks=950220901_397616255_4_0_0&highlighted_blocks=950220901_397616255_4_0_0&matching_block_id=950220901_397616255_4_0_0&sr_pri_blocks=950220901_397616255_4_0_0__14483&from=searchresults,Rainbow Quays,192,2026-10-13,2026-09-29T05:24:15.918599,https://www.booking.com/searchresults.html?ss=London&group_adults=2&no_rooms=1&group_children=0&checkin=2026-10-13&checkout=2026-10-14&selected_currency=USD&chal_t=1790633780949&force_referer=,rainbow-quays-london,Southwark,London,8.2,Very Good,122
https://www.booking.com/hotel/gb/mid-century-studio.html?aid=304142&label=gen173nr-10CAQoggJCDXNlYXJjaF9sb25kb25IM1gEaPQBiAEBmAEzuAEXyAEM2AED6AEB-AEBiAIBqAIBuAK-zuvVBsACAdICJGFhMjY4NjU1LWI5MTQtNDIzOC1iY2MxLThkMTc2ZGY1MTZiM9gCAeACAQ&ucfs=1&arphpl=1&checkin=2026-10-13&checkout=2026-10-14&group_adults=2&req_adults=2&no_rooms=1&group_children=0&req_children=0&hpos=9&hapos=613&sr_order=popularity&srpvid=21039c9fdc8c0948&srepoch=1790634102&all_sr_blocks=1160980801_388800228_2_0_0&highlighted_blocks=1160980801_388800228_2_0_0&matching_block_id=1160980801_388800228_2_0_0&sr_pri_blocks=1160980801_388800228_2_0_0__13383&from=searchresults,Mid-Century Studio,177,2026-10-13,2026-09-29T05:24:16.088916,https://www.booking.com/searchresults.html?ss=London&group_adults=2&no_rooms=1&group_children=0&checkin=2026-10-13&checkout=2026-10-14&selected_currency=USD&chal_t=1790633780949&force_referer=,mid-century-studio,Tower Hamlets,London,8.5,Very Good,29
https://www.booking.com/hotel/gb/the-montcalm.html?aid=304142&label=gen173nr-10CAQoggJCDXNlYXJjaF9sb25kb25IM1gEaPQBiAEBmAEzuAEXyAEM2AED6AEB-AEBiAIBqAIBuAK-zuvVBsACAdICJGFhMjY4NjU1LWI5MTQtNDIzOC1iY2MxLThkMTc2ZGY1MTZiM9gCAeACAQ&ucfs=1&arphpl=1&checkin=2026-10-13&checkout=2026-10-14&group_adults=2&req_adults=2&no_rooms=1&group_children=0&req_children=0&hpos=10&hapos=614&sr_order=popularity&srpvid=21039c9fdc8c0948&srepoch=1790634102&all_sr_blocks=17883547_407834863_0_2_0&highlighted_blocks=17883547_407834863_0_2_0&matching_block_id=17883547_407834863_0_2_0&sr_pri_blocks=17883547_407834863_0_2_0__52100&from=searchresults,"Montcalm Mayfair, Autograph Collection",690,2026-10-13,2026-09-29T05:24:16.265442,https://www.booking.com/searchresults.html?ss=London&group_adults=2&no_rooms=1&group_children=0&checkin=2026-10-13&checkout=2026-10-14&selected_currency=USD&chal_t=1790633780949&force_referer=,the-montcalm,Westminster Borough,London,8.6,Excellent,193
https://www.booking.com/hotel/gb/somerset-queens-gate-gardens.html?aid=304142&label=gen173nr-10CAQoggJCDXNlYXJjaF9sb25kb25IM1gEaPQBiAEBmAEzuAEXyAEM2AED6AEB-AEBiAIBqAIBuAK-zuvVBsACAdICJGFhMjY4NjU1LWI5MTQtNDIzOC1iY2MxLThkMTc2ZGY1MTZiM9gCAeACAQ&ucfs=1&arphpl=1&checkin=2026-10-13&checkout=2026-10-14&group_adults=2&req_adults=2&no_rooms=1&group_children=0&req_children=0&hpos=11&hapos=615&sr_order=popularity&srpvid=21039c9fdc8c0948&srepoch=1790634102&all_sr_blocks=67733_97567880_2_2_0&highlighted_blocks=67733_97567880_2_2_0&matching_block_id=67733_97567880_2_2_0&sr_pri_blocks=67733_97567880_2_2_0__30342&from_sustainable_property_sr=1&from=searchresults,Fraser Suites Queens Gate,402,2026-10-13,2026-09-29T05:24:16.416932,https://www.booking.com/searchresults.html?ss=London&group_adults=2&no_rooms=1&group_children=0&checkin=2026-10-13&checkout=2026-10-14&selected_currency=USD&chal_t=1790633780949&force_referer=,somerset-queens-gate-gardens,Kensington and Chelsea,London,8.2,Very Good,1317
https://www.booking.com/hotel/gb/shaftesbury-premier-london-notting-hill.html?aid=304142&label=gen173nr-10CAQoggJCDXNlYXJjaF9sb25kb25IM1gEaPQBiAEBmAEzuAEXyAEM2AED6AEB-AEBiAIBqAIBuAK-zuvVBsACAdICJGFhMjY4NjU1LWI5MTQtNDIzOC1iY2MxLThkMTc2ZGY1MTZiM9gCAeACAQ&ucfs=1&arphpl=1&checkin=2026-10-13&checkout=2026-10-14&group_adults=2&req_adults=2&no_rooms=1&group_children=0&req_children=0&hpos=12&hapos=616&sr_order=popularity&srpvid=21039c9fdc8c0948&srepoch=1790634102&all_sr_blocks=3604104_95158339_0_2_0&highlighted_blocks=3604104_95158339_0_2_0&matching_block_id=3604104_95158339_0_2_0&sr_pri_blocks=3604104_95158339_0_2_0__24651&from=searchresults,The Premier Notting Hill,327,2026-10-13,2026-09-29T05:24:16.531492,https://www.booking.com/searchresults.html?ss=London&group_adults=2&no_rooms=1&group_children=0&checkin=2026-10-13&checkout=2026-10-14&selected_currency=USD&chal_t=1790633780949&force_referer=,shaftesbury-premier-london-notting-hill,Kensington and Chelsea,London,7.9,Good,5561
https://www.booking.com/hotel/gb/big-ben-panorama-parliament-view-3-bedrooms-central-london-luxurious-flat-for-6.html?aid=304142&label=gen173nr-10CAQoggJCDXNlYXJjaF9sb25kb25IM1gEaPQBiAEBmAEzuAEXyAEM2AED6AEB-AEBiAIBqAIBuAK-zuvVBsACAdICJGFhMjY4NjU1LWI5MTQtNDIzOC1iY2MxLThkMTc2ZGY1MTZiM9gCAeACAQ&ucfs=1&arphpl=1&checkin=2026-10-13&checkout=2026-10-14&group_adults=2&req_adults=2&no_rooms=1&group_children=0&req_children=0&hpos=13&hapos=617&sr_order=popularity&srpvid=21039c9fdc8c0948&srepoch=1790634102&all_sr_blocks=1462420401_417549625_2_0_0&highlighted_blocks=1462420401_417549625_2_0_0&matching_block_id=1462420401_417549625_2_0_0&sr_pri_blocks=1462420401_417549625_2_0_0__41307&from=searchresults,"Big Ben Panorama, Parliament View, 3 bedrooms, Central London, Luxurious flat for 6 guests",547,2026-10-13,2026-09-29T05:24:16.644642,https://www.booking.com/searchresults.html?ss=London&group_adults=2&no_rooms=1&group_children=0&checkin=2026-10-13&checkout=2026-10-14&selected_currency=USD&chal_t=1790633780949&force_referer=,big-ben-panorama-parliament-view-3-bedrooms-central-london-luxurious-flat-for-6,Lambeth,London,8.5,Very Good,72
https://www.booking.com/hotel/gb/apple-apartments-aldgate.html?aid=304142&label=gen173nr-10CAQoggJCDXNlYXJjaF9sb25kb25IM1gEaPQBiAEBmAEzuAEXyAEM2AED6AEB-AEBiAIBqAIBuAK-zuvVBsACAdICJGFhMjY4NjU1LWI5MTQtNDIzOC1iY2MxLThkMTc2ZGY1MTZiM9gCAeACAQ&ucfs=1&arphpl=1&checkin=2026-10-13&checkout=2026-10-14&group_adults=2&req_adults=2&no_rooms=1&group_children=0&req_children=0&hpos=14&hapos=618&sr_order=popularity&srpvid=21039c9fdc8c0948&srepoch=1790634102&all_sr_blocks=223954601_98715484_2_0_0&highlighted_blocks=223954601_98715484_2_0_0&matching_block_id=223954601_98715484_2_0_0&sr_pri_blocks=223954601_98715484_2_0_0__15381&from=searchresults,Aldgate by Excel Apartments,204,2026-10-13,2026-09-29T05:24:16.747073,https://www.booking.com/searchresults.html?ss=London&group_adults=2&no_rooms=1&group_children=0&checkin=2026-10-13&checkout=2026-10-14&selected_currency=USD&chal_t=1790633780949&force_referer=,apple-apartments-aldgate,Tower Hamlets,London,5.4,Average,844
https://www.booking.com/hotel/gb/shoreditch-house-greater-london.html?aid=304142&label=gen173nr-10CAQoggJCDXNlYXJjaF9sb25kb25IM1gEaPQBiAEBmAEzuAEXyAEM2AED6AEB-AEBiAIBqAIBuAK-zuvVBsACAdICJGFhMjY4NjU1LWI5MTQtNDIzOC1iY2MxLThkMTc2ZGY1MTZiM9gCAeACAQ&ucfs=1&arphpl=1&checkin=2026-10-13&checkout=2026-10-14&group_adults=2&req_adults=2&no_rooms=1&group_children=0&req_children=0&hpos=15&hapos=619&sr_order=popularity&srpvid=21039c9fdc8c0948&srepoch=1790634102&all_sr_blocks=1601134827_431070280_0_0_0&highlighted_blocks=1601134827_431070280_0_0_0&matching_block_id=1601134827_431070280_0_0_0&sr_pri_blocks=1601134827_431070280_0_0_0__7462&from=searchresults,HSH Shoreditch House,99,2026-10-13,2026-09-29T05:24:16.846032,https://www.booking.com/searchresults.html?ss=London&group_adults=2&no_rooms=1&group_children=0&checkin=2026-10-13&checkout=2026-10-14&selected_currency=USD&chal_t=1790633780949&force_referer=,shoreditch-house-greater-london,Tower Hamlets,London,6.4,Average,253
https://www.booking.com/hotel/gb/nice-2-bedroom-flat-on-first-floor.html?aid=304142&label=gen173nr-10CAQoggJCDXNlYXJjaF9sb25kb25IM1gEaPQBiAEBmAEzuAEXyAEM2AED6AEB-AEBiAIBqAIBuAK-zuvVBsACAdICJGFhMjY4NjU1LWI5MTQtNDIzOC1iY2MxLThkMTc2ZGY1MTZiM9gCAeACAQ&ucfs=1&arphpl=1&checkin=2026-10-13&checkout=2026-10-14&group_adults=2&req_adults=2&no_rooms=1&group_children=0&req_children=0&hpos=16&hapos=620&sr_order=popularity&srpvid=21039c9fdc8c0948&srepoch=1790634102&all_sr_blocks=1411353101_412880411_0_0_0&highlighted_blocks=1411353101_412880411_0_0_0&matching_block_id=1411353101_412880411_0_0_0&sr_pri_blocks=1411353101_412880411_0_0_0__15125&from=searchresults,Nice 2 bedroom flat on first floor,200,2026-10-13,2026-09-29T05:24:16.951900,https://www.booking.com/searchresults.html?ss=London&group_adults=2&no_rooms=1&group_children=0&checkin=2026-10-13&checkout=2026-10-14&selected_currency=USD&chal_t=1790633780949&force_referer=,nice-2-bedroom-flat-on-first-floor,Westminster Borough,London,5.3,Average,28
https://www.booking.com/hotel/gb/limehome-london-streatham-high-rd.html?aid=304142&label=gen173nr-10CAQoggJCDXNlYXJjaF9sb25kb25IM1gEaPQBiAEBmAEzuAEXyAEM2AED6AEB-AEBiAIBqAIBuAK-zuvVBsACAdICJGFhMjY4NjU1LWI5MTQtNDIzOC1iY2MxLThkMTc2ZGY1MTZiM9gCAeACAQ&ucfs=1&arphpl=1&checkin=2026-10-13&checkout=2026-10-14&group_adults=2&req_adults=2&no_rooms=1&group_children=0&req_children=0&hpos=17&hapos=621&sr_order=popularity&srpvid=21039c9fdc8c0948&srepoch=1790634102&all_sr_blocks=1455112202_416819238_2_0_0&highlighted_blocks=1455112202_416819238_2_0_0&matching_block_id=1455112202_416819238_2_0_0&sr_pri_blocks=1455112202_416819238_2_0_0__11880&from_sustainable_property_sr=1&from=searchresults,Limehome London Streatham High Rd,157,2026-10-13,2026-09-29T05:24:17.088647,https://www.booking.com/searchresults.html?ss=London&group_adults=2&no_rooms=1&group_children=0&checkin=2026-10-13&checkout=2026-10-14&selected_currency=USD&chal_t=1790633780949&force_referer=,limehome-london-streatham-high-rd,Lambeth,London,8.1,Very Good,344
https://www.booking.com/hotel/gb/wix-39-s-lane.html?aid=304142&label=gen173nr-10CAQoggJCDXNlYXJjaF9sb25kb25IM1gEaPQBiAEBmAEzuAEXyAEM2AED6AEB-AEBiAIBqAIBuAK-zuvVBsACAdICJGFhMjY4NjU1LWI5MTQtNDIzOC1iY2MxLThkMTc2ZGY1MTZiM9gCAeACAQ&ucfs=1&arphpl=1&checkin=2026-10-13&checkout=2026-10-14&group_adults=2&req_adults=2&no_rooms=1&group_children=0&req_children=0&hpos=18&hapos=622&sr_order=popularity&srpvid=21039c9fdc8c0948&srepoch=1790634102&all_sr_blocks=261184301_330725171_5_0_0&highlighted_blocks=261184301_330725171_5_0_0&matching_block_id=261184301_330725171_5_0_0&sr_pri_blocks=261184301_330725171_5_0_0__18630&from=searchresults,Wix's Lane,247,2026-10-13,2026-09-29T05:24:17.196337,https://www.booking.com/searchresults.html?ss=London&group_adults=2&no_rooms=1&group_children=0&checkin=2026-10-13&checkout=2026-10-14&selected_currency=USD&chal_t=1790633780949&force_referer=,wix-39-s-lane,Wandsworth,London,8.2,Very Good,68
https://www.booking.com/hotel/gb/the-dirty-liquor.html?aid=304142&label=gen173nr-10CAQoggJCDXNlYXJjaF9sb25kb25IM1gEaPQBiAEBmAEzuAEXyAEM2AED6AEB-AEBiAIBqAIBuAK-zuvVBsACAdICJGFhMjY4NjU1LWI5MTQtNDIzOC1iY2MxLThkMTc2ZGY1MTZiM9gCAeACAQ&ucfs=1&arphpl=1&checkin=2026-10-13&checkout=2026-10-14&group_adults=2&req_adults=2&no_rooms=1&group_children=0&req_children=0&hpos=19&hapos=623&sr_order=popularity&srpvid=21039c9fdc8c0948&srepoch=1790634102&all_sr_blocks=0_0_2_0_0&highlighted_blocks=0_0_2_0_0&matching_block_id=0_0_2_0_0&sr_pri_blocks=0_0_2_0_0__9716&from=searchresults,The Cherry Rooms,129,2026-10-13,2026-09-29T05:24:17.395788,https://www.booking.com/searchresults.html?ss=London&group_adults=2&no_rooms=1&group_children=0&checkin=2026-10-13&checkout=2026-10-14&selected_currency=USD&chal_t=1790633780949&force_referer=,the-dirty-liquor,Tower Hamlets,London,7.7,Good,441
https://www.booking.com/hotel/gb/1-hotel-mayfair.html?aid=304142&label=gen173nr-10CAQoggJCDXNlYXJjaF9sb25kb25IM1gEaPQBiAEBmAEzuAEXyAEM2AED6AEB-AEBiAIBqAIBuAK-zuvVBsACAdICJGFhMjY4NjU1LWI5MTQtNDIzOC1iY2MxLThkMTc2ZGY1MTZiM9gCAeACAQ&ucfs=1&arphpl=1&checkin=2026-10-13&checkout=2026-10-14&group_adults=2&req_adults=2&no_rooms=1&group_children=0&req_children=0&hpos=20&hapos=624&sr_order=popularity&srpvid=21039c9fdc8c0948&srepoch=1790634102&all_sr_blocks=4589115_91457434_2_2_0_532802&highlighted_blocks=4589115_91457434_2_2_0_532802&matching_block_id=4589115_91457434_2_2_0_532802&sr_pri_blocks=4589115_91457434_2_2_0_532802_82775&from_sustainable_property_sr=1&from=searchresults,1 Hotel Mayfair,1097,2026-10-13,2026-09-29T05:24:17.511722,https://www.booking.com/searchresults.html?ss=London&group_adults=2&no_rooms=1&group_children=0&checkin=2026-10-13&checkout=2026-10-14&selected_currency=USD&chal_t=1790633780949&force_referer=,1-hotel-mayfair,Westminster Borough,London,9.0,Wonderful,1047
https://www.booking.com/hotel/gb/hammersmith-stayz.html?aid=304142&label=gen173nr-10CAQoggJCDXNlYXJjaF9sb25kb25IM1gEaPQBiAEBmAEzuAEXyAEM2AED6AEB-AEBiAIBqAIBuAK-zuvVBsACAdICJGFhMjY4NjU1LWI5MTQtNDIzOC1iY2MxLThkMTc2ZGY1MTZiM9gCAeACAQ&ucfs=1&arphpl=1&checkin=2026-10-13&checkout=2026-10-14&group_adults=2&req_adults=2&no_rooms=1&group_children=0&req_children=0&hpos=1&hapos=625&sr_order=popularity&srpvid=21039c9fdc8c0948&srepoch=1790634124&all_sr_blocks=1595271001_430557371_2_0_0&highlighted_blocks=1595271001_430557371_2_0_0&matching_block_id=1595271001_430557371_2_0_0&sr_pri_blocks=1595271001_430557371_2_0_0__8019&from=searchresults,Hammersmith Stayz,106,2026-10-13,2026-09-29T05:24:17.636837,https://www.booking.com/searchresults.html?ss=London&group_adults=2&no_rooms=1&group_children=0&checkin=2026-10-13&checkout=2026-10-14&selected_currency=USD&chal_t=1790633780949&force_referer=,hammersmith-stayz,Hammersmith and Fulham,London,6.5,Average,106
https://www.booking.com/hotel/gb/euston-budget-apartments-and-rooms.html?aid=304142&label=gen173nr-10CAQoggJCDXNlYXJjaF9sb25kb25IM1gEaPQBiAEBmAEzuAEXyAEM2AED6AEB-AEBiAIBqAIBuAK-zuvVBsACAdICJGFhMjY4NjU1LWI5MTQtNDIzOC1iY2MxLThkMTc2ZGY1MTZiM9gCAeACAQ&ucfs=1&arphpl=1&checkin=2026-10-13&checkout=2026-10-14&group_adults=2&req_adults=2&no_rooms=1&group_children=0&req_children=0&hpos=2&hapos=626&sr_order=popularity&srpvid=21039c9fdc8c0948&srepoch=1790634124&all_sr_blocks=1338086003_429047468_2_0_0&highlighted_blocks=1338086003_429047468_2_0_0&matching_block_id=1338086003_429047468_2_0_0&sr_pri_blocks=1338086003_429047468_2_0_0__4939&from=searchresults,Euston Budget Apartment and Rooms,65,2026-10-13,2026-09-29T05:24:17.756091,https://www.booking.com/searchresults.html?ss=London&group_adults=2&no_rooms=1&group_children=0&checkin=2026-10-13&checkout=2026-10-14&selected_currency=USD&chal_t=1790633780949&force_referer=,euston-budget-apartments-and-rooms,Camden,London,6.0,Average,118
https://www.booking.com/hotel/gb/myplacehotel.html?aid=304142&label=gen173nr-10CAQoggJCDXNlYXJjaF9sb25kb25IM1gEaPQBiAEBmAEzuAEXyAEM2AED6AEB-AEBiAIBqAIBuAK-zuvVBsACAdICJGFhMjY4NjU1LWI5MTQtNDIzOC1iY2MxLThkMTc2ZGY1MTZiM9gCAeACAQ&ucfs=1&arphpl=1&checkin=2026-10-13&checkout=2026-10-14&group_adults=2&req_adults=2&no_rooms=1&group_children=0&req_children=0&hpos=3&hapos=627&sr_order=popularity&srpvid=21039c9fdc8c0948&srepoch=1790634124&all_sr_blocks=11062102_88651878_0_1_0&highlighted_blocks=11062102_88651878_0_1_0&matching_block_id=11062102_88651878_0_1_0&sr_pri_blocks=11062102_88651878_0_1_0__12272&from=searchresults,My Place Hotel,163,2026-10-13,2026-09-29T05:24:17.882570,https://www.booking.com/searchresults.html?ss=London&group_adults=2&no_rooms=1&group_children=0&checkin=2026-10-13&checkout=2026-10-14&selected_currency=USD&chal_t=1790633780949&force_referer=,myplacehotel,Kensington and Chelsea,London,6.3,Average,1052
https://www.booking.com/hotel/gb/2-bedroom-brandnew-bathroom-first-floor-apartment-in-city-of-westminster-north-p.html?aid=304142&label=gen173nr-10CAQoggJCDXNlYXJjaF9sb25kb25IM1gEaPQBiAEBmAEzuAEXyAEM2AED6AEB-AEBiAIBqAIBuAK-zuvVBsACAdICJGFhMjY4NjU1LWI5MTQtNDIzOC1iY2MxLThkMTc2ZGY1MTZiM9gCAeACAQ&ucfs=1&arphpl=1&checkin=2026-10-13&checkout=2026-10-14&group_adults=2&req_adults=2&no_rooms=1&group_children=0&req_children=0&hpos=4&hapos=628&sr_order=popularity&srpvid=21039c9fdc8c0948&srepoch=1790634124&all_sr_blocks=1452358101_416586767_2_0_0&highlighted_blocks=1452358101_416586767_2_0_0&matching_block_id=1452358101_416586767_2_0_0&sr_pri_blocks=1452358101_416586767_2_0_0__14702&from=searchresults,London 2 bedroom Westminster borough apartment with Skysports and Netflix,195,2026-10-13,2026-09-29T05:24:17.987004,https://www.booking.com/searchresults.html?ss=London&group_adults=2&no_rooms=1&group_children=0&checkin=2026-10-13&checkout=2026-10-14&selected_currency=USD&chal_t=1790633780949&force_referer=,2-bedroom-brandnew-bathroom-first-floor-apartment-in-city-of-westminster-north-p,Westminster Borough,London,7.0,Good,55
https://www.booking.com/hotel/gb/imperial-court-studios.html?aid=304142&label=gen173nr-10CAQoggJCDXNlYXJjaF9sb25kb25IM1gEaPQBiAEBmAEzuAEXyAEM2AED6AEB-AEBiAIBqAIBuAK-zuvVBsACAdICJGFhMjY4NjU1LWI5MTQtNDIzOC1iY2MxLThkMTc2ZGY1MTZiM9gCAeACAQ&ucfs=1&arphpl=1&checkin=2026-10-13&checkout=2026-10-14&group_adults=2&req_adults=2&no_rooms=1&group_children=0&req_children=0&hpos=5&hapos=629&sr_order=popularity&srpvid=21039c9fdc8c0948&srepoch=1790634124&all_sr_blocks=137390501_86608997_0_0_0&highlighted_blocks=137390501_86608997_0_0_0&matching_block_id=137390501_86608997_0_0_0&sr_pri_blocks=137390501_86608997_0_0_0__15890&from=searchresults,Imperial Court Studios,211,2026-10-13,2026-09-29T05:24:18.100442,https://www.booking.com/searchresults.html?ss=London&group_adults=2&no_rooms=1&group_children=0&checkin=2026-10-13&checkout=2026-10-14&selected_currency=USD&chal_t=1790633780949&force_referer=,imperial-court-studios,Westminster Borough,London,7.5,Good,507
https://www.booking.com/hotel/gb/1-bedroom-apartment-in-leicester-square.html?aid=304142&label=gen173nr-10CAQoggJCDXNlYXJjaF9sb25kb25IM1gEaPQBiAEBmAEzuAEXyAEM2AED6AEB-AEBiAIBqAIBuAK-zuvVBsACAdICJGFhMjY4NjU1LWI5MTQtNDIzOC1iY2MxLThkMTc2ZGY1MTZiM9gCAeACAQ&ucfs=1&arphpl=1&checkin=2026-10-13&checkout=2026-10-14&group_adults=2&req_adults=2&no_rooms=1&group_children=0&req_children=0&hpos=6&hapos=630&sr_order=popularity&srpvid=21039c9fdc8c0948&srepoch=1790634124&all_sr_blocks=1162933901_388954985_2_0_0&highlighted_blocks=1162933901_388954985_2_0_0&matching_block_id=1162933901_388954985_2_0_0&sr_pri_blocks=1162933901_388954985_2_0_0__19000&from=searchresults,1 bedroom apartment in Leicester Square,252,2026-10-13,2026-09-29T05:24:18.206853,https://www.booking.com/searchresults.html?ss=London&group_adults=2&no_rooms=1&group_children=0&checkin=2026-10-13&checkout=2026-10-14&selected_currency=USD&chal_t=1790633780949&force_referer=,1-bedroom-apartment-in-leicester-square,Westminster Borough,London,7.1,Good,48
https://www.booking.com/hotel/gb/the-green-w7.html?aid=304142&label=gen173nr-10CAQoggJCDXNlYXJjaF9sb25kb25IM1gEaPQBiAEBmAEzuAEXyAEM2AED6AEB-AEBiAIBqAIBuAK-zuvVBsACAdICJGFhMjY4NjU1LWI5MTQtNDIzOC1iY2MxLThkMTc2ZGY1MTZiM9gCAeACAQ&ucfs=1&arphpl=1&checkin=2026-10-13&checkout=2026-10-14&group_adults=2&req_adults=2&no_rooms=1&group_children=0&req_children=0&hpos=7&hapos=631&sr_order=popularity&srpvid=21039c9fdc8c0948&srepoch=1790634124&all_sr_blocks=252031502_332932174_2_1_0&highlighted_blocks=252031502_332932174_2_1_0&matching_block_id=252031502_332932174_2_1_0&sr_pri_blocks=252031502_332932174_2_1_0__10800&from=searchresults,The Green W7,143,2026-10-13,2026-09-29T05:24:18.299973,https://www.booking.com/searchresults.html?ss=London&group_adults=2&no_rooms=1&group_children=0&checkin=2026-10-13&checkout=2026-10-14&selected_currency=USD&chal_t=1790633780949&force_referer=,the-green-w7,Ealing,London,8.8,Excellent,873
https://www.booking.com/hotel/gb/hyde-park.html?aid=304142&label=gen173nr-10CAQoggJCDXNlYXJjaF9sb25kb25IM1gEaPQBiAEBmAEzuAEXyAEM2AED6AEB-AEBiAIBqAIBuAK-zuvVBsACAdICJGFhMjY4NjU1LWI5MTQtNDIzOC1iY2MxLThkMTc2ZGY1MTZiM9gCAeACAQ&ucfs=1&arphpl=1&checkin=2026-10-13&checkout=2026-10-14&group_adults=2&req_adults=2&no_rooms=1&group_children=0&req_children=0&hpos=8&hapos=632&sr_order=popularity&srpvid=21039c9fdc8c0948&srepoch=1790634124&all_sr_blocks=3608201_95158427_0_0_0_1110814&highlighted_blocks=3608201_95158427_0_0_0_1110814&matching_block_id=3608201_95158427_0_0_0_1110814&sr_pri_blocks=3608201_95158427_0_0_0_1110814_13425&from=searchresults,The Royale Chulan Hyde Park Hotel,178,2026-10-13,2026-09-29T05:24:18.420275,https://www.booking.com/searchresults.html?ss=London&group_adults=2&no_rooms=1&group_children=0&checkin=2026-10-13&checkout=2026-10-14&selected_currency=USD&chal_t=1790633780949&force_referer=,hyde-park,Westminster Borough,London,7.7,Good,3765
https://www.booking.com/hotel/gb/montagueredcarnations.html?aid=304142&label=gen173nr-10CAQoggJCDXNlYXJjaF9sb25kb25IM1gEaPQBiAEBmAEzuAEXyAEM2AED6AEB-AEBiAIBqAIBuAK-zuvVBsACAdICJGFhMjY4NjU1LWI5MTQtNDIzOC1iY2MxLThkMTc2ZGY1MTZiM9gCAeACAQ&ucfs=1&arphpl=1&checkin=2026-10-13&checkout=2026-10-14&group_adults=2&req_adults=2&no_rooms=1&group_children=0&req_children=0&hpos=9&hapos=633&sr_order=popularity&srpvid=21039c9fdc8c0948&srepoch=1790634124&all_sr_blocks=11761233_91464134_2_2_0&highlighted_blocks=11761233_91464134_2_2_0&matching_block_id=11761233_91464134_2_2_0&sr_pri_blocks=11761233_91464134_2_2_0__69660&from_sustainable_property_sr=1&from=searchresults,The Montague On The Gardens,923,2026-10-13,2026-09-29T05:24:18.541002,https://www.booking.com/searchresults.html?ss=London&group_adults=2&no_rooms=1&group_children=0&checkin=2026-10-13&checkout=2026-10-14&selected_currency=USD&chal_t=1790633780949&force_referer=,montagueredcarnations,Camden,London,9.1,Wonderful,1624
https://www.booking.com/hotel/gb/hyde-park-radnor-london.html?aid=304142&label=gen173nr-10CAQoggJCDXNlYXJjaF9sb25kb25IM1gEaPQBiAEBmAEzuAEXyAEM2AED6AEB-AEBiAIBqAIBuAK-zuvVBsACAdICJGFhMjY4NjU1LWI5MTQtNDIzOC1iY2MxLThkMTc2ZGY1MTZiM9gCAeACAQ&ucfs=1&arphpl=1&checkin=2026-10-13&checkout=2026-10-14&group_adults=2&req_adults=2&no_rooms=1&group_children=0&req_children=0&hpos=10&hapos=634&sr_order=popularity&srpvid=21039c9fdc8c0948&srepoch=1790634124&all_sr_blocks=119053102_287637805_0_1_0_845090&highlighted_blocks=119053102_287637805_0_1_0_845090&matching_block_id=119053102_287637805_0_1_0_845090&sr_pri_blocks=119053102_287637805_0_1_0_845090_22027&from=searchresults,Hyde Park Radnor Hotel B&B,292,2026-10-13,2026-09-29T05:24:18.640941,https://www.booking.com/searchresults.html?ss=London&group_adults=2&no_rooms=1&group_children=0&checkin=2026-10-13&checkout=2026-10-14&selected_currency=USD&chal_t=1790633780949&force_referer=,hyde-park-radnor-london,Westminster Borough,London,7.9,Good,2494
https://www.booking.com/hotel/gb/flat-in-blue-plaque-building.html?aid=304142&label=gen173nr-10CAQoggJCDXNlYXJjaF9sb25kb25IM1gEaPQBiAEBmAEzuAEXyAEM2AED6AEB-AEBiAIBqAIBuAK-zuvVBsACAdICJGFhMjY4NjU1LWI5MTQtNDIzOC1iY2MxLThkMTc2ZGY1MTZiM9gCAeACAQ&ucfs=1&arphpl=1&checkin=2026-10-13&checkout=2026-10-14&group_adults=2&req_adults=2&no_rooms=1&group_children=0&req_children=0&hpos=11&hapos=635&sr_order=popularity&srpvid=21039c9fdc8c0948&srepoch=1790634124&all_sr_blocks=1111281801_384097594_2_0_0&highlighted_blocks=1111281801_384097594_2_0_0&matching_block_id=1111281801_384097594_2_0_0&sr_pri_blocks=1111281801_384097594_2_0_0__8576&from=searchresults,Flat in blue plaque building,114,2026-10-13,2026-09-29T05:24:18.766032,https://www.booking.com/searchresults.html?ss=London&group_adults=2&no_rooms=1&group_children=0&checkin=2026-10-13&checkout=2026-10-14&selected_currency=USD&chal_t=1790633780949&force_referer=,flat-in-blue-plaque-building,Brent,London,8.9,Excellent,104
https://www.booking.com/hotel/gb/exquisite-home-amp-living.html?aid=304142&label=gen173nr-10CAQoggJCDXNlYXJjaF9sb25kb25IM1gEaPQBiAEBmAEzuAEXyAEM2AED6AEB-AEBiAIBqAIBuAK-zuvVBsACAdICJGFhMjY4NjU1LWI5MTQtNDIzOC1iY2MxLThkMTc2ZGY1MTZiM9gCAeACAQ&ucfs=1&arphpl=1&checkin=2026-10-13&checkout=2026-10-14&group_adults=2&req_adults=2&no_rooms=1&group_children=0&req_children=0&hpos=12&hapos=636&sr_order=popularity&srpvid=21039c9fdc8c0948&srepoch=1790634124&all_sr_blocks=1716478301_443785966_2_0_0&highlighted_blocks=1716478301_443785966_2_0_0&matching_block_id=1716478301_443785966_2_0_0&sr_pri_blocks=1716478301_443785966_2_0_0__20625&from=searchresults,2Bedroom Exquisite Home & Living In The Heart Of London South-Bermondsey,273,2026-10-13,2026-09-29T05:24:18.879677,https://www.booking.com/searchresults.html?ss=London&group_adults=2&no_rooms=1&group_children=0&checkin=2026-10-13&checkout=2026-10-14&selected_currency=USD&chal_t=1790633780949&force_referer=,exquisite-home-amp-living,Southwark,London,10.0,Exceptional,1
https://www.booking.com/hotel/gb/holiday-inn-london-west.html?aid=304142&label=gen173nr-10CAQoggJCDXNlYXJjaF9sb25kb25IM1gEaPQBiAEBmAEzuAEXyAEM2AED6AEB-AEBiAIBqAIBuAK-zuvVBsACAdICJGFhMjY4NjU1LWI5MTQtNDIzOC1iY2MxLThkMTc2ZGY1MTZiM9gCAeACAQ&ucfs=1&arphpl=1&checkin=2026-10-13&checkout=2026-10-14&group_adults=2&req_adults=2&no_rooms=1&group_children=0&req_children=0&hpos=13&hapos=637&sr_order=popularity&srpvid=21039c9fdc8c0948&srepoch=1790634124&all_sr_blocks=22249522_94352492_2_2_0&highlighted_blocks=22249522_94352492_2_2_0&matching_block_id=22249522_94352492_2_2_0&sr_pri_blocks=22249522_94352492_2_2_0__21500&from_sustainable_property_sr=1&from=searchresults,Holiday Inn London West by IHG,285,2026-10-13,2026-09-29T05:24:19.001841,https://www.booking.com/searchresults.html?ss=London&group_adults=2&no_rooms=1&group_children=0&checkin=2026-10-13&checkout=2026-10-14&selected_currency=USD&chal_t=1790633780949&force_referer=,holiday-inn-london-west,Ealing,London,8.2,Very Good,2583
https://www.booking.com/hotel/gb/wolfs-pub-amp-guest-house.html?aid=304142&label=gen173nr-10CAQoggJCDXNlYXJjaF9sb25kb25IM1gEaPQBiAEBmAEzuAEXyAEM2AED6AEB-AEBiAIBqAIBuAK-zuvVBsACAdICJGFhMjY4NjU1LWI5MTQtNDIzOC1iY2MxLThkMTc2ZGY1MTZiM9gCAeACAQ&ucfs=1&arphpl=1&checkin=2026-10-13&checkout=2026-10-14&group_adults=2&req_adults=2&no_rooms=1&group_children=0&req_children=0&hpos=14&hapos=638&sr_order=popularity&srpvid=21039c9fdc8c0948&srepoch=1790634124&all_sr_blocks=1349583706_407408426_2_2_0&highlighted_blocks=1349583706_407408426_2_2_0&matching_block_id=1349583706_407408426_2_2_0&sr_pri_blocks=1349583706_407408426_2_2_0__10350&from=searchresults,The Wolfs Tavern,137,2026-10-13,2026-09-29T05:24:19.099890,https://www.booking.com/searchresults.html?ss=London&group_adults=2&no_rooms=1&group_children=0&checkin=2026-10-13&checkout=2026-10-14&selected_currency=USD&chal_t=1790633780949&force_referer=,wolfs-pub-amp-guest-house,Lewisham,London,7.6,Good,210
https://www.booking.com/hotel/gb/south-place.html?aid=304142&label=gen173nr-10CAQoggJCDXNlYXJjaF9sb25kb25IM1gEaPQBiAEBmAEzuAEXyAEM2AED6AEB-AEBiAIBqAIBuAK-zuvVBsACAdICJGFhMjY4NjU1LWI5MTQtNDIzOC1iY2MxLThkMTc2ZGY1MTZiM9gCAeACAQ&ucfs=1&arphpl=1&checkin=2026-10-13&checkout=2026-10-14&group_adults=2&req_adults=2&no_rooms=1&group_children=0&req_children=0&hpos=15&hapos=639&sr_order=popularity&srpvid=21039c9fdc8c0948&srepoch=1790634124&all_sr_blocks=42543702_0_2_0_0&highlighted_blocks=42543702_0_2_0_0&matching_block_id=42543702_0_2_0_0&sr_pri_blocks=42543702_0_2_0_0__54263&from=searchresults,South Place Hotel,719,2026-10-13,2026-09-29T05:24:19.217543,https://www.booking.com/searchresults.html?ss=London&group_adults=2&no_rooms=1&group_children=0&checkin=2026-10-13&checkout=2026-10-14&selected_currency=USD&chal_t=1790633780949&force_referer=,south-place,Islington,London,8.8,Excellent,319
https://www.booking.com/hotel/gb/stratford-park-inn.html?aid=304142&label=gen173nr-10CAQoggJCDXNlYXJjaF9sb25kb25IM1gEaPQBiAEBmAEzuAEXyAEM2AED6AEB-AEBiAIBqAIBuAK-zuvVBsACAdICJGFhMjY4NjU1LWI5MTQtNDIzOC1iY2MxLThkMTc2ZGY1MTZiM9gCAeACAQ&ucfs=1&arphpl=1&checkin=2026-10-13&checkout=2026-10-14&group_adults=2&req_adults=2&no_rooms=1&group_children=0&req_children=0&hpos=16&hapos=640&sr_order=popularity&srpvid=21039c9fdc8c0948&srepoch=1790634124&all_sr_blocks=1391510806_411122749_2_0_0&highlighted_blocks=1391510806_411122749_2_0_0&matching_block_id=1391510806_411122749_2_0_0&sr_pri_blocks=1391510806_411122749_2_0_0__13000&from=searchresults,Stratford Park Inn,172,2026-10-13,2026-09-29T05:24:19.312415,https://www.booking.com/searchresults.html?ss=London&group_adults=2&no_rooms=1&group_children=0&checkin=2026-10-13&checkout=2026-10-14&selected_currency=USD&chal_t=1790633780949&force_referer=,stratford-park-inn,Newham,London,6.8,Average,377
https://www.booking.com/hotel/gb/central-london-2bed-apa-waterloo.html?aid=304142&label=gen173nr-10CAQoggJCDXNlYXJjaF9sb25kb25IM1gEaPQBiAEBmAEzuAEXyAEM2AED6AEB-AEBiAIBqAIBuAK-zuvVBsACAdICJGFhMjY4NjU1LWI5MTQtNDIzOC1iY2MxLThkMTc2ZGY1MTZiM9gCAeACAQ&ucfs=1&arphpl=1&checkin=2026-10-13&checkout=2026-10-14&group_adults=2&req_adults=2&no_rooms=1&group_children=0&req_children=0&hpos=17&hapos=641&sr_order=popularity&srpvid=21039c9fdc8c0948&srepoch=1790634124&all_sr_blocks=1442072501_415637302_2_0_0&highlighted_blocks=1442072501_415637302_2_0_0&matching_block_id=1442072501_415637302_2_0_0&sr_pri_blocks=1442072501_415637302_2_0_0__16554&from=searchresults,Central London 2bed Apa Waterloo,219,2026-10-13,2026-09-29T05:24:19.436409,https://www.booking.com/searchresults.html?ss=London&group_adults=2&no_rooms=1&group_children=0&checkin=2026-10-13&checkout=2026-10-14&selected_currency=USD&chal_t=1790633780949&force_referer=,central-london-2bed-apa-waterloo,Southwark,London,6.9,Average,29
https://www.booking.com/hotel/gb/lovely-studio-apartment-in-london-greater-london.html?aid=304142&label=gen173nr-10CAQoggJCDXNlYXJjaF9sb25kb25IM1gEaPQBiAEBmAEzuAEXyAEM2AED6AEB-AEBiAIBqAIBuAK-zuvVBsACAdICJGFhMjY4NjU1LWI5MTQtNDIzOC1iY2MxLThkMTc2ZGY1MTZiM9gCAeACAQ&ucfs=1&arphpl=1&checkin=2026-10-13&checkout=2026-10-14&group_adults=2&req_adults=2&no_rooms=1&group_children=0&req_children=0&hpos=18&hapos=642&sr_order=popularity&srpvid=21039c9fdc8c0948&srepoch=1790634124&all_sr_blocks=958277201_385917896_2_0_0&highlighted_blocks=958277201_385917896_2_0_0&matching_block_id=958277201_385917896_2_0_0&sr_pri_blocks=958277201_385917896_2_0_0__6249&from=searchresults,Stylish Studio In London,83,2026-10-13,2026-09-29T05:24:19.538752,https://www.booking.com/searchresults.html?ss=London&group_adults=2&no_rooms=1&group_children=0&checkin=2026-10-13&checkout=2026-10-14&selected_currency=USD&chal_t=1790633780949&force_referer=,lovely-studio-apartment-in-london-greater-london,Islington,London,7.1,Good,43
https://www.booking.com/hotel/gb/luxury-central-london-1br-pimlico-station-1-min-walk.html?aid=304142&label=gen173nr-10CAQoggJCDXNlYXJjaF9sb25kb25IM1gEaPQBiAEBmAEzuAEXyAEM2AED6AEB-AEBiAIBqAIBuAK-zuvVBsACAdICJGFhMjY4NjU1LWI5MTQtNDIzOC1iY2MxLThkMTc2ZGY1MTZiM9gCAeACAQ&ucfs=1&arphpl=1&checkin=2026-10-13&checkout=2026-10-14&group_adults=2&req_adults=2&no_rooms=1&group_children=0&req_children=0&hpos=19&hapos=643&sr_order=popularity&srpvid=21039c9fdc8c0948&srepoch=1790634124&all_sr_blocks=1652014801_437193025_5_0_0&highlighted_blocks=1652014801_437193025_5_0_0&matching_block_id=1652014801_437193025_5_0_0&sr_pri_blocks=1652014801_437193025_5_0_0__19511&from=searchresults,"Luxury Central London 1BR, Pimlico Station, 1 Min walk",259,2026-10-13,2026-09-29T05:24:19.648188,https://www.booking.com/searchresults.html?ss=London&group_adults=2&no_rooms=1&group_children=0&checkin=2026-10-13&checkout=2026-10-14&selected_currency=USD&chal_t=1790633780949&force_referer=,luxury-central-london-1br-pimlico-station-1-min-walk,Westminster Borough,London,7.4,Good,12
